symbol,side,entry_time,entry_price,sl,tp,reason,exit_time,exit_price,exit_reason,gross_pnl,costs,net_pnl,hold_minutes,month
BANKNIFTY,SHORT,2026-03-30 15:02:00,50259.8,50366.06367042989,49994.14082392529,ARMED_STOP,2026-03-30 15:16:00,50313.85,SESSION_END,-1621.499999999869,601.5588,-2223.058799999869,14.0,2026-03
GOLD,LONG,2026-04-01 20:27:00,129465.0,129384.9999999996,129705.00000000118,SHA_FLIP,2026-04-02 09:23:00,129682.0,SESSION_END,21700.0,5578.6,16121.4,776.0,2026-04
BANKNIFTY,LONG,2026-04-02 14:32:00,51313.1,51215.196114653685,51557.85971336578,ARMED_STOP,2026-04-02 14:37:00,51215.196114653685,STOP_LOSS,-2937.116560389404,607.8786,-3544.995160389404,5.0,2026-04
BANKNIFTY,LONG,2026-04-02 15:00:00,51283.6,51216.754842247086,51450.712894382275,ARMED_STOP,2026-04-02 15:04:00,51450.712894382275,TAKE_PROFIT,5013.386831468306,607.7016000000001,4405.685231468306,4.0,2026-04
GOLD,LONG,2026-04-02 22:42:00,128168.0,127734.4,129468.80000000002,SHA_FLIP,2026-04-02 22:43:00,127734.4,STOP_LOSS,-43360.00000000058,5526.72,-48886.72000000058,1.0,2026-04
GOLD,LONG,2026-04-06 19:11:00,127579.0,127563.2,127626.40000000001,SHA_FLIP,2026-04-08 09:01:00,129001.0,SESSION_END,142200.0,5503.16,136696.84,2270.0,2026-04
GOLD,SHORT,2026-04-08 21:45:00,128000.0,128119.6,127641.19999999998,SHA_FLIP,2026-04-08 21:52:00,128119.6,STOP_LOSS,-11960.000000000582,5520.0,-17480.000000000582,7.0,2026-04
GOLD,SHORT,2026-04-08 23:01:00,128004.0,128040.4041777314,127894.7874668058,SHA_FLIP,2026-04-09 09:13:00,127392.0,SESSION_END,61200.0,5520.16,55679.84,612.0,2026-04
GOLD,LONG,2026-04-09 22:17:00,128900.0,128680.0,129560.0,SHA_FLIP,2026-04-09 22:22:00,128680.0,STOP_LOSS,-22000.0,5556.0,-27556.0,5.0,2026-04
GOLD,SHORT,2026-04-09 22:24:00,127500.0,127791.10664100229,126626.68007699313,SHA_FLIP,2026-04-09 23:00:00,127791.10664100229,STOP_LOSS,-29110.66410022904,5500.0,-34610.66410022904,36.0,2026-04
GOLD,LONG,2026-04-09 23:00:00,128500.0,128298.31450499377,129105.05648501868,SHA_FLIP,2026-04-10 09:24:00,128445.0,SESSION_END,-5500.0,5540.0,-11040.0,624.0,2026-04
GOLD,LONG,2026-04-10 21:30:00,128400.0,128340.0,128580.0,SHA_FLIP,2026-04-13 11:39:00,128500.0,SESSION_END,10000.0,5536.0,4464.0,3729.0,2026-04
GOLD,SHORT,2026-04-13 18:00:00,127556.0,127647.80000020479,127280.59999938562,SHA_FLIP,2026-04-13 22:22:00,127647.80000020479,STOP_LOSS,-9180.000020479201,5502.240000000001,-14682.240020479203,262.0,2026-04
GOLD,LONG,2026-04-13 22:22:00,128421.0,128248.0,128940.0,SHA_FLIP,2026-04-13 23:05:00,128248.0,STOP_LOSS,-17300.0,5536.84,-22836.84,43.0,2026-04
GOLD,SHORT,2026-04-13 23:05:00,128148.0,128202.96786300393,127983.09641098822,SHA_FLIP,2026-04-14 19:18:00,128202.96786300393,STOP_LOSS,-5496.786300392705,5525.92,-11022.706300392705,1213.0,2026-04
GOLD,LONG,2026-04-14 19:18:00,130135.0,129736.06392937356,131331.80821187934,SHA_FLIP,2026-04-14 20:36:00,129736.06392937356,STOP_LOSS,-39893.60706264415,5605.400000000001,-45499.00706264415,78.0,2026-04
GOLD,SHORT,2026-04-14 20:36:00,129165.0,129359.00566717442,128582.98299847673,SHA_FLIP,2026-04-14 22:04:00,129359.00566717442,STOP_LOSS,-19400.566717442416,5566.6,-24967.166717442415,88.0,2026-04
GOLD,LONG,2026-04-14 22:04:00,130250.0,130008.99873681283,130973.0037895615,SHA_FLIP,2026-04-14 22:37:00,130008.99873681283,STOP_LOSS,-24100.126318716502,5610.0,-29710.126318716502,33.0,2026-04
GOLD,LONG,2026-04-14 23:04:00,130121.0,129977.22395333042,130552.32814000873,SHA_FLIP,2026-04-15 09:03:00,130099.0,SESSION_END,-2200.0,5604.84,-7804.84,599.0,2026-04
GOLD,SHORT,2026-04-15 18:53:00,129454.0,129506.0,129298.0,SHA_FLIP,2026-04-15 20:08:00,129506.0,STOP_LOSS,-5200.0,5578.16,-10778.16,75.0,2026-04
GOLD,LONG,2026-04-15 20:08:00,129859.0,129777.99886522349,130102.00340432953,SHA_FLIP,2026-04-15 22:03:00,129777.99886522349,STOP_LOSS,-8100.11347765103,5594.360000000001,-13694.47347765103,115.0,2026-04
GOLD,SHORT,2026-04-15 22:03:00,129353.0,129454.20000577407,129049.3999826778,SHA_FLIP,2026-04-15 22:16:00,129454.20000577407,STOP_LOSS,-10120.000577406608,5574.12,-15694.120577406607,13.0,2026-04
GOLD,SHORT,2026-04-15 23:03:00,129361.0,129392.8589609668,129265.4231170996,SHA_FLIP,2026-04-16 09:06:00,129848.0,SESSION_END,-48700.0,5574.4400000000005,-54274.44,603.0,2026-04
GOLD,SHORT,2026-04-16 23:12:00,129792.0,129795.4,129781.80000000002,SHA_FLIP,2026-04-16 23:21:00,129781.80000000002,TAKE_PROFIT,1019.9999999982538,5591.68,-4571.6800000017465,9.0,2026-04
GOLD,SHORT,2026-04-17 23:29:00,129500.0,129606.60000000003,129180.1999999999,SHA_FLIP,2026-04-20 09:23:00,129454.0,SESSION_END,4600.0,5580.0,-980.0,3474.0,2026-04
GOLD,LONG,2026-04-20 20:59:00,130000.0,129882.2,130353.40000000001,SHA_FLIP,2026-04-20 22:56:00,129882.2,STOP_LOSS,-11780.000000000291,5600.0,-17380.00000000029,117.0,2026-04
GOLD,SHORT,2026-04-20 22:56:00,129617.0,129734.19114510973,129265.42656467082,SHA_FLIP,2026-04-21 11:47:00,129611.0,SESSION_END,600.0,5584.68,-4984.68,771.0,2026-04
BANKNIFTY,LONG,2026-04-21 15:11:00,57414.3,57372.34153303836,57519.196167404116,ARMED_STOP,2026-04-21 15:15:00,57372.34153303836,STOP_LOSS,-1258.7540088493552,644.4858,-1903.239808849355,4.0,2026-04
GOLD,SHORT,2026-04-21 20:39:00,128901.0,129026.8,128523.59999999999,SHA_FLIP,2026-04-21 22:42:00,128523.59999999999,TAKE_PROFIT,37740.00000000087,5556.04,32183.960000000872,123.0,2026-04
GOLD,SHORT,2026-04-22 18:26:00,128696.0,128736.00000000109,128575.99999999673,SHA_FLIP,2026-04-22 18:45:00,128736.00000000109,STOP_LOSS,-4000.0000001091394,5547.84,-9547.84000010914,19.0,2026-04
GOLD,SHORT,2026-04-22 20:37:00,128676.0,128695.40000197524,128617.79999407427,SHA_FLIP,2026-04-23 17:52:00,128695.40000197524,STOP_LOSS,-1940.0001975242049,5547.04,-7487.040197524205,1275.0,2026-04
GOLD,LONG,2026-04-23 17:52:00,128801.0,128775.99999999971,128876.00000000087,SHA_FLIP,2026-04-23 20:38:00,128775.99999999971,STOP_LOSS,-2500.000000029104,5552.04,-8052.040000029104,166.0,2026-04
GOLD,SHORT,2026-04-23 20:38:00,128750.0,128806.21333333342,128581.35999999974,SHA_FLIP,2026-04-23 21:40:00,128581.35999999974,TAKE_PROFIT,16864.000000026135,5550.0,11314.000000026135,62.0,2026-04
GOLD,SHORT,2026-04-27 18:56:00,128155.0,128203.8,128008.59999999999,SHA_FLIP,2026-04-27 20:33:00,128008.59999999999,TAKE_PROFIT,14640.000000000873,5526.2,9113.800000000872,97.0,2026-04
GOLD,SHORT,2026-04-27 22:39:00,127665.0,127686.95500284193,127599.1349914742,SHA_FLIP,2026-04-27 22:50:00,127686.95500284193,STOP_LOSS,-2195.5002841932583,5506.6,-7702.100284193259,11.0,2026-04
GOLD,SHORT,2026-04-27 22:57:00,127484.0,127644.27484291392,127003.17547125825,SHA_FLIP,2026-04-28 11:10:00,127011.0,SESSION_END,47300.0,5499.360000000001,41800.64,733.0,2026-04
GOLD,SHORT,2026-04-28 19:50:00,126073.0,126182.82624180485,125743.52127458544,SHA_FLIP,2026-04-28 22:45:00,126182.82624180485,STOP_LOSS,-10982.624180485436,5442.92,-16425.544180485434,175.0,2026-04
GOLD,LONG,2026-04-28 22:45:00,126681.0,126531.59999999737,127129.20000000788,SHA_FLIP,2026-04-28 22:58:00,126531.59999999737,STOP_LOSS,-14940.000000262808,5467.240000000001,-20407.24000026281,13.0,2026-04
GOLD,LONG,2026-04-28 23:06:00,126965.0,126821.20490928927,127396.38527213219,SHA_FLIP,2026-04-28 23:07:00,126821.20490928927,STOP_LOSS,-14379.509071072971,5478.6,-19858.10907107297,1.0,2026-04
BANKNIFTY,SHORT,2026-04-29 14:30:00,55487.1,55577.23051842369,55261.773703940766,ARMED_STOP,2026-04-29 14:39:00,55577.23051842369,STOP_LOSS,-2703.9155527107505,632.9226,-3336.8381527107504,9.0,2026-04
GOLD,SHORT,2026-04-29 18:25:00,125585.0,125653.8,125378.59999999999,SHA_FLIP,2026-04-29 19:00:00,125378.59999999999,TAKE_PROFIT,20640.000000000873,5423.400000000001,15216.600000000872,35.0,2026-04
GOLD,LONG,2026-04-29 23:02:00,125689.0,125624.6,125882.19999999998,SHA_FLIP,2026-04-29 23:04:00,125624.6,STOP_LOSS,-6439.999999999418,5427.56,-11867.55999999942,2.0,2026-04
GOLD,LONG,2026-04-30 19:04:00,127347.0,127344.99999884982,127353.00000345055,SHA_FLIP,2026-04-30 19:17:00,127344.99999884982,STOP_LOSS,-200.00011501833797,5493.88,-5693.880115018338,13.0,2026-04
GOLD,SHORT,2026-04-30 19:17:00,127150.0,127189.71124863658,127030.86625409026,SHA_FLIP,2026-04-30 19:28:00,127189.71124863658,STOP_LOSS,-3971.124863658042,5486.0,-9457.124863658042,11.0,2026-04
GOLD,SHORT,2026-04-30 19:45:00,127075.0,127107.36889659015,126977.89331022954,SHA_FLIP,2026-04-30 20:49:00,127107.36889659015,STOP_LOSS,-3236.889659015287,5483.0,-8719.889659015287,64.0,2026-04
GOLD,LONG,2026-04-30 20:49:00,127222.0,127192.59659072635,127310.21022782096,SHA_FLIP,2026-04-30 22:13:00,127192.59659072635,STOP_LOSS,-2940.340927365469,5488.88,-8429.22092736547,84.0,2026-04
GOLD,SHORT,2026-04-30 22:13:00,126968.0,127032.45884366677,126774.62346899969,SHA_FLIP,2026-05-01 17:05:00,126699.0,SESSION_END,26900.0,5478.72,21421.28,1132.0,2026-05
GOLD,LONG,2026-05-01 19:12:00,127389.0,127364.18809599924,127463.43571200228,SHA_FLIP,2026-05-01 19:27:00,127463.43571200228,TAKE_PROFIT,7443.571200227598,5495.56,1948.0112002275973,15.0,2026-05
GOLD,SHORT,2026-05-01 20:04:00,127607.0,127667.5298620533,127425.4104138401,SHA_FLIP,2026-05-01 20:08:00,127667.5298620533,STOP_LOSS,-6052.986205329944,5504.280000000001,-11557.266205329945,4.0,2026-05
GOLD,SHORT,2026-05-01 20:36:00,127500.0,127542.86889287981,127371.39332136058,SHA_FLIP,2026-05-01 22:26:00,127542.86889287981,STOP_LOSS,-4286.889287980739,5500.0,-9786.889287980739,110.0,2026-05
GOLD,LONG,2026-05-01 22:26:00,127749.0,127699.19999375011,127898.40001874967,SHA_FLIP,2026-05-01 22:30:00,127898.40001874967,TAKE_PROFIT,14940.001874967129,5509.96,9430.04187496713,4.0,2026-05
GOLD,LONG,2026-05-04 17:48:00,127000.0,126907.41264547693,127277.76206356921,SHA_FLIP,2026-05-04 19:38:00,126907.41264547693,STOP_LOSS,-9258.735452307155,5480.0,-14738.735452307155,110.0,2026-05
GOLD,SHORT,2026-05-04 19:38:00,126804.0,126843.20001349838,126686.39995950485,SHA_FLIP,2026-05-04 20:06:00,126843.20001349838,STOP_LOSS,-3920.001349838276,5472.16,-9392.161349838276,28.0,2026-05
GOLD,SHORT,2026-05-04 21:20:00,126291.0,126393.93793530135,125982.18619409595,SHA_FLIP,2026-05-04 22:13:00,126393.93793530135,STOP_LOSS,-10293.793530135008,5451.64,-15745.433530135007,53.0,2026-05
GOLD,LONG,2026-05-04 22:13:00,126560.0,126475.02597693267,126814.922069202,SHA_FLIP,2026-05-04 22:22:00,126475.02597693267,STOP_LOSS,-8497.40230673342,5462.400000000001,-13959.802306733422,9.0,2026-05
GOLD,LONG,2026-05-04 22:57:00,126800.0,126704.75695221675,127085.72914334976,SHA_FLIP,2026-05-04 23:01:00,126704.75695221675,STOP_LOSS,-9524.304778325313,5472.0,-14996.304778325313,4.0,2026-05
GOLD,LONG,2026-05-05 17:36:00,126631.0,126581.99892999005,126778.00321002986,SHA_FLIP,2026-05-05 17:54:00,126778.00321002986,TAKE_PROFIT,14700.321002985584,5465.240000000001,9235.081002985582,18.0,2026-05
GOLD,LONG,2026-05-05 18:24:00,126779.0,126753.76649311144,126854.70052066568,SHA_FLIP,2026-05-05 18:28:00,126753.76649311144,STOP_LOSS,-2523.3506888558622,5471.16,-7994.510688855862,4.0,2026-05
GOLD,SHORT,2026-05-05 18:28:00,126680.0,126714.03593462211,126577.89219613367,SHA_FLIP,2026-05-05 18:32:00,126714.03593462211,STOP_LOSS,-3403.593462210847,5467.2,-8870.793462210848,4.0,2026-05
GOLD,LONG,2026-05-05 18:34:00,126853.0,126807.7549558907,126988.73513232789,SHA_FLIP,2026-05-05 19:48:00,126807.7549558907,STOP_LOSS,-4524.504410929512,5474.12,-9998.624410929511,74.0,2026-05
GOLD,SHORT,2026-05-05 19:48:00,126662.0,126705.60138028095,126531.19585915716,SHA_FLIP,2026-05-05 20:58:00,126705.60138028095,STOP_LOSS,-4360.138028094661,5466.4800000000005,-9826.618028094661,70.0,2026-05
GOLD,LONG,2026-05-05 20:58:00,126766.0,126745.19805398239,126828.40583805284,SHA_FLIP,2026-05-05 21:33:00,126745.19805398239,STOP_LOSS,-2080.194601761468,5470.64,-7550.834601761469,35.0,2026-05
GOLD,SHORT,2026-05-05 21:33:00,126665.0,126681.631003797,126615.10698860901,SHA_FLIP,2026-05-05 22:25:00,126615.10698860901,TAKE_PROFIT,4989.301139098825,5466.6,-477.29886090117543,52.0,2026-05
GOLD,SHORT,2026-05-05 23:13:00,126335.0,126402.30041028367,126133.09876914899,SHA_FLIP,2026-05-06 09:00:00,127547.0,SESSION_END,-121200.0,5453.400000000001,-126653.4,587.0,2026-05
GOLD,SHORT,2026-05-06 20:11:00,127902.0,127938.26142094124,127793.21573717627,SHA_FLIP,2026-05-06 20:24:00,127793.21573717627,TAKE_PROFIT,10878.426282372675,5516.08,5362.346282372675,13.0,2026-05
GOLD,SHORT,2026-05-06 22:17:00,127646.0,127654.4072136459,127620.7783590623,SHA_FLIP,2026-05-06 22:18:00,127654.4072136459,STOP_LOSS,-840.7213645899901,5505.84,-6346.56136458999,1.0,2026-05
GOLD,LONG,2026-05-06 22:57:00,127802.0,127762.82940474829,127919.51178575512,SHA_FLIP,2026-05-06 23:03:00,127762.82940474829,STOP_LOSS,-3917.059525170771,5512.08,-9429.13952517077,6.0,2026-05
GOLD,LONG,2026-05-06 23:08:00,127870.0,127792.41470151873,128102.7558954438,SHA_FLIP,2026-05-06 23:12:00,127792.41470151873,STOP_LOSS,-7758.529848126636,5514.8,-13273.329848126636,4.0,2026-05
GOLD,SHORT,2026-05-07 18:43:00,128310.0,128366.76445170221,128139.70664489336,SHA_FLIP,2026-05-07 19:03:00,128366.76445170221,STOP_LOSS,-5676.445170221268,5532.400000000001,-11208.84517022127,20.0,2026-05
GOLD,SHORT,2026-05-07 19:31:00,128324.0,128380.31409992115,128155.05770023656,SHA_FLIP,2026-05-07 19:34:00,128380.31409992115,STOP_LOSS,-5631.409992114641,5532.96,-11164.36999211464,3.0,2026-05
GOLD,SHORT,2026-05-07 21:31:00,128210.0,128291.40134651048,127965.79596046856,SHA_FLIP,2026-05-08 09:02:00,128180.0,SESSION_END,3000.0,5528.400000000001,-2528.4000000000005,691.0,2026-05
BANKNIFTY,SHORT,2026-05-08 14:12:00,55151.75,55235.7366230579,54941.783442355256,ARMED_STOP,2026-05-08 14:30:00,55235.7366230579,STOP_LOSS,-2519.5986917369737,630.9105,-3150.5091917369737,18.0,2026-05
GOLD,LONG,2026-05-08 18:27:00,128253.0,128222.39999999735,128344.80000000796,SHA_FLIP,2026-05-08 19:02:00,128344.80000000796,TAKE_PROFIT,9180.00000079628,5530.12,3649.880000796281,35.0,2026-05
GOLD,SHORT,2026-05-08 19:35:00,128318.0,128355.38179602673,128205.8546119198,SHA_FLIP,2026-05-08 20:00:00,128205.8546119198,TAKE_PROFIT,11214.538808020006,5532.72,5681.818808020006,25.0,2026-05
GOLD,SHORT,2026-05-08 22:01:00,127986.0,128035.8387367461,127836.48378976171,SHA_FLIP,2026-05-11 09:02:00,127669.0,SESSION_END,31700.0,5519.4400000000005,26180.559999999998,3541.0,2026-05
GOLD,LONG,2026-05-11 18:28:00,128140.0,128102.93832726701,128251.18501819897,SHA_FLIP,2026-05-11 18:39:00,128251.18501819897,TAKE_PROFIT,11118.50181989721,5525.6,5592.90181989721,11.0,2026-05
GOLD,LONG,2026-05-11 19:25:00,128867.0,128788.07164421426,129103.78506735722,SHA_FLIP,2026-05-11 19:28:00,128788.07164421426,STOP_LOSS,-7892.835578574159,5554.68,-13447.515578574159,3.0,2026-05
GOLD,SHORT,2026-05-11 20:04:00,128376.0,128410.43667411056,128272.68997766831,SHA_FLIP,2026-05-11 22:12:00,128272.68997766831,TAKE_PROFIT,10331.002233168692,5535.04,4795.962233168692,128.0,2026-05
GOLD,SHORT,2026-05-11 22:12:00,128244.0,128275.6000005391,128149.19999838271,SHA_FLIP,2026-05-11 22:16:00,128149.19999838271,TAKE_PROFIT,9480.000161728822,5529.76,3950.2401617288215,4.0,2026-05
GOLD,LONG,2026-05-12 18:16:00,128741.0,128694.83905900785,128879.48282297645,SHA_FLIP,2026-05-12 18:38:00,128694.83905900785,STOP_LOSS,-4616.094099215115,5549.64,-10165.734099215115,22.0,2026-05
GOLD,SHORT,2026-05-12 18:38:00,128515.0,128564.16397159315,128367.50808522054,SHA_FLIP,2026-05-12 19:43:00,128564.16397159315,STOP_LOSS,-4916.397159315238,5540.6,-10456.997159315239,65.0,2026-05
GOLD,LONG,2026-05-12 19:43:00,128702.0,128644.0254009324,128875.9237972028,SHA_FLIP,2026-05-12 20:04:00,128644.0254009324,STOP_LOSS,-5797.459906760196,5548.08,-11345.539906760196,21.0,2026-05
GOLD,LONG,2026-05-12 22:48:00,128582.0,128536.69299380515,128717.92101858456,SHA_FLIP,2026-05-12 23:25:00,128536.69299380515,STOP_LOSS,-4530.7006194852875,5543.280000000001,-10073.980619485288,37.0,2026-05
GOLD,SHORT,2026-05-12 23:25:00,128358.0,128407.62039939125,128209.13880182625,SHA_FLIP,2026-05-13 09:00:00,133879.0,SESSION_END,-552100.0,5534.320000000001,-557634.32,575.0,2026-05
GOLD,SHORT,2026-05-13 18:08:00,135400.0,135449.1194998007,135252.6415005979,SHA_FLIP,2026-05-13 19:19:00,135252.6415005979,TAKE_PROFIT,14735.8499402093,5816.0,8919.8499402093,71.0,2026-05
GOLD,LONG,2026-05-13 20:38:00,135630.0,135597.35125969222,135727.94622092333,SHA_FLIP,2026-05-13 20:42:00,135597.35125969222,STOP_LOSS,-3264.874030777719,5825.2,-9090.07403077772,4.0,2026-05
GOLD,SHORT,2026-05-13 20:43:00,135422.0,135474.01678845775,135265.94963462674,SHA_FLIP,2026-05-13 20:57:00,135474.01678845775,STOP_LOSS,-5201.678845775314,5816.88,-11018.558845775315,14.0,2026-05
GOLD,LONG,2026-05-13 20:57:00,135629.0,135580.58427042374,135774.24718872877,SHA_FLIP,2026-05-13 21:37:00,135774.24718872877,TAKE_PROFIT,14524.718872876838,5825.16,8699.558872876838,40.0,2026-05
GOLD,LONG,2026-05-13 22:54:00,135971.0,135931.96097702245,136088.11706893265,SHA_FLIP,2026-05-13 23:16:00,135931.96097702245,STOP_LOSS,-3903.9022977551213,5838.84,-9742.742297755121,22.0,2026-05
GOLD,LONG,2026-05-13 23:21:00,136036.0,135988.42811572438,136178.71565282685,SHA_FLIP,2026-05-13 23:25:00,135988.42811572438,STOP_LOSS,-4757.188427561778,5841.4400000000005,-10598.628427561778,4.0,2026-05
GOLD,SHORT,2026-05-14 18:01:00,135950.0,135990.248289166,135829.25513250203,SHA_FLIP,2026-05-14 18:48:00,135990.248289166,STOP_LOSS,-4024.8289165989263,5838.0,-9862.828916598926,47.0,2026-05
GOLD,LONG,2026-05-14 18:48:00,136024.0,136009.15171682648,136068.54484952055,SHA_FLIP,2026-05-14 18:51:00,136009.15171682648,STOP_LOSS,-1484.8283173516393,5840.96,-7325.788317351639,3.0,2026-05
GOLD,SHORT,2026-05-14 18:51:00,135801.0,135855.26568240955,135638.20295277136,SHA_FLIP,2026-05-14 18:59:00,135855.26568240955,STOP_LOSS,-5426.568240954657,5832.04,-11258.608240954658,8.0,2026-05
GOLD,LONG,2026-05-14 19:31:00,135865.0,135821.8720279366,135994.3839161902,SHA_FLIP,2026-05-14 22:11:00,135821.8720279366,STOP_LOSS,-4312.797206340474,5834.6,-10147.397206340474,160.0,2026-05
GOLD,LONG,2026-05-14 23:10:00,135867.0,135808.523624758,136042.429125726,SHA_FLIP,2026-05-15 09:02:00,134933.0,SESSION_END,-93400.0,5834.68,-99234.68,592.0,2026-05
GOLD,SHORT,2026-05-15 21:59:00,133665.0,133722.14282227666,133493.57153317003,SHA_FLIP,2026-05-15 22:10:00,133722.14282227666,STOP_LOSS,-5714.282227665535,5746.6,-11460.882227665536,11.0,2026-05
GOLD,LONG,2026-05-15 22:10:00,133869.0,133816.3604631908,134026.91861042762,SHA_FLIP,2026-05-15 22:36:00,133816.3604631908,STOP_LOSS,-5263.953680920531,5754.76,-11018.713680920531,26.0,2026-05
GOLD,LONG,2026-05-15 22:38:00,133931.0,133896.62909636085,134034.11271091746,SHA_FLIP,2026-05-15 22:52:00,133896.62909636085,STOP_LOSS,-3437.0903639151948,5757.240000000001,-9194.330363915196,14.0,2026-05
GOLD,LONG,2026-05-18 18:43:00,134254.0,134250.40544238867,134264.783672834,SHA_FLIP,2026-05-18 19:04:00,134264.783672834,TAKE_PROFIT,1078.367283398984,5770.16,-4691.792716601016,21.0,2026-05
GOLD,SHORT,2026-05-18 19:41:00,134361.0,134376.7865580721,134313.64032578366,SHA_FLIP,2026-05-18 20:05:00,134313.64032578366,TAKE_PROFIT,4735.967421633541,5774.4400000000005,-1038.4725783664599,24.0,2026-05
GOLD,SHORT,2026-05-18 20:32:00,133950.0,133981.76996161707,133854.69011514878,SHA_FLIP,2026-05-18 20:35:00,133981.76996161707,STOP_LOSS,-3176.9961617072113,5758.0,-8934.996161707211,3.0,2026-05
GOLD,LONG,2026-05-18 21:24:00,134064.0,134048.54774187657,134110.3567743703,SHA_FLIP,2026-05-18 21:50:00,134048.54774187657,STOP_LOSS,-1545.2258123434149,5762.56,-7307.785812343415,26.0,2026-05
GOLD,SHORT,2026-05-18 21:50:00,133945.0,133969.17423670334,133872.47728988997,SHA_FLIP,2026-05-18 21:57:00,133969.17423670334,STOP_LOSS,-2417.423670334392,5757.8,-8175.223670334392,7.0,2026-05
GOLD,LONG,2026-05-19 17:40:00,133480.0,133474.9967157896,133495.0098526312,SHA_FLIP,2026-05-19 17:49:00,133495.0098526312,TAKE_PROFIT,1500.9852631192189,5739.2,-4238.214736880781,9.0,2026-05
GOLD,SHORT,2026-05-19 18:42:00,133377.0,133407.80588674,133284.58233977997,SHA_FLIP,2026-05-19 18:43:00,133407.80588674,STOP_LOSS,-3080.5886740010465,5735.08,-8815.668674001046,1.0,2026-05
GOLD,SHORT,2026-05-19 20:20:00,132650.0,132718.022531913,132445.93240426097,SHA_FLIP,2026-05-19 20:43:00,132718.022531913,STOP_LOSS,-6802.2531913011335,5706.0,-12508.253191301133,23.0,2026-05
GOLD,LONG,2026-05-19 22:23:00,132789.0,132767.9764744893,132852.07057653213,SHA_FLIP,2026-05-19 22:56:00,132767.9764744893,STOP_LOSS,-2102.3525510710897,5711.56,-7813.91255107109,33.0,2026-05
GOLD,SHORT,2026-05-19 22:56:00,132639.0,132669.18699268752,132548.43902193743,SHA_FLIP,2026-05-19 23:06:00,132669.18699268752,STOP_LOSS,-3018.6992687522434,5705.56,-8724.259268752245,10.0,2026-05
GOLD,SHORT,2026-05-19 23:17:00,132576.0,132601.92573179046,132498.22280462863,SHA_FLIP,2026-05-20 09:24:00,132001.0,SESSION_END,57500.0,5703.04,51796.96,607.0,2026-05
GOLD,SHORT,2026-05-20 17:36:00,132521.0,132557.50106593262,132411.49680220213,SHA_FLIP,2026-05-20 18:03:00,132557.50106593262,STOP_LOSS,-3650.1065932621714,5700.84,-9350.946593262172,27.0,2026-05
GOLD,LONG,2026-05-20 18:03:00,132800.0,132743.43385307115,132969.69844078654,SHA_FLIP,2026-05-20 19:01:00,132743.43385307115,STOP_LOSS,-5656.614692884614,5712.0,-11368.614692884614,58.0,2026-05
GOLD,SHORT,2026-05-20 19:01:00,132618.0,132654.4140597632,132508.75782071042,SHA_FLIP,2026-05-20 20:05:00,132654.4140597632,STOP_LOSS,-3641.40597631922,5704.72,-9346.125976319221,64.0,2026-05
GOLD,LONG,2026-05-20 20:05:00,132902.0,132845.19616466708,133072.41150599875,SHA_FLIP,2026-05-20 20:46:00,133072.41150599875,TAKE_PROFIT,17041.150599875255,5716.08,11325.070599875255,41.0,2026-05
GOLD,LONG,2026-05-20 22:34:00,133031.0,133023.99990197166,133052.000294085,SHA_FLIP,2026-05-20 23:05:00,133023.99990197166,STOP_LOSS,-700.0098028336652,5721.240000000001,-6421.249802833666,31.0,2026-05
GOLD,LONG,2026-05-20 23:29:00,133128.0,133084.86959115072,133257.39122654783,SHA_FLIP,2026-05-21 09:23:00,132783.0,SESSION_END,-34500.0,5725.12,-40225.12,594.0,2026-05
GOLD,SHORT,2026-05-21 20:10:00,132710.0,132724.16306313398,132667.51081059806,SHA_FLIP,2026-05-21 20:30:00,132667.51081059806,TAKE_PROFIT,4248.918940193835,5708.400000000001,-1459.4810598061658,20.0,2026-05
GOLD,LONG,2026-05-21 21:36:00,132730.0,132678.59618608962,132884.21144173114,SHA_FLIP,2026-05-21 22:24:00,132678.59618608962,STOP_LOSS,-5140.381391037954,5709.2,-10849.581391037955,48.0,2026-05
GOLD,SHORT,2026-05-21 22:24:00,132613.0,132636.453443614,132542.63966915797,SHA_FLIP,2026-05-21 22:58:00,132636.453443614,STOP_LOSS,-2345.34436140093,5704.52,-8049.864361400931,34.0,2026-05
GOLD,LONG,2026-05-21 22:58:00,132724.0,132701.61920859132,132791.14237422604,SHA_FLIP,2026-05-21 23:29:00,132791.14237422604,TAKE_PROFIT,6714.237422603765,5708.96,1005.2774226037645,31.0,2026-05
GOLD,LONG,2026-05-22 18:42:00,132811.0,132761.5592444595,132959.32226662152,SHA_FLIP,2026-05-22 19:45:00,132761.5592444595,STOP_LOSS,-4944.075554050505,5712.4400000000005,-10656.515554050506,63.0,2026-05
GOLD,SHORT,2026-05-22 19:45:00,132500.0,132562.20600851256,132313.38197446233,SHA_FLIP,2026-05-22 22:48:00,132562.20600851256,STOP_LOSS,-6220.600851255585,5700.0,-11920.600851255585,183.0,2026-05
GOLD,LONG,2026-05-22 22:48:00,132653.0,132622.39999999973,132744.8000000008,SHA_FLIP,2026-05-25 09:15:00,132830.0,SESSION_END,17700.0,5706.12,11993.880000000001,3507.0,2026-05
GOLD,LONG,2026-05-25 19:36:00,132957.0,132956.59999819138,132958.20000542587,SHA_FLIP,2026-05-25 19:51:00,132958.20000542587,TAKE_PROFIT,120.00054258678574,5718.280000000001,-5598.279457413215,15.0,2026-05
GOLD,SHORT,2026-05-25 20:11:00,132935.0,132950.39706737778,132888.80879786666,SHA_FLIP,2026-05-25 20:20:00,132950.39706737778,STOP_LOSS,-1539.7067377780331,5717.400000000001,-7257.106737778034,9.0,2026-05
GOLD,LONG,2026-05-26 18:18:00,132530.0,132499.5993098301,132621.20207050967,SHA_FLIP,2026-05-26 18:42:00,132499.5993098301,STOP_LOSS,-3040.069016988855,5701.2,-8741.269016988856,24.0,2026-05
GOLD,SHORT,2026-05-26 18:42:00,132378.0,132412.90673892412,132273.27978322763,SHA_FLIP,2026-05-26 18:49:00,132273.27978322763,TAKE_PROFIT,10472.021677237353,5695.12,4776.901677237353,7.0,2026-05
GOLD,SHORT,2026-05-26 20:31:00,132445.0,132470.80007388597,132367.5997783421,SHA_FLIP,2026-05-26 21:51:00,132367.5997783421,TAKE_PROFIT,7740.022165791015,5697.8,2042.222165791015,80.0,2026-05
GOLD,SHORT,2026-05-26 21:51:00,132344.0,132358.669136143,132299.992591571,SHA_FLIP,2026-05-26 21:58:00,132299.992591571,TAKE_PROFIT,4400.74084289954,5693.76,-1293.0191571004598,7.0,2026-05
GOLD,LONG,2026-05-26 22:05:00,132488.0,132442.12695809794,132625.61912570617,SHA_FLIP,2026-05-26 22:50:00,132442.12695809794,STOP_LOSS,-4587.304190205759,5699.52,-10286.82419020576,45.0,2026-05
GOLD,SHORT,2026-05-26 22:50:00,132351.0,132372.10297221487,132287.6910833554,SHA_FLIP,2026-05-26 23:00:00,132287.6910833554,TAKE_PROFIT,6330.891664460069,5694.04,636.8516644600686,10.0,2026-05
GOLD,SHORT,2026-05-27 17:38:00,130970.0,130995.6127620732,130893.1617137804,SHA_FLIP,2026-05-27 17:41:00,130995.6127620732,STOP_LOSS,-2561.276207320043,5638.8,-8200.076207320042,3.0,2026-05
GOLD,LONG,2026-05-27 20:01:00,131179.0,131143.26249478624,131286.2125156413,SHA_FLIP,2026-05-27 20:04:00,131143.26249478624,STOP_LOSS,-3573.750521376496,5647.16,-9220.910521376496,3.0,2026-05
GOLD,SHORT,2026-05-27 20:04:00,130960.0,131027.06379228286,130758.80862315142,SHA_FLIP,2026-05-27 20:28:00,131027.06379228286,STOP_LOSS,-6706.379228286096,5638.400000000001,-12344.779228286097,24.0,2026-05
GOLD,LONG,2026-05-27 20:28:00,131132.0,131095.43758848155,131241.68723455534,SHA_FLIP,2026-05-27 20:52:00,131095.43758848155,STOP_LOSS,-3656.2411518447334,5645.280000000001,-9301.521151844734,24.0,2026-05
GOLD,SHORT,2026-05-27 20:52:00,130909.0,130951.71400378036,130780.85798865891,SHA_FLIP,2026-05-27 21:15:00,130951.71400378036,STOP_LOSS,-4271.400378036196,5636.360000000001,-9907.760378036197,23.0,2026-05
GOLD,SHORT,2026-05-27 23:24:00,131251.0,131283.85007199802,131152.44978400593,SHA_FLIP,2026-05-27 23:25:00,131283.85007199802,STOP_LOSS,-3285.007199802203,5650.04,-8935.047199802204,1.0,2026-05
GOLD,LONG,2026-05-27 23:28:00,131400.0,131362.06834752916,131513.79495741252,SHA_FLIP,2026-05-28 17:02:00,130358.0,SESSION_END,-104200.0,5656.0,-109856.0,1054.0,2026-05
GOLD,SHORT,2026-05-28 17:41:00,129978.0,130040.20370139496,129791.38889581512,SHA_FLIP,2026-05-28 17:48:00,130040.20370139496,STOP_LOSS,-6220.370139495935,5599.12,-11819.490139495934,7.0,2026-05
GOLD,SHORT,2026-05-28 17:52:00,129897.0,129955.27713576483,129722.16859270551,SHA_FLIP,2026-05-28 17:53:00,129722.16859270551,TAKE_PROFIT,17483.140729449224,5595.88,11887.260729449223,1.0,2026-05
GOLD,LONG,2026-05-28 18:18:00,130163.0,130096.55342791247,130362.33971626259,SHA_FLIP,2026-05-28 18:26:00,130362.33971626259,TAKE_PROFIT,19933.971626259154,5606.52,14327.451626259153,8.0,2026-05
BANKNIFTY,SHORT,2026-05-29 15:12:00,54216.3,54310.376843249265,53981.10789187685,ARMED_STOP,2026-05-29 15:16:00,54253.65,SESSION_END,-1120.4999999999563,625.2978,-1745.7977999999564,4.0,2026-05
GOLD,SHORT,2026-05-29 17:34:00,131591.0,131649.60014330735,131415.19957007794,SHA_FLIP,2026-05-29 17:57:00,131415.19957007794,TAKE_PROFIT,17580.04299220629,5663.64,11916.402992206291,23.0,2026-05
GOLD,SHORT,2026-05-29 18:20:00,131336.0,131353.09367141963,131284.7189857411,SHA_FLIP,2026-05-29 18:34:00,131353.09367141963,STOP_LOSS,-1709.3671419628663,5653.4400000000005,-7362.807141962867,14.0,2026-05
GOLD,LONG,2026-05-29 18:58:00,131480.0,131472.7432519289,131501.77024421326,SHA_FLIP,2026-05-29 19:05:00,131472.7432519289,STOP_LOSS,-725.6748071085894,5659.2,-6384.874807108589,7.0,2026-05
GOLD,LONG,2026-05-29 19:31:00,131757.0,131698.66764229856,131931.9970731043,SHA_FLIP,2026-05-29 20:03:00,131698.66764229856,STOP_LOSS,-5833.235770143801,5670.280000000001,-11503.515770143802,32.0,2026-05
GOLD,SHORT,2026-05-29 20:03:00,131618.0,131661.49201675007,131487.5239497498,SHA_FLIP,2026-05-29 20:40:00,131661.49201675007,STOP_LOSS,-4349.2016750067705,5664.72,-10013.921675006772,37.0,2026-05
GOLD,LONG,2026-05-29 20:40:00,132328.0,132185.78175867136,132754.6547239859,SHA_FLIP,2026-05-29 20:46:00,132185.78175867136,STOP_LOSS,-14221.824132863549,5693.12,-19914.944132863548,6.0,2026-05
GOLD,SHORT,2026-05-29 23:21:00,131830.0,131872.28832804243,131703.13501587271,SHA_FLIP,2026-05-29 23:29:00,131872.28832804243,STOP_LOSS,-4228.8328042428475,5673.2,-9902.032804242848,8.0,2026-05
GOLD,SHORT,2026-06-01 19:15:00,130750.0,130781.29188049116,130656.12435852652,SHA_FLIP,2026-06-01 19:21:00,130656.12435852652,TAKE_PROFIT,9387.564147348166,5630.0,3757.5641473481664,6.0,2026-06
SILVER,LONG,2026-06-01 10:41:00,2925.0,2866.6666666666665,3100.0000000000005,SHA_FLIP,2026-06-01 19:24:00,2866.6666666666665,STOP_LOSS,-1750.0000000000045,215.1,-1965.1000000000045,523.0,2026-06
SILVER,SHORT,2026-06-01 19:24:00,2850.0,2866.333333386887,2800.9999998393396,SHA_FLIP,2026-06-01 20:09:00,2866.333333386887,STOP_LOSS,-490.0000016066042,214.2,-704.2000016066042,45.0,2026-06
GOLD,LONG,2026-06-01 20:29:00,130680.0,130647.15982313565,130778.52053059306,SHA_FLIP,2026-06-01 20:43:00,130778.52053059306,TAKE_PROFIT,9852.053059305763,5627.2,4224.853059305763,14.0,2026-06
GOLD,SHORT,2026-06-01 21:41:00,130784.0,130805.32644298022,130720.02067105933,SHA_FLIP,2026-06-01 22:25:00,130805.32644298022,STOP_LOSS,-2132.6442980222055,5631.360000000001,-7764.004298022206,44.0,2026-06
GOLD,LONG,2026-06-01 22:25:00,130993.0,130951.16069837306,131118.5179048808,SHA_FLIP,2026-06-01 22:39:00,130951.16069837306,STOP_LOSS,-4183.930162694014,5639.72,-9823.650162694015,14.0,2026-06
GOLD,LONG,2026-06-01 22:57:00,131018.0,130996.25319951933,131083.24040144202,SHA_FLIP,2026-06-01 23:04:00,130996.25319951933,STOP_LOSS,-2174.680048067239,5640.72,-7815.400048067239,7.0,2026-06
SILVER,SHORT,2026-06-01 23:00:00,2884.0,2885.6666668313856,2878.9999995058433,SHA_FLIP,2026-06-01 23:08:00,2885.6666668313856,STOP_LOSS,-50.00000494156666,214.608,-264.60800494156666,8.0,2026-06
GOLD,LONG,2026-06-01 23:17:00,131161.0,131119.13368875528,131286.59893373417,SHA_FLIP,2026-06-01 23:18:00,131119.13368875528,STOP_LOSS,-4186.631124472478,5646.4400000000005,-9833.071124472479,1.0,2026-06
SILVER,LONG,2026-06-02 09:17:00,2889.0,2886.0043189390512,2897.9870431828463,SHA_FLIP,2026-06-02 11:11:00,2897.9870431828463,TAKE_PROFIT,269.6112954853879,214.668,54.94329548538792,114.0,2026-06
SILVER,LONG,2026-06-02 11:33:00,2937.0,2920.812793199356,2985.5616204019325,SHA_FLIP,2026-06-02 11:44:00,2920.812793199356,STOP_LOSS,-485.61620401932487,215.244,-700.8602040193249,11.0,2026-06
SILVER,SHORT,2026-06-02 14:36:00,2911.0,2912.000238272229,2907.9992851833126,SHA_FLIP,2026-06-02 16:21:00,2907.9992851833126,TAKE_PROFIT,90.02144450062133,214.93200000000002,-124.91055549937869,105.0,2026-06
SILVER,LONG,2026-06-02 17:41:00,2907.0,2904.3332906530313,2915.000128040906,SHA_FLIP,2026-06-02 18:50:00,2904.3332906530313,STOP_LOSS,-80.0012804090602,214.88400000000001,-294.8852804090602,69.0,2026-06
GOLD,SHORT,2026-06-02 18:51:00,131703.0,131775.80015559922,131484.59953320233,SHA_FLIP,2026-06-02 19:51:00,131484.59953320233,TAKE_PROFIT,21840.046679766965,5668.12,16171.926679766966,60.0,2026-06
GOLD,LONG,2026-06-02 20:21:00,131639.0,131588.61086930663,131790.1673920801,SHA_FLIP,2026-06-02 21:32:00,131588.61086930663,STOP_LOSS,-5038.913069336559,5665.56,-10704.47306933656,71.0,2026-06
SILVER,SHORT,2026-06-02 18:50:00,2902.0,2903.666803998152,2896.9995880055444,SHA_FLIP,2026-06-02 22:08:00,2896.9995880055444,TAKE_PROFIT,150.0123598336677,214.824,-64.81164016633232,198.0,2026-06
GOLD,SHORT,2026-06-02 21:32:00,131441.0,131480.60194910612,131322.19415268165,SHA_FLIP,2026-06-02 22:46:00,131322.19415268165,TAKE_PROFIT,11880.584731834824,5657.64,6222.944731834824,74.0,2026-06
SILVER,SHORT,2026-06-02 23:13:00,2880.0,2881.951792492151,2874.144622523547,SHA_FLIP,2026-06-02 23:16:00,2874.144622523547,TAKE_PROFIT,175.6613242935964,214.56,-38.898675706403594,3.0,2026-06
SILVER,SHORT,2026-06-03 10:15:00,2883.0,2883.6721782877794,2880.983465136662,SHA_FLIP,2026-06-03 10:30:00,2880.983465136662,TAKE_PROFIT,60.49604590014496,214.596,-154.09995409985504,15.0,2026-06
SILVER,SHORT,2026-06-03 15:11:00,2852.0,2854.3333333333335,2844.9999999999995,SHA_FLIP,2026-06-03 15:51:00,2854.3333333333335,STOP_LOSS,-70.00000000000455,214.224,-284.22400000000454,40.0,2026-06
SILVER,LONG,2026-06-03 15:51:00,2871.0,2862.9719597077356,2895.0841208767933,SHA_FLIP,2026-06-03 15:52:00,2862.9719597077356,STOP_LOSS,-240.8412087679335,214.452,-455.2932087679335,1.0,2026-06
SILVER,LONG,2026-06-03 17:21:00,2869.0,2866.999923073253,2875.0002307802415,SHA_FLIP,2026-06-03 17:38:00,2866.999923073253,STOP_LOSS,-60.00230780241509,214.428,-274.4303078024151,17.0,2026-06
GOLD,SHORT,2026-06-03 17:46:00,130746.0,130793.04204991387,130604.87385025839,SHA_FLIP,2026-06-03 17:48:00,130793.04204991387,STOP_LOSS,-4704.204991387087,5629.84,-10334.044991387087,2.0,2026-06
SILVER,SHORT,2026-06-03 20:56:00,2844.0,2846.000013387831,2837.9999598365066,SHA_FLIP,2026-06-03 21:33:00,2846.000013387831,STOP_LOSS,-60.00040163493395,214.128,-274.12840163493394,37.0,2026-06
SILVER,LONG,2026-06-03 21:33:00,2850.0,2847.9899640069225,2856.0301079792325,SHA_FLIP,2026-06-03 22:41:00,2856.0301079792325,TAKE_PROFIT,180.90323937697576,214.2,-33.29676062302423,68.0,2026-06
GOLD,SHORT,2026-06-03 23:02:00,130642.0,130673.99890681767,130546.003279547,SHA_FLIP,2026-06-03 23:13:00,130673.99890681767,STOP_LOSS,-3199.8906817665556,5625.68,-8825.570681766556,11.0,2026-06
GOLD,LONG,2026-06-03 23:22:00,130856.0,130800.6041407274,131022.1875778178,SHA_FLIP,2026-06-04 09:01:00,131093.0,SESSION_END,23700.0,5634.240000000001,18065.76,579.0,2026-06
SILVER,SHORT,2026-06-04 10:35:00,2850.0,2852.3629124363224,2842.911262691033,SHA_FLIP,2026-06-04 11:54:00,2842.911262691033,TAKE_PROFIT,212.66211926901633,214.2,-1.5378807309836589,79.0,2026-06
SILVER,LONG,2026-06-04 15:17:00,2841.0,2837.3333333249934,2852.0000000250197,SHA_FLIP,2026-06-04 15:20:00,2852.0000000250197,TAKE_PROFIT,330.00000075059233,214.09199999999998,115.90800075059235,3.0,2026-06
SILVER,SHORT,2026-06-04 15:46:00,2835.0,2838.5199226341642,2824.4402320975073,SHA_FLIP,2026-06-04 16:55:00,2838.5199226341642,STOP_LOSS,-105.59767902492695,214.02,-319.61767902492693,69.0,2026-06
GOLD,SHORT,2026-06-04 18:37:00,131528.0,131559.7450111079,131432.76496667627,SHA_FLIP,2026-06-04 18:48:00,131559.7450111079,STOP_LOSS,-3174.5011107908795,5661.12,-8835.621110790878,11.0,2026-06
SILVER,SHORT,2026-06-04 20:21:00,2837.0,2839.7967016079883,2828.609895176035,SHA_FLIP,2026-06-04 20:35:00,2839.7967016079883,STOP_LOSS,-83.90104823964975,214.044,-297.94504823964974,14.0,2026-06
GOLD,LONG,2026-06-04 20:49:00,131297.0,131277.83543912516,131354.4936826245,SHA_FLIP,2026-06-04 21:17:00,131277.83543912516,STOP_LOSS,-1916.4560874836752,5651.88,-7568.336087483675,28.0,2026-06
GOLD,SHORT,2026-06-04 21:17:00,131209.0,131226.94862416218,131155.15412751347,SHA_FLIP,2026-06-04 21:54:00,131226.94862416218,STOP_LOSS,-1794.862416217802,5648.360000000001,-7443.222416217803,37.0,2026-06
SILVER,SHORT,2026-06-04 21:59:00,2840.0,2840.666692356715,2837.999922929855,SHA_FLIP,2026-06-04 22:16:00,2837.999922929855,TAKE_PROFIT,60.002312104347766,214.07999999999998,-154.07768789565222,17.0,2026-06
GOLD,LONG,2026-06-04 21:54:00,131317.0,131288.90993446897,131401.27019659308,SHA_FLIP,2026-06-04 22:58:00,131288.90993446897,STOP_LOSS,-2809.0065531025175,5652.68,-8461.686553102518,64.0,2026-06
GOLD,SHORT,2026-06-04 23:20:00,131124.0,131152.40147399073,131038.79557802781,SHA_FLIP,2026-06-05 09:02:00,130687.0,SESSION_END,43700.0,5644.96,38055.04,582.0,2026-06
SILVER,SHORT,2026-06-05 10:29:00,2799.0,2801.5627921281325,2791.3116236156025,SHA_FLIP,2026-06-05 10:35:00,2801.5627921281325,STOP_LOSS,-76.88376384397543,213.588,-290.4717638439754,6.0,2026-06
SILVER,SHORT,2026-06-05 10:39:00,2795.0,2800.0743499965993,2779.776950010202,SHA_FLIP,2026-06-05 11:47:00,2779.776950010202,TAKE_PROFIT,456.691499693934,213.54,243.15149969393403,68.0,2026-06
SILVER,LONG,2026-06-05 12:31:00,2797.0,2794.346079703629,2804.9617608891126,SHA_FLIP,2026-06-05 14:40:00,2794.346079703629,STOP_LOSS,-79.61760889112611,213.564,-293.1816088911261,129.0,2026-06
SILVER,SHORT,2026-06-05 14:40:00,2789.0,2791.6666666921824,2780.999999923453,SHA_FLIP,2026-06-05 16:18:00,2791.6666666921824,STOP_LOSS,-80.00000076547167,213.46800000000002,-293.4680007654717,98.0,2026-06
SILVER,LONG,2026-06-05 16:18:00,2798.0,2794.9999978349206,2807.0000064952383,SHA_FLIP,2026-06-05 16:31:00,2794.9999978349206,STOP_LOSS,-90.00006495238267,213.576,-303.5760649523827,13.0,2026-06
SILVER,SHORT,2026-06-05 17:37:00,2792.0,2792.3417645417458,2790.9747063747627,SHA_FLIP,2026-06-05 17:38:00,2792.3417645417458,STOP_LOSS,-10.25293625237282,213.50400000000002,-223.75693625237284,1.0,2026-06
SILVER,LONG,2026-06-05 17:38:00,2794.0,2793.037137397154,2796.8885878085384,SHA_FLIP,2026-06-05 17:40:00,2796.8885878085384,TAKE_PROFIT,86.65763425615296,213.528,-126.87036574384703,2.0,2026-06
GOLD,LONG,2026-06-05 17:49:00,130595.0,130575.99992307862,130652.00023076414,SHA_FLIP,2026-06-05 17:54:00,130575.99992307862,STOP_LOSS,-1900.0076921380241,5623.8,-7523.807692138024,5.0,2026-06
GOLD,SHORT,2026-06-05 17:55:00,130434.0,130469.95800206615,130326.12599380154,SHA_FLIP,2026-06-05 18:01:00,130326.12599380154,TAKE_PROFIT,10787.400619845721,5617.360000000001,5170.04061984572,6.0,2026-06
SILVER,SHORT,2026-06-05 18:22:00,2781.0,2789.036261999887,2756.8912140003395,SHA_FLIP,2026-06-05 18:34:00,2756.8912140003395,TAKE_PROFIT,723.2635799898162,213.372,509.8915799898162,12.0,2026-06
SILVER,SHORT,2026-06-05 19:12:00,2735.0,2741.4040769802696,2715.7877690591913,SHA_FLIP,2026-06-05 19:29:00,2715.7877690591913,TAKE_PROFIT,576.3669282242608,212.82,363.54692822426085,17.0,2026-06
GOLD,SHORT,2026-06-05 19:52:00,129168.0,129259.77151366558,128892.68545900327,SHA_FLIP,2026-06-05 20:07:00,128892.68545900327,TAKE_PROFIT,27531.454099672555,5566.72,21964.734099672554,15.0,2026-06
SILVER,LONG,2026-06-05 20:28:00,2712.0,2706.106509305834,2729.6804720824975,SHA_FLIP,2026-06-05 20:41:00,2706.106509305834,STOP_LOSS,-176.80472082497545,212.544,-389.34872082497543,13.0,2026-06
SILVER,SHORT,2026-06-05 20:42:00,2685.0,2694.220448689624,2657.338653931128,SHA_FLIP,2026-06-05 20:54:00,2694.220448689624,STOP_LOSS,-276.6134606887181,212.22,-488.8334606887181,12.0,2026-06
GOLD,SHORT,2026-06-05 21:16:00,128656.0,128714.30654072679,128481.08037781964,SHA_FLIP,2026-06-05 21:17:00,128714.30654072679,STOP_LOSS,-5830.65407267859,5546.240000000001,-11376.894072678591,1.0,2026-06
SILVER,SHORT,2026-06-05 21:09:00,2689.0,2692.126305856562,2679.6210824303143,SHA_FLIP,2026-06-05 21:23:00,2692.126305856562,STOP_LOSS,-93.78917569685655,212.268,-306.0571756968566,14.0,2026-06
GOLD,SHORT,2026-06-05 21:28:00,128793.0,128868.58697915282,128566.23906254153,SHA_FLIP,2026-06-05 21:33:00,128566.23906254153,TAKE_PROFIT,22676.093745847174,5551.72,17124.373745847173,5.0,2026-06
SILVER,SHORT,2026-06-05 22:01:00,2687.0,2690.32739035249,2677.01782894253,SHA_FLIP,2026-06-05 22:25:00,2690.32739035249,STOP_LOSS,-99.82171057470168,212.244,-312.0657105747017,24.0,2026-06
GOLD,LONG,2026-06-05 23:10:00,129027.0,129022.00904086526,129041.97287740422,SHA_FLIP,2026-06-05 23:12:00,129041.97287740422,TAKE_PROFIT,1497.2877404215978,5561.08,-4063.792259578402,2.0,2026-06
GOLD,LONG,2026-06-05 23:25:00,129117.0,129087.48738733225,129205.53783800325,SHA_FLIP,2026-06-05 23:26:00,129087.48738733225,STOP_LOSS,-2951.2612667749636,5564.68,-8515.941266774964,1.0,2026-06
SILVER,SHORT,2026-06-08 09:37:00,2636.0,2640.576623695446,2622.270128913662,SHA_FLIP,2026-06-08 09:55:00,2640.576623695446,STOP_LOSS,-137.2987108633788,211.632,-348.9307108633788,18.0,2026-06
SILVER,SHORT,2026-06-08 11:00:00,2621.0,2627.311876090289,2602.064371729133,SHA_FLIP,2026-06-08 11:06:00,2602.064371729133,TAKE_PROFIT,568.068848126004,211.452,356.616848126004,6.0,2026-06
SILVER,SHORT,2026-06-08 13:32:00,2602.0,2607.6924060548745,2584.9227818353766,SHA_FLIP,2026-06-08 13:38:00,2607.6924060548745,STOP_LOSS,-170.77218164623446,211.224,-381.99618164623445,6.0,2026-06
SILVER,SHORT,2026-06-08 15:18:00,2608.0,2608.3382033186554,2606.985390044034,SHA_FLIP,2026-06-08 16:04:00,2608.3382033186554,STOP_LOSS,-10.146099559660797,211.296,-221.4420995596608,46.0,2026-06
SILVER,LONG,2026-06-08 16:04:00,2609.0,2608.6661985283877,2610.001404414837,SHA_FLIP,2026-06-08 16:40:00,2610.001404414837,TAKE_PROFIT,30.042132445109928,211.308,-181.26586755489006,36.0,2026-06
SILVER,LONG,2026-06-08 17:26:00,2647.0,2643.608221212796,2657.1753363616126,SHA_FLIP,2026-06-08 17:43:00,2643.608221212796,STOP_LOSS,-101.75336361612608,211.764,-313.5173636161261,17.0,2026-06
GOLD,LONG,2026-06-08 18:01:00,127838.0,127810.18737065535,127921.43788803396,SHA_FLIP,2026-06-08 18:21:00,127810.18737065535,STOP_LOSS,-2781.262934465485,5513.52,-8294.782934465486,20.0,2026-06
SILVER,LONG,2026-06-08 17:54:00,2650.0,2646.123981003243,2661.628056990271,SHA_FLIP,2026-06-08 18:21:00,2661.628056990271,TAKE_PROFIT,348.841709708131,211.8,137.041709708131,27.0,2026-06
GOLD,LONG,2026-06-08 18:28:00,127859.0,127825.03982459183,127960.8805262245,SHA_FLIP,2026-06-08 18:48:00,127825.03982459183,STOP_LOSS,-3396.0175408166833,5514.360000000001,-8910.377540816684,20.0,2026-06
GOLD,SHORT,2026-06-08 18:48:00,127519.0,127588.94093856748,127309.17718429756,SHA_FLIP,2026-06-08 19:07:00,127588.94093856748,STOP_LOSS,-6994.093856748077,5500.76,-12494.853856748077,19.0,2026-06
SILVER,LONG,2026-06-08 19:00:00,2660.0,2657.5256991545766,2667.42290253627,SHA_FLIP,2026-06-08 19:18:00,2657.5256991545766,STOP_LOSS,-74.22902536270158,211.92000000000002,-286.1490253627016,18.0,2026-06
GOLD,LONG,2026-06-08 20:21:00,127453.0,127442.1434079604,127485.56977611882,SHA_FLIP,2026-06-08 20:28:00,127485.56977611882,TAKE_PROFIT,3256.97761188203,5498.12,-2241.14238811797,7.0,2026-06
GOLD,LONG,2026-06-08 21:34:00,127903.0,127873.18477745433,127992.44566763702,SHA_FLIP,2026-06-08 21:50:00,127873.18477745433,STOP_LOSS,-2981.522254567244,5516.12,-8497.642254567243,16.0,2026-06
GOLD,LONG,2026-06-08 22:12:00,127903.0,127878.54662222469,127976.36013332593,SHA_FLIP,2026-06-08 22:13:00,127878.54662222469,STOP_LOSS,-2445.337777530949,5516.12,-7961.457777530949,1.0,2026-06
GOLD,SHORT,2026-06-08 22:13:00,127728.0,127784.19292740527,127559.4212177842,SHA_FLIP,2026-06-08 23:25:00,127559.4212177842,TAKE_PROFIT,16857.878221580177,5509.12,11348.758221580178,72.0,2026-06
SILVER,LONG,2026-06-09 10:58:00,2636.0,2633.9907198293645,2642.0278405119066,SHA_FLIP,2026-06-09 11:13:00,2642.0278405119066,TAKE_PROFIT,180.83521535719683,211.632,-30.796784642803175,15.0,2026-06
SILVER,SHORT,2026-06-09 12:26:00,2638.0,2640.4083264695746,2630.775020591276,SHA_FLIP,2026-06-09 12:28:00,2640.4083264695746,STOP_LOSS,-72.24979408723812,211.656,-283.9057940872381,2.0,2026-06
SILVER,LONG,2026-06-09 13:41:00,2645.0,2643.322054610547,2650.0338361683584,SHA_FLIP,2026-06-09 14:32:00,2643.322054610547,STOP_LOSS,-50.33836168358448,211.74,-262.0783616835845,51.0,2026-06
SILVER,SHORT,2026-06-09 14:32:00,2636.0,2640.0020366816725,2623.9938899549825,SHA_FLIP,2026-06-09 15:44:00,2640.0020366816725,STOP_LOSS,-120.06110045017522,211.632,-331.6931004501752,72.0,2026-06
GOLD,SHORT,2026-06-09 20:34:00,126744.0,126825.79519139988,126498.61442580035,SHA_FLIP,2026-06-09 20:39:00,126825.79519139988,STOP_LOSS,-8179.519139988406,5469.76,-13649.279139988406,5.0,2026-06
SILVER,SHORT,2026-06-09 20:54:00,2578.0,2580.6146491838135,2570.1560524485594,SHA_FLIP,2026-06-09 21:01:00,2570.1560524485594,TAKE_PROFIT,235.31842654321736,210.936,24.38242654321735,7.0,2026-06
SILVER,SHORT,2026-06-09 21:32:00,2566.0,2567.8821280719876,2560.353615784037,SHA_FLIP,2026-06-09 21:33:00,2567.8821280719876,STOP_LOSS,-56.46384215962826,210.792,-267.2558421596283,1.0,2026-06
GOLD,LONG,2026-06-09 21:35:00,126700.0,126653.3768190691,126839.86954279269,SHA_FLIP,2026-06-09 21:39:00,126653.3768190691,STOP_LOSS,-4662.318093089561,5468.0,-10130.318093089561,4.0,2026-06
SILVER,SHORT,2026-06-09 21:40:00,2563.0,2566.843888864425,2551.468333406725,SHA_FLIP,2026-06-09 22:09:00,2551.468333406725,TAKE_PROFIT,345.9499977982523,210.756,135.1939977982523,29.0,2026-06
GOLD,SHORT,2026-06-09 22:10:00,126103.0,126248.77249537177,125665.68251388469,SHA_FLIP,2026-06-09 22:15:00,126248.77249537177,STOP_LOSS,-14577.249537176976,5444.12,-20021.369537176975,5.0,2026-06
SILVER,SHORT,2026-06-09 22:10:00,2546.0,2554.1557335522066,2521.5327993433802,SHA_FLIP,2026-06-09 22:41:00,2554.1557335522066,STOP_LOSS,-244.67200656619752,210.552,-455.22400656619754,31.0,2026-06
SILVER,LONG,2026-06-09 23:21:00,2567.0,2563.229149509272,2578.3125514721846,SHA_FLIP,2026-06-09 23:25:00,2563.229149509272,STOP_LOSS,-113.12551472184623,210.804,-323.9295147218462,4.0,2026-06
SILVER,SHORT,2026-06-10 12:26:00,2534.0,2538.024052139251,2521.9278435822466,SHA_FLIP,2026-06-10 12:27:00,2538.024052139251,STOP_LOSS,-120.72156417753376,210.40800000000002,-331.1295641775338,1.0,2026-06
SILVER,SHORT,2026-06-10 13:09:00,2527.0,2527.987415599691,2524.0377532009275,SHA_FLIP,2026-06-10 13:31:00,2524.0377532009275,TAKE_PROFIT,88.86740397217636,210.324,-121.45659602782365,22.0,2026-06
SILVER,SHORT,2026-06-10 14:01:00,2515.0,2516.50505368472,2510.4848389458393,SHA_FLIP,2026-06-10 14:15:00,2510.4848389458393,TAKE_PROFIT,135.45483162482014,210.18,-74.72516837517986,14.0,2026-06
SILVER,SHORT,2026-06-10 14:52:00,2509.0,2510.6015078095716,2504.1954765712853,SHA_FLIP,2026-06-10 15:00:00,2510.6015078095716,STOP_LOSS,-48.04523428714674,210.108,-258.15323428714674,8.0,2026-06
SILVER,LONG,2026-06-10 16:01:00,2520.0,2515.986350283664,2532.0409491490086,SHA_FLIP,2026-06-10 16:06:00,2515.986350283664,STOP_LOSS,-120.40949149008611,210.24,-330.6494914900861,5.0,2026-06
SILVER,SHORT,2026-06-10 17:51:00,2497.0,2500.0084360940023,2487.974691717993,SHA_FLIP,2026-06-10 18:00:00,2500.0084360940023,STOP_LOSS,-90.2530828200679,209.964,-300.2170828200679,9.0,2026-06
SILVER,LONG,2026-06-10 18:00:00,2525.0,2514.836797498331,2555.4896075050065,SHA_FLIP,2026-06-10 18:29:00,2514.836797498331,STOP_LOSS,-304.8960750500646,210.3,-515.1960750500646,29.0,2026-06
GOLD,SHORT,2026-06-10 18:50:00,123079.0,123167.34733917857,122813.9579824643,SHA_FLIP,2026-06-10 18:57:00,123167.34733917857,STOP_LOSS,-8834.733917856647,5323.16,-14157.893917856647,7.0,2026-06
GOLD,SHORT,2026-06-10 20:16:00,123514.0,123602.48246879438,123248.55259361687,SHA_FLIP,2026-06-10 20:26:00,123248.55259361687,TAKE_PROFIT,26544.740638312942,5340.56,21204.18063831294,10.0,2026-06
GOLD,SHORT,2026-06-10 21:09:00,123186.0,123232.12825476931,123047.61523569206,SHA_FLIP,2026-06-10 21:22:00,123047.61523569206,TAKE_PROFIT,13838.476430793526,5327.4400000000005,8511.036430793525,13.0,2026-06
SILVER,LONG,2026-06-10 21:48:00,2530.0,2526.981845336452,2539.0544639906443,SHA_FLIP,2026-06-10 22:05:00,2526.981845336452,STOP_LOSS,-90.54463990644308,210.36,-300.9046399064431,17.0,2026-06
GOLD,LONG,2026-06-10 21:44:00,123290.0,123226.99937866999,123479.00186399002,SHA_FLIP,2026-06-10 22:56:00,123226.99937866999,STOP_LOSS,-6300.062133000756,5331.6,-11631.662133000757,72.0,2026-06
SILVER,SHORT,2026-06-11 09:15:00,2504.0,2515.696402452716,2468.910792641852,SHA_FLIP,2026-06-11 10:29:00,2515.696402452716,STOP_LOSS,-350.8920735814809,210.048,-560.9400735814809,74.0,2026-06
SILVER,LONG,2026-06-11 11:03:00,2517.0,2512.015371952999,2531.953884141003,SHA_FLIP,2026-06-11 11:43:00,2512.015371952999,STOP_LOSS,-149.53884141003073,210.204,-359.74284141003074,40.0,2026-06
SILVER,SHORT,2026-06-11 11:43:00,2510.0,2512.6943453872645,2501.9169638382064,SHA_FLIP,2026-06-11 11:47:00,2512.6943453872645,STOP_LOSS,-80.83036161793643,210.12,-290.95036161793644,4.0,2026-06
SILVER,SHORT,2026-06-11 15:11:00,2508.0,2509.992329640047,2502.023011079859,SHA_FLIP,2026-06-11 15:16:00,2509.992329640047,STOP_LOSS,-59.76988920141139,210.096,-269.8658892014114,5.0,2026-06
SILVER,SHORT,2026-06-11 15:28:00,2505.0,2508.5340557809964,2494.397832657011,SHA_FLIP,2026-06-11 16:27:00,2508.5340557809964,STOP_LOSS,-106.02167342989105,210.06,-316.08167342989105,59.0,2026-06
SILVER,LONG,2026-06-11 16:27:00,2510.0,2508.3325720489834,2515.00228385305,SHA_FLIP,2026-06-11 16:48:00,2508.3325720489834,STOP_LOSS,-50.02283853049903,210.12,-260.14283853049903,21.0,2026-06
SILVER,SHORT,2026-06-11 16:48:00,2501.0,2504.082592580548,2491.752222258356,SHA_FLIP,2026-06-11 17:02:00,2504.082592580548,STOP_LOSS,-92.47777741643858,210.012,-302.4897774164386,14.0,2026-06
GOLD,LONG,2026-06-11 17:34:00,122320.0,122286.39279917696,122420.82160246912,SHA_FLIP,2026-06-11 17:38:00,122286.39279917696,STOP_LOSS,-3360.720082304033,5292.8,-8653.520082304032,4.0,2026-06
SILVER,SHORT,2026-06-11 17:50:00,2495.0,2499.669871412544,2480.9903857623676,SHA_FLIP,2026-06-11 17:52:00,2499.669871412544,STOP_LOSS,-140.09614237632377,209.94,-350.03614237632377,2.0,2026-06
GOLD,SHORT,2026-06-11 17:40:00,122077.0,122151.50336697041,121853.48989908876,SHA_FLIP,2026-06-11 17:52:00,121853.48989908876,TAKE_PROFIT,22351.010091124044,5283.08,17067.930091124043,12.0,2026-06
SILVER,LONG,2026-06-11 19:24:00,2510.0,2504.614866509984,2526.155400470048,SHA_FLIP,2026-06-11 19:34:00,2504.614866509984,STOP_LOSS,-161.5540047004788,210.12,-371.6740047004788,10.0,2026-06
GOLD,SHORT,2026-06-11 19:39:00,121686.0,121799.56129440333,121345.31611679,SHA_FLIP,2026-06-11 19:52:00,121799.56129440333,STOP_LOSS,-11356.129440333461,5267.4400000000005,-16623.569440333464,13.0,2026-06
GOLD,SHORT,2026-06-11 20:46:00,122102.0,122122.38796141687,122040.8361157494,SHA_FLIP,2026-06-11 20:50:00,122122.38796141687,STOP_LOSS,-2038.7961416869075,5284.08,-7322.876141686907,4.0,2026-06
SILVER,SHORT,2026-06-11 21:00:00,2500.0,2501.7271188438144,2494.8186434685567,SHA_FLIP,2026-06-11 21:42:00,2501.7271188438144,STOP_LOSS,-51.81356531443271,210.0,-261.8135653144327,42.0,2026-06
SILVER,LONG,2026-06-11 21:42:00,2508.0,2505.3290958291577,2516.012712512527,SHA_FLIP,2026-06-11 22:04:00,2505.3290958291577,STOP_LOSS,-80.12712512526832,210.096,-290.2231251252683,22.0,2026-06
SILVER,SHORT,2026-06-11 22:04:00,2498.0,2501.4479913322193,2487.656026003342,SHA_FLIP,2026-06-11 22:06:00,2501.4479913322193,STOP_LOSS,-103.43973996657951,209.976,-313.4157399665795,2.0,2026-06
GOLD,SHORT,2026-06-11 21:57:00,121988.0,122044.94648698917,121817.1605390325,SHA_FLIP,2026-06-11 22:37:00,121817.1605390325,TAKE_PROFIT,17083.94609675015,5279.52,11804.42609675015,40.0,2026-06
SILVER,LONG,2026-06-11 23:01:00,2518.0,2510.8954914649285,2539.3135256052146,SHA_FLIP,2026-06-11 23:05:00,2539.3135256052146,TAKE_PROFIT,639.4057681564391,210.216,429.1897681564391,4.0,2026-06
GOLD,LONG,2026-06-11 23:29:00,123600.0,123439.47707127477,124081.56878617569,SHA_FLIP,2026-06-12 09:00:00,124190.0,SESSION_END,59000.0,5344.0,53656.0,571.0,2026-06
SILVER,SHORT,2026-06-12 10:00:00,2570.0,2574.6151990461326,2556.154402861602,SHA_FLIP,2026-06-12 10:02:00,2574.6151990461326,STOP_LOSS,-138.45597138397807,210.84,-349.2959713839781,2.0,2026-06
SILVER,LONG,2026-06-12 10:31:00,2576.0,2575.1780692166603,2578.465792350019,SHA_FLIP,2026-06-12 10:40:00,2575.1780692166603,STOP_LOSS,-24.65792350019001,210.912,-235.56992350019001,9.0,2026-06
SILVER,SHORT,2026-06-12 10:40:00,2567.0,2570.2267274405326,2557.319817678402,SHA_FLIP,2026-06-12 10:58:00,2570.2267274405326,STOP_LOSS,-96.8018232159784,210.804,-307.6058232159784,18.0,2026-06
SILVER,SHORT,2026-06-12 11:05:00,2564.0,2567.4246753453895,2553.7259739638316,SHA_FLIP,2026-06-12 11:52:00,2567.4246753453895,STOP_LOSS,-102.7402603616838,210.768,-313.5082603616838,47.0,2026-06
SILVER,SHORT,2026-06-12 12:47:00,2553.0,2555.0566784630546,2546.829964610836,SHA_FLIP,2026-06-12 13:15:00,2555.0566784630546,STOP_LOSS,-61.70035389163786,210.636,-272.3363538916378,28.0,2026-06
SILVER,LONG,2026-06-12 14:37:00,2573.0,2572.649345360225,2574.0519639193244,SHA_FLIP,2026-06-12 14:58:00,2574.0519639193244,TAKE_PROFIT,31.558917579732224,210.876,-179.31708242026778,21.0,2026-06
SILVER,SHORT,2026-06-12 15:41:00,2580.0,2581.3479995243774,2575.9560014268677,SHA_FLIP,2026-06-12 15:58:00,2575.9560014268677,TAKE_PROFIT,121.31995719396855,210.96,-89.64004280603146,17.0,2026-06
SILVER,SHORT,2026-06-12 17:09:00,2578.0,2578.6672390407025,2575.9982828778925,SHA_FLIP,2026-06-12 18:00:00,2575.9982828778925,TAKE_PROFIT,60.051513663224796,210.936,-150.8844863367752,51.0,2026-06
GOLD,LONG,2026-06-12 18:26:00,124313.0,124265.95421720856,124454.13734837431,SHA_FLIP,2026-06-12 18:27:00,124265.95421720856,STOP_LOSS,-4704.578279143607,5372.52,-10077.098279143607,1.0,2026-06
GOLD,SHORT,2026-06-12 18:28:00,123985.0,124077.1899435189,123708.43016944331,SHA_FLIP,2026-06-12 18:44:00,124077.1899435189,STOP_LOSS,-9218.994351889705,5359.400000000001,-14578.394351889707,16.0,2026-06
SILVER,LONG,2026-06-12 19:06:00,2577.0,2572.9925018807985,2589.0224943576045,SHA_FLIP,2026-06-12 19:12:00,2572.9925018807985,STOP_LOSS,-120.224943576045,210.924,-331.148943576045,6.0,2026-06
SILVER,LONG,2026-06-12 19:39:00,2569.0,2567.822672237677,2572.5319832869686,SHA_FLIP,2026-06-12 19:44:00,2567.822672237677,STOP_LOSS,-35.31983286968625,210.828,-246.14783286968625,5.0,2026-06
GOLD,SHORT,2026-06-12 19:32:00,124099.0,124113.00598275557,124056.9820517333,SHA_FLIP,2026-06-12 19:53:00,124056.9820517333,TAKE_PROFIT,4201.794826670084,5363.96,-1162.165173329916,21.0,2026-06
SILVER,LONG,2026-06-12 19:48:00,2569.0,2566.636485078449,2576.0905447646533,SHA_FLIP,2026-06-12 20:00:00,2566.636485078449,STOP_LOSS,-70.9054476465326,210.828,-281.73344764653257,12.0,2026-06
GOLD,LONG,2026-06-12 20:22:00,124100.0,124047.08450036068,124258.74649891796,SHA_FLIP,2026-06-12 20:25:00,124258.74649891796,TAKE_PROFIT,15874.649891795707,5364.0,10510.649891795707,3.0,2026-06
SILVER,LONG,2026-06-12 20:24:00,2577.0,2571.963164183157,2592.110507450529,SHA_FLIP,2026-06-12 20:55:00,2592.110507450529,TAKE_PROFIT,453.31522351586955,210.924,242.39122351586954,31.0,2026-06
GOLD,LONG,2026-06-12 21:10:00,124498.0,124470.07106676865,124581.78679969405,SHA_FLIP,2026-06-12 21:11:00,124470.07106676865,STOP_LOSS,-2792.893323134922,5379.92,-8172.813323134922,1.0,2026-06
GOLD,SHORT,2026-06-12 21:35:00,124192.0,124241.92137743943,124042.23586768171,SHA_FLIP,2026-06-12 21:43:00,124241.92137743943,STOP_LOSS,-4992.137743943022,5367.68,-10359.817743943022,8.0,2026-06
SILVER,SHORT,2026-06-12 21:39:00,2583.0,2584.2696372588453,2579.1910882234642,SHA_FLIP,2026-06-12 21:43:00,2584.2696372588453,STOP_LOSS,-38.089117765357514,210.996,-249.08511776535752,4.0,2026-06
GOLD,LONG,2026-06-12 21:43:00,124405.0,124346.51075337561,124580.46773987317,SHA_FLIP,2026-06-12 22:09:00,124346.51075337561,STOP_LOSS,-5848.924662439094,5376.2,-11225.124662439095,26.0,2026-06
SILVER,LONG,2026-06-12 21:44:00,2587.0,2585.2236610018126,2592.329016994562,SHA_FLIP,2026-06-12 23:01:00,2592.329016994562,TAKE_PROFIT,159.87050983686458,211.044,-51.173490163135426,77.0,2026-06
SILVER,LONG,2026-06-12 23:01:00,2600.0,2596.1420526179604,2611.5738421461187,SHA_FLIP,2026-06-12 23:06:00,2596.1420526179604,STOP_LOSS,-115.7384214611875,211.2,-326.9384214611875,5.0,2026-06
GOLD,LONG,2026-06-12 22:45:00,124402.0,124379.4101170838,124469.76964874861,SHA_FLIP,2026-06-12 23:07:00,124379.4101170838,STOP_LOSS,-2258.988291620335,5376.08,-7635.068291620335,22.0,2026-06
GOLD,LONG,2026-06-12 23:11:00,124479.0,124438.22429141065,124601.32712576806,SHA_FLIP,2026-06-12 23:15:00,124438.22429141065,STOP_LOSS,-4077.57085893536,5379.16,-9456.73085893536,4.0,2026-06
GOLD,SHORT,2026-06-12 23:18:00,124299.0,124348.72614756203,124149.8215573139,SHA_FLIP,2026-06-12 23:25:00,124348.72614756203,STOP_LOSS,-4972.614756203257,5371.96,-10344.574756203256,7.0,2026-06
GOLD,LONG,2026-06-12 23:26:00,124489.0,124437.91680386348,124642.24958840956,SHA_FLIP,2026-06-12 23:29:00,124437.91680386348,STOP_LOSS,-5108.319613651838,5379.56,-10487.87961365184,3.0,2026-06
SILVER,LONG,2026-06-15 09:41:00,2657.0,2654.492781642335,2664.5216550729947,SHA_FLIP,2026-06-15 11:13:00,2654.492781642335,STOP_LOSS,-75.2165507299469,211.88400000000001,-287.1005507299469,92.0,2026-06
SILVER,SHORT,2026-06-15 12:34:00,2651.0,2652.348200539272,2646.955398382184,SHA_FLIP,2026-06-15 12:52:00,2652.348200539272,STOP_LOSS,-40.4460161781617,211.812,-252.2580161781617,18.0,2026-06
SILVER,LONG,2026-06-15 14:06:00,2656.0,2654.632644769086,2660.1020656927426,SHA_FLIP,2026-06-15 15:27:00,2660.1020656927426,TAKE_PROFIT,123.06197078227797,211.872,-88.81002921772205,81.0,2026-06
SILVER,SHORT,2026-06-15 15:33:00,2655.0,2657.1863602069325,2648.4409193792026,SHA_FLIP,2026-06-15 15:59:00,2657.1863602069325,STOP_LOSS,-65.59080620797431,211.86,-277.4508062079743,26.0,2026-06
SILVER,SHORT,2026-06-15 16:44:00,2658.0,2659.338340227646,2653.9849793170624,SHA_FLIP,2026-06-15 17:02:00,2659.338340227646,STOP_LOSS,-40.15020682937575,211.89600000000002,-252.04620682937576,18.0,2026-06
SILVER,LONG,2026-06-15 17:02:00,2665.0,2662.564829991756,2672.3055100247316,SHA_FLIP,2026-06-15 18:07:00,2662.564829991756,STOP_LOSS,-73.05510024731575,211.98,-285.03510024731577,65.0,2026-06
SILVER,LONG,2026-06-15 18:09:00,2665.0,2663.6316077930387,2669.105176620884,SHA_FLIP,2026-06-15 18:15:00,2663.6316077930387,STOP_LOSS,-41.05176620883867,211.98,-253.03176620883866,6.0,2026-06
SILVER,LONG,2026-06-15 18:21:00,2667.0,2664.2093704604767,2675.3718886185698,SHA_FLIP,2026-06-15 18:23:00,2664.2093704604767,STOP_LOSS,-83.71888618569756,212.00400000000002,-295.7228861856976,2.0,2026-06
SILVER,SHORT,2026-06-15 18:26:00,2664.0,2666.449404067316,2656.6517877980514,SHA_FLIP,2026-06-15 19:01:00,2666.449404067316,STOP_LOSS,-73.48212201948627,211.968,-285.45012201948623,35.0,2026-06
GOLD,LONG,2026-06-15 18:55:00,126651.0,126624.90224053546,126729.29327839361,SHA_FLIP,2026-06-15 19:02:00,126729.29327839361,TAKE_PROFIT,7829.327839361213,5466.04,2363.2878393612127,7.0,2026-06
GOLD,SHORT,2026-06-15 20:08:00,126600.0,126615.07387910469,126554.77836268593,SHA_FLIP,2026-06-15 20:25:00,126615.07387910469,STOP_LOSS,-1507.3879104689695,5464.0,-6971.3879104689695,17.0,2026-06
SILVER,SHORT,2026-06-15 19:57:00,2664.0,2665.4000398838725,2659.7998803483824,SHA_FLIP,2026-06-15 20:31:00,2659.7998803483824,TAKE_PROFIT,126.00358954852709,211.968,-85.9644104514729,34.0,2026-06
GOLD,LONG,2026-06-15 20:25:00,126730.0,126704.72168436756,126805.83494689733,SHA_FLIP,2026-06-15 20:41:00,126704.72168436756,STOP_LOSS,-2527.831563244399,5469.2,-7997.031563244399,16.0,2026-06
GOLD,SHORT,2026-06-15 20:41:00,126534.0,126575.76083516174,126408.71749451479,SHA_FLIP,2026-06-15 20:47:00,126575.76083516174,STOP_LOSS,-4176.083516173821,5461.360000000001,-9637.443516173822,6.0,2026-06
SILVER,LONG,2026-06-15 21:51:00,2651.0,2649.6665251700792,2655.0004244897623,SHA_FLIP,2026-06-15 22:15:00,2649.6665251700792,STOP_LOSS,-40.00424489762281,211.812,-251.81624489762282,24.0,2026-06
GOLD,SHORT,2026-06-15 22:01:00,126355.0,126387.26715069813,126258.19854790562,SHA_FLIP,2026-06-15 22:26:00,126387.26715069813,STOP_LOSS,-3226.7150698127807,5454.2,-8680.915069812781,25.0,2026-06
GOLD,SHORT,2026-06-15 22:35:00,126325.0,126348.02145690122,126255.93562929635,SHA_FLIP,2026-06-15 22:36:00,126348.02145690122,STOP_LOSS,-2302.145690121688,5453.0,-7755.145690121688,1.0,2026-06
GOLD,LONG,2026-06-15 22:57:00,126398.0,126383.5381545647,126441.38553630591,SHA_FLIP,2026-06-15 23:08:00,126383.5381545647,STOP_LOSS,-1446.1845435303985,5455.92,-6902.104543530399,11.0,2026-06
GOLD,SHORT,2026-06-15 23:09:00,126322.0,126337.77019511347,126274.6894146596,SHA_FLIP,2026-06-15 23:10:00,126274.6894146596,TAKE_PROFIT,4731.0585340397665,5452.88,-721.8214659602336,1.0,2026-06
SILVER,SHORT,2026-06-15 23:28:00,2642.0,2645.143938071199,2632.568185786403,SHA_FLIP,2026-06-15 23:29:00,2645.143938071199,STOP_LOSS,-94.31814213597136,211.704,-306.02214213597136,1.0,2026-06
SILVER,SHORT,2026-06-16 09:27:00,2636.0,2636.792539761973,2633.6223807140814,SHA_FLIP,2026-06-16 09:38:00,2633.6223807140814,TAKE_PROFIT,71.3285785775588,211.632,-140.3034214224412,11.0,2026-06
SILVER,SHORT,2026-06-16 10:07:00,2630.0,2631.1684227896794,2626.4947316309617,SHA_FLIP,2026-06-16 10:13:00,2626.4947316309617,TAKE_PROFIT,105.1580510711483,211.56,-106.40194892885171,6.0,2026-06
SILVER,SHORT,2026-06-16 10:31:00,2624.0,2626.028514422997,2617.914456731009,SHA_FLIP,2026-06-16 10:38:00,2626.028514422997,STOP_LOSS,-60.85543268990932,211.488,-272.3434326899093,7.0,2026-06
SILVER,SHORT,2026-06-16 11:02:00,2619.0,2622.0670132367245,2609.7989602898265,SHA_FLIP,2026-06-16 11:07:00,2609.7989602898265,TAKE_PROFIT,276.03119130520554,211.428,64.60319130520554,5.0,2026-06
SILVER,LONG,2026-06-16 13:14:00,2630.0,2627.6353215522754,2637.094035343174,SHA_FLIP,2026-06-16 13:15:00,2627.6353215522754,STOP_LOSS,-70.940353431738,211.56,-282.500353431738,1.0,2026-06
SILVER,LONG,2026-06-16 13:48:00,2639.0,2635.676292713438,2648.9711218596854,SHA_FLIP,2026-06-16 14:09:00,2635.676292713438,STOP_LOSS,-99.71121859685354,211.668,-311.37921859685355,21.0,2026-06
GOLD,LONG,2026-06-16 17:40:00,126280.0,126249.3887317137,126371.8338048589,SHA_FLIP,2026-06-16 18:10:00,126371.8338048589,TAKE_PROFIT,9183.380485890666,5451.2,3732.180485890666,30.0,2026-06
GOLD,SHORT,2026-06-16 18:46:00,126314.0,126370.0313381167,126145.90598564988,SHA_FLIP,2026-06-16 19:15:00,126370.0313381167,STOP_LOSS,-5603.133811670705,5452.56,-11055.693811670706,29.0,2026-06
GOLD,SHORT,2026-06-16 19:39:00,126237.0,126291.64319163395,126073.07042509815,SHA_FLIP,2026-06-16 19:50:00,126073.07042509815,TAKE_PROFIT,16392.957490184926,5449.4800000000005,10943.477490184927,11.0,2026-06
GOLD,LONG,2026-06-16 20:21:00,126125.0,126092.55714565585,126222.32856303244,SHA_FLIP,2026-06-16 20:27:00,126092.55714565585,STOP_LOSS,-3244.2854344146326,5445.0,-8689.285434414633,6.0,2026-06
SILVER,LONG,2026-06-16 20:29:00,2631.0,2629.058600629084,2636.8241981127476,SHA_FLIP,2026-06-16 20:31:00,2629.058600629084,STOP_LOSS,-58.24198112747581,211.572,-269.8139811274758,2.0,2026-06
SILVER,LONG,2026-06-16 21:27:00,2641.0,2636.6658532077777,2654.002440376667,SHA_FLIP,2026-06-16 22:32:00,2636.6658532077777,STOP_LOSS,-130.02440376666982,211.692,-341.7164037666698,65.0,2026-06
SILVER,LONG,2026-06-16 22:55:00,2643.0,2636.973558907596,2661.0793232772126,SHA_FLIP,2026-06-16 22:56:00,2636.973558907596,STOP_LOSS,-180.79323277212552,211.716,-392.50923277212553,1.0,2026-06
SILVER,SHORT,2026-06-16 22:58:00,2630.0,2637.408915875559,2607.7732523733225,SHA_FLIP,2026-06-16 23:04:00,2637.408915875559,STOP_LOSS,-222.2674762667748,211.56,-433.8274762667748,6.0,2026-06
SILVER,LONG,2026-06-17 11:12:00,2633.0,2630.9999780469557,2639.000065859133,SHA_FLIP,2026-06-17 11:39:00,2639.000065859133,TAKE_PROFIT,180.00197577398922,211.596,-31.594024226010788,27.0,2026-06
SILVER,SHORT,2026-06-17 13:07:00,2635.0,2637.0034290090143,2628.989712972957,SHA_FLIP,2026-06-17 13:52:00,2628.989712972957,TAKE_PROFIT,180.30861081128933,211.62,-31.311389188710677,45.0,2026-06
SILVER,SHORT,2026-06-17 14:15:00,2625.0,2626.349790641551,2620.950628075347,SHA_FLIP,2026-06-17 14:22:00,2626.349790641551,STOP_LOSS,-40.4937192465286,211.5,-251.9937192465286,7.0,2026-06
SILVER,LONG,2026-06-17 16:09:00,2629.0,2628.0367808210553,2631.889657536834,SHA_FLIP,2026-06-17 17:20:00,2628.0367808210553,STOP_LOSS,-28.896575368339654,211.548,-240.44457536833966,71.0,2026-06
SILVER,SHORT,2026-06-17 17:20:00,2626.0,2627.669603192509,2620.991190422473,SHA_FLIP,2026-06-17 17:31:00,2627.669603192509,STOP_LOSS,-50.0880957752679,211.512,-261.6000957752679,11.0,2026-06
GOLD,LONG,2026-06-17 18:36:00,125847.0,125838.19845316025,125873.40464051925,SHA_FLIP,2026-06-17 18:45:00,125873.40464051925,TAKE_PROFIT,2640.464051924937,5433.88,-2793.415948075063,9.0,2026-06
SILVER,SHORT,2026-06-17 18:43:00,2626.0,2630.346829179861,2612.9595124604175,SHA_FLIP,2026-06-17 19:11:00,2630.346829179861,STOP_LOSS,-130.404875395825,211.512,-341.916875395825,28.0,2026-06
SILVER,LONG,2026-06-17 19:11:00,2632.0,2628.8391905613266,2641.48242831602,SHA_FLIP,2026-06-17 19:32:00,2628.8391905613266,STOP_LOSS,-94.82428316020105,211.584,-306.40828316020105,21.0,2026-06
GOLD,LONG,2026-06-17 19:53:00,126249.0,126191.96415627838,126420.10753116486,SHA_FLIP,2026-06-17 19:58:00,126420.10753116486,TAKE_PROFIT,17110.753116486012,5449.96,11660.793116486013,5.0,2026-06
SILVER,LONG,2026-06-17 19:57:00,2640.0,2635.6157166911635,2653.1528499265096,SHA_FLIP,2026-06-17 20:14:00,2653.1528499265096,TAKE_PROFIT,394.58549779528767,211.68,182.90549779528766,17.0,2026-06
SILVER,SHORT,2026-06-17 20:18:00,2634.0,2642.586587968602,2608.2402360941937,SHA_FLIP,2026-06-17 21:04:00,2642.586587968602,STOP_LOSS,-257.59763905806267,211.608,-469.2056390580627,46.0,2026-06
GOLD,LONG,2026-06-17 20:45:00,126342.0,126322.22981360304,126401.31055919087,SHA_FLIP,2026-06-17 21:27:00,126401.31055919087,TAKE_PROFIT,5931.055919086793,5453.68,477.37591908679315,42.0,2026-06
SILVER,SHORT,2026-06-17 22:50:00,2641.0,2642.0146559589957,2637.956032123013,SHA_FLIP,2026-06-17 22:59:00,2642.0146559589957,STOP_LOSS,-30.439678769871534,211.692,-242.13167876987154,9.0,2026-06
SILVER,SHORT,2026-06-18 09:58:00,2615.0,2617.368156951459,2607.8955291456236,SHA_FLIP,2026-06-18 10:13:00,2607.8955291456236,TAKE_PROFIT,213.13412563129077,211.38,1.7541256312907763,15.0,2026-06
SILVER,LONG,2026-06-18 11:48:00,2615.0,2607.167702814303,2638.4968915570907,SHA_FLIP,2026-06-18 11:50:00,2607.167702814303,STOP_LOSS,-234.96891557090748,211.38,-446.3489155709075,2.0,2026-06
SILVER,SHORT,2026-06-18 12:10:00,2595.0,2598.0142925443893,2585.957122366832,SHA_FLIP,2026-06-18 12:45:00,2598.0142925443893,STOP_LOSS,-90.42877633167791,211.14,-301.5687763316779,35.0,2026-06
SILVER,SHORT,2026-06-18 13:09:00,2597.0,2599.782466457966,2588.6526006261015,SHA_FLIP,2026-06-18 13:57:00,2588.6526006261015,TAKE_PROFIT,250.42198121695492,211.164,39.25798121695493,48.0,2026-06
SILVER,SHORT,2026-06-18 14:08:00,2585.0,2587.8295399877666,2576.5113800367003,SHA_FLIP,2026-06-18 14:09:00,2587.8295399877666,STOP_LOSS,-84.88619963299698,211.02,-295.90619963299696,1.0,2026-06
SILVER,SHORT,2026-06-18 14:29:00,2582.0,2585.321042908013,2572.0368712759605,SHA_FLIP,2026-06-18 15:12:00,2585.321042908013,STOP_LOSS,-99.63128724039507,210.984,-310.6152872403951,43.0,2026-06
SILVER,LONG,2026-06-18 15:49:00,2594.0,2592.1501080864914,2599.549675740526,SHA_FLIP,2026-06-18 15:55:00,2592.1501080864914,STOP_LOSS,-55.496757405257995,211.128,-266.624757405258,6.0,2026-06
SILVER,SHORT,2026-06-18 16:32:00,2576.0,2579.8648014797677,2564.405595560697,SHA_FLIP,2026-06-18 17:07:00,2564.405595560697,TAKE_PROFIT,347.83213317909485,210.912,136.92013317909485,35.0,2026-06
GOLD,LONG,2026-06-18 17:42:00,124306.0,124235.66489130394,124517.00532608818,SHA_FLIP,2026-06-18 17:57:00,124235.66489130394,STOP_LOSS,-7033.510869606107,5372.240000000001,-12405.750869606109,15.0,2026-06
GOLD,LONG,2026-06-18 17:59:00,124310.0,124229.08516651386,124552.74450045842,SHA_FLIP,2026-06-18 18:05:00,124229.08516651386,STOP_LOSS,-8091.483348613838,5372.400000000001,-13463.88334861384,6.0,2026-06
SILVER,LONG,2026-06-18 18:58:00,2561.0,2556.843084465816,2573.470746602552,SHA_FLIP,2026-06-18 19:25:00,2556.843084465816,STOP_LOSS,-124.70746602552026,210.732,-335.43946602552023,27.0,2026-06
SILVER,SHORT,2026-06-18 19:47:00,2556.0,2557.622768404341,2551.131694786977,SHA_FLIP,2026-06-18 19:56:00,2557.622768404341,STOP_LOSS,-48.68305213023177,210.672,-259.3550521302318,9.0,2026-06
GOLD,SHORT,2026-06-18 20:15:00,123858.0,123913.25709456684,123692.22871629948,SHA_FLIP,2026-06-18 20:16:00,123913.25709456684,STOP_LOSS,-5525.709456684126,5354.320000000001,-10880.029456684126,1.0,2026-06
GOLD,SHORT,2026-06-18 20:43:00,124035.0,124048.86079348698,123993.41761953906,SHA_FLIP,2026-06-18 20:47:00,124048.86079348698,STOP_LOSS,-1386.0793486979674,5361.400000000001,-6747.479348697968,4.0,2026-06
SILVER,SHORT,2026-06-18 20:01:00,2554.0,2556.8878505501434,2545.3364483495698,SHA_FLIP,2026-06-18 20:56:00,2545.3364483495698,TAKE_PROFIT,259.9065495129071,210.648,49.25854951290708,55.0,2026-06
GOLD,SHORT,2026-06-18 20:56:00,123905.0,123947.95690472714,123776.12928581859,SHA_FLIP,2026-06-18 21:08:00,123776.12928581859,TAKE_PROFIT,12887.07141814084,5356.2,7530.87141814084,12.0,2026-06
GOLD,SHORT,2026-06-18 22:22:00,123400.0,123443.41490870126,123269.75527389621,SHA_FLIP,2026-06-18 22:26:00,123443.41490870126,STOP_LOSS,-4341.49087012629,5336.0,-9677.49087012629,4.0,2026-06
SILVER,LONG,2026-06-18 22:06:00,2542.0,2541.227525558736,2544.317423323792,SHA_FLIP,2026-06-18 22:28:00,2541.227525558736,STOP_LOSS,-23.174233237918997,210.504,-233.678233237919,22.0,2026-06
SILVER,LONG,2026-06-18 22:38:00,2545.0,2543.5501371061728,2549.3495886814817,SHA_FLIP,2026-06-18 22:44:00,2549.3495886814817,TAKE_PROFIT,130.48766044445074,210.54,-80.05233955554925,6.0,2026-06
GOLD,LONG,2026-06-18 23:04:00,123635.0,123592.2374312316,123763.28770630521,SHA_FLIP,2026-06-18 23:07:00,123592.2374312316,STOP_LOSS,-4276.256876840489,5345.400000000001,-9621.65687684049,3.0,2026-06
GOLD,SHORT,2026-06-18 23:07:00,123451.0,123515.6368484694,123257.08945459181,SHA_FLIP,2026-06-18 23:25:00,123515.6368484694,STOP_LOSS,-6463.684846939577,5338.04,-11801.724846939578,18.0,2026-06
SILVER,SHORT,2026-06-18 23:17:00,2539.0,2542.045603587895,2529.8631892363146,SHA_FLIP,2026-06-18 23:29:00,2542.045603587895,STOP_LOSS,-91.36810763685389,210.468,-301.83610763685385,12.0,2026-06
SILVER,SHORT,2026-06-19 10:01:00,2461.0,2464.071696930153,2451.784909209541,SHA_FLIP,2026-06-19 10:34:00,2451.784909209541,TAKE_PROFIT,276.4527237137645,209.532,66.92072371376449,33.0,2026-06
SILVER,SHORT,2026-06-19 11:06:00,2446.0,2448.1681463415816,2439.495560975255,SHA_FLIP,2026-06-19 11:14:00,2448.1681463415816,STOP_LOSS,-65.04439024744897,209.352,-274.39639024744895,8.0,2026-06
SILVER,LONG,2026-06-19 12:17:00,2478.0,2475.8777475334323,2484.366757399703,SHA_FLIP,2026-06-19 12:18:00,2484.366757399703,TAKE_PROFIT,191.0027219910944,209.736,-18.733278008905586,1.0,2026-06
SILVER,SHORT,2026-06-19 13:18:00,2489.0,2491.3118809086645,2482.0643572740064,SHA_FLIP,2026-06-19 13:30:00,2491.3118809086645,STOP_LOSS,-69.35642725993603,209.868,-279.224427259936,12.0,2026-06
SILVER,LONG,2026-06-19 13:30:00,2494.0,2491.9181971600988,2500.2454085197037,SHA_FLIP,2026-06-19 13:51:00,2500.2454085197037,TAKE_PROFIT,187.36225559111062,209.928,-22.565744408889373,21.0,2026-06
SILVER,SHORT,2026-06-19 14:11:00,2479.0,2491.8509866584495,2440.4470400246514,SHA_FLIP,2026-06-19 14:14:00,2491.8509866584495,STOP_LOSS,-385.52959975348585,209.748,-595.2775997534859,3.0,2026-06
SILVER,SHORT,2026-06-19 14:40:00,2495.0,2496.97736460341,2489.06790618977,SHA_FLIP,2026-06-19 15:07:00,2496.97736460341,STOP_LOSS,-59.320938102300715,209.94,-269.2609381023007,27.0,2026-06
SILVER,SHORT,2026-06-19 15:32:00,2489.0,2492.5823509314523,2478.252947205643,SHA_FLIP,2026-06-19 16:09:00,2478.252947205643,TAKE_PROFIT,322.41158383070797,209.868,112.54358383070797,37.0,2026-06
SILVER,SHORT,2026-06-19 16:39:00,2475.0,2477.1680027767684,2468.495991669695,SHA_FLIP,2026-06-19 16:48:00,2468.495991669695,TAKE_PROFIT,195.12024990915506,209.7,-14.579750090844925,9.0,2026-06
SILVER,SHORT,2026-06-19 17:00:00,2473.0,2474.7269249716232,2467.8192250851303,SHA_FLIP,2026-06-19 17:09:00,2474.7269249716232,STOP_LOSS,-51.80774914869744,209.676,-261.4837491486974,9.0,2026-06
SILVER,LONG,2026-06-19 17:42:00,2488.0,2485.9528979747497,2494.141306075751,SHA_FLIP,2026-06-19 18:04:00,2485.9528979747497,STOP_LOSS,-61.4130607575089,209.856,-271.2690607575089,22.0,2026-06
SILVER,SHORT,2026-06-19 18:04:00,2479.0,2482.0878790876486,2469.736362737054,SHA_FLIP,2026-06-19 18:22:00,2482.0878790876486,STOP_LOSS,-92.63637262945849,209.748,-302.3843726294585,18.0,2026-06
SILVER,LONG,2026-06-19 18:56:00,2498.0,2494.8619978195006,2507.414006541498,SHA_FLIP,2026-06-19 19:08:00,2494.8619978195006,STOP_LOSS,-94.14006541498111,209.976,-304.1160654149811,12.0,2026-06
GOLD,SHORT,2026-06-19 19:31:00,121800.0,121826.57614495458,121720.27156513625,SHA_FLIP,2026-06-19 20:16:00,121720.27156513625,TAKE_PROFIT,7972.843486374768,5272.0,2700.843486374768,45.0,2026-06
SILVER,LONG,2026-06-19 20:58:00,2487.0,2483.9285775413773,2496.214267375868,SHA_FLIP,2026-06-19 21:28:00,2483.9285775413773,STOP_LOSS,-92.14267375868076,209.844,-301.98667375868075,30.0,2026-06
GOLD,SHORT,2026-06-19 21:35:00,121705.0,121719.60797939969,121661.17606180093,SHA_FLIP,2026-06-19 21:57:00,121719.60797939969,STOP_LOSS,-1460.797939969052,5268.2,-6728.997939969052,22.0,2026-06
SILVER,SHORT,2026-06-19 21:28:00,2479.0,2481.7086331282526,2470.8741006152422,SHA_FLIP,2026-06-19 22:03:00,2481.7086331282526,STOP_LOSS,-81.25899384757759,209.748,-291.0069938475776,35.0,2026-06
GOLD,LONG,2026-06-19 22:44:00,121900.0,121886.72512323984,121939.82463028048,SHA_FLIP,2026-06-19 22:49:00,121939.82463028048,TAKE_PROFIT,3982.4630280476413,5276.0,-1293.5369719523587,5.0,2026-06
SILVER,LONG,2026-06-19 22:41:00,2491.0,2487.9351854485676,2500.194443654297,SHA_FLIP,2026-06-19 23:00:00,2487.9351854485676,STOP_LOSS,-91.94443654297174,209.892,-301.83643654297174,19.0,2026-06
GOLD,SHORT,2026-06-19 23:04:00,121792.0,121823.98202751945,121696.05391744165,SHA_FLIP,2026-06-19 23:08:00,121823.98202751945,STOP_LOSS,-3198.202751945064,5271.68,-8469.882751945064,4.0,2026-06
GOLD,SHORT,2026-06-19 23:20:00,121821.0,121866.15528345961,121685.53414962118,SHA_FLIP,2026-06-19 23:26:00,121866.15528345961,STOP_LOSS,-4515.5283459607745,5272.84,-9788.368345960775,6.0,2026-06
SILVER,LONG,2026-06-22 09:37:00,2499.0,2496.5576267730285,2506.3271196809146,SHA_FLIP,2026-06-22 09:59:00,2496.5576267730285,STOP_LOSS,-73.2711968091462,209.988,-283.2591968091462,22.0,2026-06
SILVER,LONG,2026-06-22 10:10:00,2502.0,2498.8609512968055,2511.4171461095834,SHA_FLIP,2026-06-22 10:27:00,2498.8609512968055,STOP_LOSS,-94.17146109583427,210.024,-304.1954610958343,17.0,2026-06
SILVER,LONG,2026-06-22 10:45:00,2504.0,2501.920325598205,2510.2390232053845,SHA_FLIP,2026-06-22 11:04:00,2510.2390232053845,TAKE_PROFIT,187.17069616153367,210.048,-22.877303838466332,19.0,2026-06
SILVER,LONG,2026-06-22 11:34:00,2523.0,2520.8467662634466,2529.45970120966,SHA_FLIP,2026-06-22 12:10:00,2520.8467662634466,STOP_LOSS,-64.59701209660125,210.276,-274.87301209660126,36.0,2026-06
SILVER,LONG,2026-06-22 12:50:00,2529.0,2526.953054428111,2535.140836715667,SHA_FLIP,2026-06-22 13:00:00,2526.953054428111,STOP_LOSS,-61.408367156668646,210.348,-271.75636715666866,10.0,2026-06
SILVER,LONG,2026-06-22 14:13:00,2519.0,2516.227794923256,2527.3166152302315,SHA_FLIP,2026-06-22 16:36:00,2527.3166152302315,TAKE_PROFIT,249.49845690694474,210.228,39.27045690694473,143.0,2026-06
SILVER,LONG,2026-06-22 16:36:00,2529.0,2526.9806529944135,2535.0580410167595,SHA_FLIP,2026-06-22 16:49:00,2526.9806529944135,STOP_LOSS,-60.58041016759489,210.348,-270.9284101675949,13.0,2026-06
SILVER,SHORT,2026-06-22 17:08:00,2524.0,2524.9050206083225,2521.2849381750325,SHA_FLIP,2026-06-22 17:23:00,2524.9050206083225,STOP_LOSS,-27.150618249675063,210.288,-237.43861824967507,15.0,2026-06
GOLD,LONG,2026-06-22 17:53:00,123062.0,123033.44523974767,123147.66428075699,SHA_FLIP,2026-06-22 18:28:00,123033.44523974767,STOP_LOSS,-2855.476025232929,5322.4800000000005,-8177.956025232929,35.0,2026-06
SILVER,LONG,2026-06-22 18:42:00,2530.0,2528.3297249805787,2535.010825058264,SHA_FLIP,2026-06-22 18:47:00,2528.3297249805787,STOP_LOSS,-50.1082505826389,210.36,-260.4682505826389,5.0,2026-06
SILVER,SHORT,2026-06-22 19:30:00,2524.0,2524.7591086384923,2521.722674084523,SHA_FLIP,2026-06-22 19:33:00,2521.722674084523,TAKE_PROFIT,68.31977746430766,210.288,-141.96822253569235,3.0,2026-06
SILVER,SHORT,2026-06-22 19:53:00,2514.0,2518.2542384857966,2501.2372845426103,SHA_FLIP,2026-06-22 20:23:00,2518.2542384857966,STOP_LOSS,-127.62715457389731,210.168,-337.7951545738973,30.0,2026-06
GOLD,SHORT,2026-06-22 18:28:00,122813.0,122862.99076635513,122663.02770093462,SHA_FLIP,2026-06-22 21:14:00,122663.02770093462,TAKE_PROFIT,14997.229906538269,5312.52,9684.709906538268,166.0,2026-06
SILVER,SHORT,2026-06-22 21:43:00,2497.0,2500.8045167810674,2485.586449656798,SHA_FLIP,2026-06-22 21:48:00,2500.8045167810674,STOP_LOSS,-114.13550343202132,209.964,-324.0995034320213,5.0,2026-06
SILVER,SHORT,2026-06-22 22:02:00,2501.0,2502.5656001962484,2496.303199411255,SHA_FLIP,2026-06-22 22:22:00,2502.5656001962484,STOP_LOSS,-46.96800588745191,210.012,-256.9800058874519,20.0,2026-06
SILVER,SHORT,2026-06-22 23:18:00,2498.0,2503.320100207898,2482.0396993763056,SHA_FLIP,2026-06-22 23:19:00,2503.320100207898,STOP_LOSS,-159.60300623694366,209.976,-369.57900623694366,1.0,2026-06
SILVER,LONG,2026-06-22 23:19:00,2504.0,2497.3892464864884,2523.8322605405347,SHA_FLIP,2026-06-23 09:00:00,2444.0,SESSION_END,-1800.0,210.048,-2010.048,581.0,2026-06
GOLD,SHORT,2026-06-22 23:28:00,122436.0,122479.90951859443,122304.2714442167,SHA_FLIP,2026-06-23 09:00:00,121548.0,SESSION_END,88800.0,5297.4400000000005,83502.56,572.0,2026-06
SILVER,SHORT,2026-06-23 09:35:00,2445.0,2447.5567798423876,2437.329660472837,SHA_FLIP,2026-06-23 10:09:00,2437.329660472837,TAKE_PROFIT,230.1101858148877,209.34,20.770185814887697,34.0,2026-06
SILVER,SHORT,2026-06-23 10:54:00,2431.0,2432.236975291893,2427.289074124321,SHA_FLIP,2026-06-23 11:00:00,2427.289074124321,TAKE_PROFIT,111.32777627037285,209.172,-97.84422372962715,6.0,2026-06
SILVER,SHORT,2026-06-23 11:16:00,2428.0,2431.7174338778705,2416.8476983663886,SHA_FLIP,2026-06-23 13:23:00,2416.8476983663886,TAKE_PROFIT,334.5690490083416,209.136,125.43304900834161,127.0,2026-06
SILVER,LONG,2026-06-23 14:47:00,2427.0,2425.0099811775613,2432.970056467316,SHA_FLIP,2026-06-23 15:29:00,2432.970056467316,TAKE_PROFIT,179.10169401948679,209.124,-30.02230598051321,42.0,2026-06
GOLD,SHORT,2026-06-23 17:30:00,121344.0,121349.69165819557,121326.92502541328,SHA_FLIP,2026-06-23 17:44:00,121326.92502541328,TAKE_PROFIT,1707.497458672151,5253.76,-3546.2625413278492,14.0,2026-06
SILVER,SHORT,2026-06-23 17:21:00,2425.0,2426.674509438448,2419.9764716846566,SHA_FLIP,2026-06-23 18:03:00,2426.674509438448,STOP_LOSS,-50.235283153433556,209.1,-259.3352831534336,42.0,2026-06
SILVER,SHORT,2026-06-23 18:31:00,2420.0,2422.3746363774353,2412.876090867694,SHA_FLIP,2026-06-23 19:04:00,2422.3746363774353,STOP_LOSS,-71.23909132305926,209.04,-280.2790913230592,33.0,2026-06
SILVER,LONG,2026-06-23 19:04:00,2425.0,2423.304236798902,2430.0872896032943,SHA_FLIP,2026-06-23 19:25:00,2430.0872896032943,TAKE_PROFIT,152.618688098828,209.1,-56.481311901172006,21.0,2026-06
GOLD,SHORT,2026-06-23 19:57:00,121400.0,121445.47717379472,121263.56847861585,SHA_FLIP,2026-06-23 20:28:00,121445.47717379472,STOP_LOSS,-4547.717379471578,5256.0,-9803.717379471578,31.0,2026-06
SILVER,SHORT,2026-06-23 20:01:00,2423.0,2427.6902600505755,2408.9292198482735,SHA_FLIP,2026-06-23 21:33:00,2427.6902600505755,STOP_LOSS,-140.70780151726467,209.076,-349.7838015172647,92.0,2026-06
GOLD,LONG,2026-06-23 20:28:00,121494.0,121466.21021960578,121577.36934118265,SHA_FLIP,2026-06-23 22:06:00,121577.36934118265,TAKE_PROFIT,8336.934118265344,5259.76,3077.174118265344,98.0,2026-06
SILVER,SHORT,2026-06-23 22:02:00,2426.0,2426.6724358374845,2423.9826924875465,SHA_FLIP,2026-06-23 22:08:00,2423.9826924875465,TAKE_PROFIT,60.51922537360497,209.112,-148.59277462639503,6.0,2026-06
GOLD,LONG,2026-06-23 22:24:00,121558.0,121552.38364306715,121574.84907079855,SHA_FLIP,2026-06-23 22:26:00,121552.38364306715,STOP_LOSS,-561.6356932849158,5262.320000000001,-5823.955693284916,2.0,2026-06
GOLD,SHORT,2026-06-23 22:53:00,121461.0,121472.11478070628,121427.65565788116,SHA_FLIP,2026-06-23 22:56:00,121472.11478070628,STOP_LOSS,-1111.4780706280726,5258.4400000000005,-6369.918070628073,3.0,2026-06
GOLD,LONG,2026-06-23 22:59:00,121541.0,121519.22898448978,121606.31304653067,SHA_FLIP,2026-06-23 23:05:00,121519.22898448978,STOP_LOSS,-2177.101551022497,5261.64,-7438.741551022497,6.0,2026-06
SILVER,SHORT,2026-06-23 22:36:00,2421.0,2423.087766332789,2414.7367010016324,SHA_FLIP,2026-06-23 23:09:00,2414.7367010016324,TAKE_PROFIT,187.89896995102936,209.052,-21.153030048970635,33.0,2026-06
GOLD,SHORT,2026-06-23 23:14:00,121438.0,121495.62931369948,121265.11205890156,SHA_FLIP,2026-06-23 23:15:00,121495.62931369948,STOP_LOSS,-5762.93136994791,5257.52,-11020.45136994791,1.0,2026-06
GOLD,LONG,2026-06-23 23:15:00,121555.0,121481.65459479378,121775.03621561865,SHA_FLIP,2026-06-23 23:25:00,121481.65459479378,STOP_LOSS,-7334.540520621522,5262.2,-12596.740520621523,10.0,2026-06
SILVER,SHORT,2026-06-24 09:27:00,2396.0,2398.266573932929,2389.2002782012128,SHA_FLIP,2026-06-24 09:30:00,2389.2002782012128,TAKE_PROFIT,203.99165396361695,208.752,-4.760346036383055,3.0,2026-06
SILVER,SHORT,2026-06-24 10:04:00,2371.0,2372.8459794778723,2365.462061566383,SHA_FLIP,2026-06-24 10:08:00,2372.8459794778723,STOP_LOSS,-55.379384336170006,208.452,-263.83138433617,4.0,2026-06
SILVER,SHORT,2026-06-24 10:18:00,2373.0,2374.29838440465,2369.1048467860505,SHA_FLIP,2026-06-24 10:21:00,2374.29838440465,STOP_LOSS,-38.9515321394947,208.476,-247.4275321394947,3.0,2026-06
SILVER,LONG,2026-06-24 10:22:00,2375.0,2373.689715417655,2378.930853747035,SHA_FLIP,2026-06-24 10:24:00,2373.689715417655,STOP_LOSS,-39.30853747035144,208.5,-247.80853747035144,2.0,2026-06
SILVER,SHORT,2026-06-24 10:25:00,2373.0,2374.4307245118257,2368.707826464523,SHA_FLIP,2026-06-24 10:28:00,2374.4307245118257,STOP_LOSS,-42.921735354771045,208.476,-251.39773535477104,3.0,2026-06
SILVER,LONG,2026-06-24 10:28:00,2377.0,2374.818280962228,2383.545157113316,SHA_FLIP,2026-06-24 10:34:00,2374.818280962228,STOP_LOSS,-65.45157113315781,208.524,-273.9755711331578,6.0,2026-06
SILVER,SHORT,2026-06-24 10:36:00,2372.0,2374.416419904264,2364.7507402872084,SHA_FLIP,2026-06-24 10:40:00,2374.416419904264,STOP_LOSS,-72.49259712791627,208.464,-280.95659712791627,4.0,2026-06
SILVER,LONG,2026-06-24 10:42:00,2378.0,2374.610071673707,2388.1697849788793,SHA_FLIP,2026-06-24 11:00:00,2388.1697849788793,TAKE_PROFIT,305.0935493663792,208.536,96.55754936637919,18.0,2026-06
SILVER,LONG,2026-06-24 11:20:00,2389.0,2386.9114496404145,2395.2656510787565,SHA_FLIP,2026-06-24 11:23:00,2386.9114496404145,STOP_LOSS,-62.65651078756491,208.668,-271.3245107875649,3.0,2026-06
SILVER,LONG,2026-06-24 11:30:00,2393.0,2384.544424896525,2418.366725310425,SHA_FLIP,2026-06-24 14:27:00,2384.544424896525,STOP_LOSS,-253.66725310424954,208.716,-462.38325310424955,177.0,2026-06
SILVER,SHORT,2026-06-24 14:55:00,2383.0,2384.2095726081525,2379.3712821755425,SHA_FLIP,2026-06-24 15:31:00,2379.3712821755425,TAKE_PROFIT,108.8615347337236,208.596,-99.7344652662764,36.0,2026-06
SILVER,SHORT,2026-06-24 17:17:00,2345.0,2349.722297078451,2330.833108764647,SHA_FLIP,2026-06-24 17:31:00,2330.833108764647,TAKE_PROFIT,425.00673706058933,208.14,216.86673706058934,14.0,2026-06
CRUDEOIL,SHORT,2026-06-22 20:04:00,6936.0,6949.2,6883.200000000001,SHA_FLIP,2026-06-24 18:11:00,6883.200000000001,TAKE_PROFIT,5279.999999999927,677.44,4602.559999999927,2767.0,2026-06
SILVER,LONG,2026-06-24 18:15:00,2325.0,2315.768082752384,2352.6957517428477,SHA_FLIP,2026-06-24 18:17:00,2315.768082752384,STOP_LOSS,-276.95751742847733,207.9,-484.8575174284773,2.0,2026-06
GOLD,SHORT,2026-06-24 18:27:00,117880.0,117958.21063479318,117645.36809562045,SHA_FLIP,2026-06-24 18:29:00,117645.36809562045,TAKE_PROFIT,23463.1904379552,5115.2,18347.9904379552,2.0,2026-06
SILVER,SHORT,2026-06-24 18:22:00,2310.0,2316.623151883557,2290.130544349329,SHA_FLIP,2026-06-24 19:02:00,2316.623151883557,STOP_LOSS,-198.6945565067117,207.72,-406.41455650671173,40.0,2026-06
SILVER,LONG,2026-06-24 19:02:00,2318.0,2312.134098268017,2335.5977051959485,SHA_FLIP,2026-06-24 19:21:00,2335.5977051959485,TAKE_PROFIT,527.9311558784548,207.816,320.11515587845474,19.0,2026-06
SILVER,SHORT,2026-06-24 19:35:00,2319.0,2328.8627750846554,2289.411674746034,SHA_FLIP,2026-06-24 19:55:00,2328.8627750846554,STOP_LOSS,-295.88325253966104,207.828,-503.711252539661,20.0,2026-06
SILVER,SHORT,2026-06-24 20:07:00,2318.0,2320.96682969985,2309.0995109004493,SHA_FLIP,2026-06-24 20:45:00,2309.0995109004493,TAKE_PROFIT,267.01467298652005,207.816,59.19867298652005,38.0,2026-06
SILVER,SHORT,2026-06-24 21:10:00,2311.0,2312.2274964600406,2307.3175106198782,SHA_FLIP,2026-06-24 21:12:00,2307.3175106198782,TAKE_PROFIT,110.47468140365254,207.732,-97.25731859634746,2.0,2026-06
SILVER,LONG,2026-06-24 21:18:00,2315.0,2308.301044549112,2335.0968663526646,SHA_FLIP,2026-06-24 21:26:00,2308.301044549112,STOP_LOSS,-200.9686635266462,207.78,-408.74866352664617,8.0,2026-06
SILVER,SHORT,2026-06-24 21:26:00,2308.0,2312.9823246104775,2293.0530261685676,SHA_FLIP,2026-06-24 21:31:00,2312.9823246104775,STOP_LOSS,-149.46973831432388,207.696,-357.1657383143239,5.0,2026-06
GOLD,SHORT,2026-06-24 21:24:00,117625.0,117710.33817420783,117368.9854773765,SHA_FLIP,2026-06-24 21:53:00,117710.33817420783,STOP_LOSS,-8533.817420783453,5105.0,-13638.817420783453,29.0,2026-06
SILVER,SHORT,2026-06-24 21:32:00,2310.0,2317.022385011426,2288.9328449657214,SHA_FLIP,2026-06-24 22:37:00,2288.9328449657214,TAKE_PROFIT,632.0146510283575,207.72,424.2946510283575,65.0,2026-06
GOLD,SHORT,2026-06-24 22:36:00,117621.0,117666.57056834782,117484.28829495655,SHA_FLIP,2026-06-24 22:49:00,117484.28829495655,TAKE_PROFIT,13671.170504344627,5104.84,8566.330504344627,13.0,2026-06
SILVER,SHORT,2026-06-25 10:04:00,2252.0,2260.430952431785,2226.707142704645,SHA_FLIP,2026-06-25 10:17:00,2260.430952431785,STOP_LOSS,-252.92857295355134,207.024,-459.95257295355134,13.0,2026-06
SILVER,LONG,2026-06-25 10:55:00,2269.0,2264.6135644443375,2282.1593066669875,SHA_FLIP,2026-06-25 11:07:00,2264.6135644443375,STOP_LOSS,-131.59306666987504,207.228,-338.82106666987505,12.0,2026-06
SILVER,LONG,2026-06-25 11:25:00,2267.0,2264.486315537687,2274.541053386939,SHA_FLIP,2026-06-25 11:36:00,2264.486315537687,STOP_LOSS,-75.41053386938984,207.204,-282.61453386938985,11.0,2026-06
SILVER,SHORT,2026-06-25 12:29:00,2254.0,2254.5843086965488,2252.2470739103537,SHA_FLIP,2026-06-25 12:30:00,2252.2470739103537,TAKE_PROFIT,52.587782689388405,207.048,-154.4602173106116,1.0,2026-06
SILVER,LONG,2026-06-25 14:59:00,2294.0,2290.412666424018,2304.762000727946,SHA_FLIP,2026-06-25 15:05:00,2290.412666424018,STOP_LOSS,-107.62000727946088,207.528,-315.1480072794609,6.0,2026-06
SILVER,SHORT,2026-06-25 16:09:00,2282.0,2283.9596592989874,2276.121022103038,SHA_FLIP,2026-06-25 16:44:00,2276.121022103038,TAKE_PROFIT,176.36933690886508,207.38400000000001,-31.014663091134935,35.0,2026-06
GOLD,LONG,2026-06-25 17:37:00,117260.0,117242.54270606361,117312.37188180916,SHA_FLIP,2026-06-25 17:48:00,117242.54270606361,STOP_LOSS,-1745.7293936386122,5090.400000000001,-6836.129393638613,11.0,2026-06
GOLD,LONG,2026-06-25 17:53:00,117257.0,117247.24975981799,117286.25072054603,SHA_FLIP,2026-06-25 17:55:00,117247.24975981799,STOP_LOSS,-975.0240182009293,5090.280000000001,-6065.30401820093,2.0,2026-06
SILVER,LONG,2026-06-25 18:00:00,2299.0,2287.99551155668,2332.01346532996,SHA_FLIP,2026-06-25 18:01:00,2287.99551155668,STOP_LOSS,-330.13465329960127,207.588,-537.7226532996012,1.0,2026-06
GOLD,LONG,2026-06-25 18:00:00,117720.0,117618.45899695692,118024.62300912924,SHA_FLIP,2026-06-25 18:01:00,117618.45899695692,STOP_LOSS,-10154.10030430794,5108.8,-15262.90030430794,1.0,2026-06
GOLD,LONG,2026-06-25 18:10:00,117487.0,117394.00783755901,117765.97648732297,SHA_FLIP,2026-06-25 18:17:00,117765.97648732297,TAKE_PROFIT,27897.64873229724,5099.4800000000005,22798.16873229724,7.0,2026-06
GOLD,SHORT,2026-06-25 19:10:00,118026.0,118123.43197097129,117733.70408708614,SHA_FLIP,2026-06-25 19:16:00,117733.70408708614,TAKE_PROFIT,29229.59129138617,5121.04,24108.551291386168,6.0,2026-06
SILVER,SHORT,2026-06-25 19:04:00,2308.0,2313.563979840906,2291.3080604772817,SHA_FLIP,2026-06-25 19:24:00,2291.3080604772817,TAKE_PROFIT,500.75818568154773,207.696,293.0621856815477,20.0,2026-06
GOLD,LONG,2026-06-25 19:34:00,118035.0,117929.45704336878,118351.62886989367,SHA_FLIP,2026-06-25 20:34:00,117929.45704336878,STOP_LOSS,-10554.29566312232,5121.400000000001,-15675.695663122322,60.0,2026-06
GOLD,SHORT,2026-06-25 20:44:00,117824.0,117888.3737435533,117630.87876934011,SHA_FLIP,2026-06-25 20:46:00,117888.3737435533,STOP_LOSS,-6437.374355329666,5112.96,-11550.334355329665,2.0,2026-06
GOLD,LONG,2026-06-25 20:52:00,118288.0,118171.96383836388,118636.10848490836,SHA_FLIP,2026-06-25 21:00:00,118171.96383836388,STOP_LOSS,-11603.616163611878,5131.52,-16735.136163611878,8.0,2026-06
GOLD,LONG,2026-06-25 21:16:00,118240.0,118212.50242879719,118322.49271360843,SHA_FLIP,2026-06-25 21:18:00,118322.49271360843,TAKE_PROFIT,8249.271360842977,5129.6,3119.6713608429764,2.0,2026-06
GOLD,LONG,2026-06-25 21:45:00,118489.0,118452.97209494833,118597.08371515501,SHA_FLIP,2026-06-25 22:01:00,118452.97209494833,STOP_LOSS,-3602.7905051669222,5139.56,-8742.350505166924,16.0,2026-06
SILVER,LONG,2026-06-25 21:13:00,2312.0,2306.8025927045996,2327.592221886201,SHA_FLIP,2026-06-25 22:02:00,2306.8025927045996,STOP_LOSS,-155.9222188620106,207.744,-363.6662188620106,49.0,2026-06
GOLD,SHORT,2026-06-25 23:00:00,117922.0,118031.88048477094,117592.35854568718,SHA_FLIP,2026-06-25 23:03:00,118031.88048477094,STOP_LOSS,-10988.04847709398,5116.88,-16104.928477093981,3.0,2026-06
SILVER,SHORT,2026-06-25 22:42:00,2301.0,2305.2624284877334,2288.2127145368,SHA_FLIP,2026-06-25 23:29:00,2305.2624284877334,STOP_LOSS,-127.87285463200078,207.612,-335.48485463200075,47.0,2026-06
SILVER,SHORT,2026-06-26 17:51:00,2292.0,2295.699128811075,2280.9026135667755,SHA_FLIP,2026-06-26 18:24:00,2295.699128811075,STOP_LOSS,-110.97386433224528,207.504,-318.4778643322453,33.0,2026-06
GOLD,LONG,2026-06-26 18:24:00,118551.0,118485.77782961613,118746.66651115162,SHA_FLIP,2026-06-26 18:28:00,118746.66651115162,TAKE_PROFIT,19566.65111516195,5142.04,14424.611115161948,4.0,2026-06
GOLD,LONG,2026-06-26 18:47:00,118701.0,118635.73977557592,118896.78067327225,SHA_FLIP,2026-06-26 18:49:00,118635.73977557592,STOP_LOSS,-6526.02244240843,5148.04,-11674.06244240843,2.0,2026-06
GOLD,SHORT,2026-06-26 18:50:00,118512.0,118587.24198905473,118286.2740328358,SHA_FLIP,2026-06-26 18:51:00,118587.24198905473,STOP_LOSS,-7524.1989054731675,5140.4800000000005,-12664.678905473167,1.0,2026-06
GOLD,LONG,2026-06-26 18:51:00,118827.0,118698.79027615256,119211.62917154231,SHA_FLIP,2026-06-26 19:01:00,118698.79027615256,STOP_LOSS,-12820.9723847438,5153.08,-17974.0523847438,10.0,2026-06
SILVER,SHORT,2026-06-26 18:57:00,2293.0,2295.8928795709244,2284.321361287227,SHA_FLIP,2026-06-26 19:13:00,2295.8928795709244,STOP_LOSS,-86.78638712773136,207.516,-294.3023871277313,16.0,2026-06
GOLD,LONG,2026-06-26 19:13:00,118799.0,118740.06155134492,118975.81534596525,SHA_FLIP,2026-06-26 19:27:00,118975.81534596525,TAKE_PROFIT,17681.534596525307,5151.96,12529.574596525308,14.0,2026-06
SILVER,LONG,2026-06-26 20:14:00,2311.0,2308.1413064449166,2319.57608066525,SHA_FLIP,2026-06-26 20:17:00,2308.1413064449166,STOP_LOSS,-85.76080665250174,207.732,-293.4928066525017,3.0,2026-06
GOLD,LONG,2026-06-26 20:15:00,119225.0,119156.27392492752,119431.17822521745,SHA_FLIP,2026-06-26 20:29:00,119156.27392492752,STOP_LOSS,-6872.607507248176,5169.0,-12041.607507248176,14.0,2026-06
SILVER,SHORT,2026-06-26 20:58:00,2300.0,2303.113519842539,2290.659440472383,SHA_FLIP,2026-06-26 21:00:00,2303.113519842539,STOP_LOSS,-93.40559527617188,207.6,-301.0055952761719,2.0,2026-06
GOLD,SHORT,2026-06-26 20:53:00,118983.0,119035.40173961862,118825.79478114413,SHA_FLIP,2026-06-26 21:01:00,119035.40173961862,STOP_LOSS,-5240.173961862456,5159.320000000001,-10399.493961862456,8.0,2026-06
GOLD,LONG,2026-06-26 21:01:00,119220.0,119155.9212902557,119412.23612923289,SHA_FLIP,2026-06-26 21:43:00,119155.9212902557,STOP_LOSS,-6407.870974429534,5168.8,-11576.670974429533,42.0,2026-06
GOLD,SHORT,2026-06-26 21:43:00,118853.0,118965.32342360196,118516.02972919411,SHA_FLIP,2026-06-26 21:44:00,118965.32342360196,STOP_LOSS,-11232.342360196344,5154.12,-16386.462360196343,1.0,2026-06
SILVER,LONG,2026-06-26 21:47:00,2307.0,2305.4403092257267,2311.67907232282,SHA_FLIP,2026-06-26 21:49:00,2305.4403092257267,STOP_LOSS,-46.79072322820048,207.684,-254.47472322820047,2.0,2026-06
SILVER,SHORT,2026-06-26 21:50:00,2303.0,2305.2597453721714,2296.2207638834857,SHA_FLIP,2026-06-26 22:02:00,2305.2597453721714,STOP_LOSS,-67.79236116514312,207.636,-275.4283611651431,12.0,2026-06
GOLD,SHORT,2026-06-26 21:51:00,119159.0,119249.37537629138,118887.87387112585,SHA_FLIP,2026-06-26 22:22:00,118887.87387112585,TAKE_PROFIT,27112.612887415162,5166.360000000001,21946.25288741516,31.0,2026-06
GOLD,SHORT,2026-06-26 22:32:00,118943.0,118995.17923447167,118786.462296585,SHA_FLIP,2026-06-26 22:33:00,118995.17923447167,STOP_LOSS,-5217.923447166686,5157.72,-10375.643447166687,1.0,2026-06
SILVER,SHORT,2026-06-26 22:37:00,2299.0,2300.2444153201504,2295.2667540395487,SHA_FLIP,2026-06-26 22:38:00,2300.2444153201504,STOP_LOSS,-37.33245960451313,207.588,-244.92045960451313,1.0,2026-06
GOLD,LONG,2026-06-26 22:54:00,119181.0,119135.84087939498,119316.47736181506,SHA_FLIP,2026-06-26 22:55:00,119135.84087939498,STOP_LOSS,-4515.91206050216,5167.24,-9683.15206050216,1.0,2026-06
SILVER,SHORT,2026-06-26 23:14:00,2293.0,2294.720773344485,2287.8376799665443,SHA_FLIP,2026-06-26 23:15:00,2294.720773344485,STOP_LOSS,-51.623200334556714,207.516,-259.1392003345567,1.0,2026-06
SILVER,SHORT,2026-06-29 09:29:00,2291.0,2293.314297088825,2284.0571087335256,SHA_FLIP,2026-06-29 09:43:00,2284.0571087335256,TAKE_PROFIT,208.28673799423086,207.492,0.7947379942308714,14.0,2026-06
SILVER,SHORT,2026-06-29 10:02:00,2284.0,2285.074796392427,2280.7756108227195,SHA_FLIP,2026-06-29 10:10:00,2280.7756108227195,TAKE_PROFIT,96.731675318415,207.40800000000002,-110.67632468158502,8.0,2026-06
SILVER,SHORT,2026-06-29 10:17:00,2281.0,2283.4531670319147,2273.6404989042558,SHA_FLIP,2026-06-29 10:19:00,2283.4531670319147,STOP_LOSS,-73.59501095744235,207.372,-280.96701095744237,2.0,2026-06
SILVER,SHORT,2026-06-29 10:25:00,2280.0,2282.537893413488,2272.3863197595365,SHA_FLIP,2026-06-29 11:00:00,2272.3863197595365,TAKE_PROFIT,228.41040721390527,207.36,21.05040721390526,35.0,2026-06
SILVER,SHORT,2026-06-29 11:00:00,2272.0,2276.104790587115,2259.6856282386548,SHA_FLIP,2026-06-29 11:31:00,2276.104790587115,STOP_LOSS,-123.14371761345228,207.264,-330.4077176134523,31.0,2026-06
SILVER,SHORT,2026-06-29 13:10:00,2277.0,2278.186112453057,2273.4416626408292,SHA_FLIP,2026-06-29 13:11:00,2278.186112453057,STOP_LOSS,-35.58337359170764,207.324,-242.90737359170765,1.0,2026-06
SILVER,LONG,2026-06-29 13:16:00,2280.0,2279.0084360372302,2282.9746918883093,SHA_FLIP,2026-06-29 13:29:00,2279.0084360372302,STOP_LOSS,-29.746918883092803,207.36,-237.10691888309282,13.0,2026-06
SILVER,SHORT,2026-06-29 13:29:00,2276.0,2277.4876447103375,2271.5370658689876,SHA_FLIP,2026-06-29 13:36:00,2277.4876447103375,STOP_LOSS,-44.62934131012389,207.312,-251.9413413101239,7.0,2026-06
SILVER,LONG,2026-06-29 13:37:00,2283.0,2280.5185867843443,2290.444239646967,SHA_FLIP,2026-06-29 14:04:00,2280.5185867843443,STOP_LOSS,-74.44239646967162,207.39600000000002,-281.83839646967164,27.0,2026-06
SILVER,SHORT,2026-06-29 14:04:00,2280.0,2281.0520841533207,2276.843747540038,SHA_FLIP,2026-06-29 14:21:00,2276.843747540038,TAKE_PROFIT,94.68757379886483,207.36,-112.67242620113518,17.0,2026-06
SILVER,SHORT,2026-06-29 14:50:00,2271.0,2272.956527620869,2265.1304171373927,SHA_FLIP,2026-06-29 14:59:00,2272.956527620869,STOP_LOSS,-58.69582862607331,207.252,-265.9478286260733,9.0,2026-06
SILVER,SHORT,2026-06-29 15:05:00,2270.0,2271.9162461153046,2264.251261654086,SHA_FLIP,2026-06-29 15:21:00,2264.251261654086,TAKE_PROFIT,172.46215037741422,207.24,-34.77784962258579,16.0,2026-06
SILVER,SHORT,2026-06-29 16:12:00,2260.0,2263.5047674470848,2249.4856976587457,SHA_FLIP,2026-06-29 16:13:00,2263.5047674470848,STOP_LOSS,-105.14302341254279,207.12,-312.2630234125428,1.0,2026-06
GOLD,SHORT,2026-06-29 18:28:00,118100.0,118128.09922184159,118015.70233447522,SHA_FLIP,2026-06-29 18:47:00,118128.09922184159,STOP_LOSS,-2809.9221841592225,5124.0,-7933.9221841592225,19.0,2026-06
GOLD,SHORT,2026-06-29 18:54:00,118055.0,118091.02654858105,117946.92035425684,SHA_FLIP,2026-06-29 19:16:00,117946.92035425684,TAKE_PROFIT,10807.964574315702,5122.2,5685.764574315702,22.0,2026-06
GOLD,SHORT,2026-06-29 19:16:00,117946.0,117974.8117699695,117859.5646900915,SHA_FLIP,2026-06-29 19:24:00,117859.5646900915,TAKE_PROFIT,8643.530990849831,5117.84,3525.690990849831,8.0,2026-06
GOLD,LONG,2026-06-29 20:15:00,117677.0,117650.38189798707,117756.85430603879,SHA_FLIP,2026-06-29 20:16:00,117650.38189798707,STOP_LOSS,-2661.810201292974,5107.08,-7768.890201292974,1.0,2026-06
GOLD,SHORT,2026-06-29 20:16:00,117602.0,117640.06902174454,117487.79293476639,SHA_FLIP,2026-06-29 20:22:00,117640.06902174454,STOP_LOSS,-3806.9021744537167,5104.08,-8910.982174453717,6.0,2026-06
SILVER,LONG,2026-06-29 20:38:00,2271.0,2269.866373454551,2274.4008796363464,SHA_FLIP,2026-06-29 20:41:00,2269.866373454551,STOP_LOSS,-34.00879636346417,207.252,-241.26079636346418,3.0,2026-06
SILVER,SHORT,2026-06-29 20:41:00,2265.0,2267.7379488949186,2256.786153315244,SHA_FLIP,2026-06-29 20:45:00,2267.7379488949186,STOP_LOSS,-82.13846684755936,207.18,-289.31846684755936,4.0,2026-06
GOLD,LONG,2026-06-29 22:00:00,117741.0,117736.65480046505,117754.03559860484,SHA_FLIP,2026-06-29 22:02:00,117736.65480046505,STOP_LOSS,-434.5199534946005,5109.64,-5544.159953494601,2.0,2026-06
SILVER,LONG,2026-06-29 21:08:00,2271.0,2269.3816420030175,2275.8550739909474,SHA_FLIP,2026-06-29 22:07:00,2269.3816420030175,STOP_LOSS,-48.55073990947403,207.252,-255.80273990947404,59.0,2026-06
SILVER,SHORT,2026-06-29 22:07:00,2269.0,2270.290746002348,2265.127761992956,SHA_FLIP,2026-06-29 22:09:00,2270.290746002348,STOP_LOSS,-38.72238007043961,207.228,-245.95038007043962,2.0,2026-06
GOLD,SHORT,2026-06-29 22:02:00,117700.0,117711.4637276507,117665.6088170479,SHA_FLIP,2026-06-29 22:19:00,117711.4637276507,STOP_LOSS,-1146.3727650698274,5108.0,-6254.372765069827,17.0,2026-06
SILVER,SHORT,2026-06-29 23:01:00,2275.0,2277.123985902278,2268.628042293166,SHA_FLIP,2026-06-29 23:17:00,2277.123985902278,STOP_LOSS,-63.719577068341096,207.3,-271.0195770683411,16.0,2026-06
SILVER,LONG,2026-06-29 23:17:00,2278.0,2275.4397134873343,2285.680859537997,SHA_FLIP,2026-06-29 23:20:00,2275.4397134873343,STOP_LOSS,-76.80859537997094,207.336,-284.14459537997095,3.0,2026-06
GOLD,SHORT,2026-06-29 23:18:00,117731.0,117766.71510861239,117623.85467416282,SHA_FLIP,2026-06-29 23:22:00,117766.71510861239,STOP_LOSS,-3571.5108612392214,5109.24,-8680.750861239221,4.0,2026-06
GOLD,SHORT,2026-06-29 23:25:00,117668.0,117719.85313212647,117512.44060362058,SHA_FLIP,2026-06-29 23:29:00,117719.85313212647,STOP_LOSS,-5185.313212647452,5106.72,-10292.033212647453,4.0,2026-06
SILVER,SHORT,2026-06-30 09:25:00,2254.0,2257.6647551255946,2243.005734623216,SHA_FLIP,2026-06-30 09:32:00,2257.6647551255946,STOP_LOSS,-109.94265376783915,207.048,-316.99065376783915,7.0,2026-06
SILVER,SHORT,2026-06-30 11:21:00,2260.0,2260.6822258751463,2257.953322374561,SHA_FLIP,2026-06-30 11:39:00,2260.6822258751463,STOP_LOSS,-20.466776254388606,207.12,-227.5867762543886,18.0,2026-06
SILVER,LONG,2026-06-30 11:39:00,2262.0,2261.2814215599087,2264.155735320274,SHA_FLIP,2026-06-30 11:41:00,2264.155735320274,TAKE_PROFIT,64.67205960821502,207.144,-142.47194039178498,2.0,2026-06
SILVER,SHORT,2026-06-30 13:42:00,2309.0,2312.032526483582,2299.902420549254,SHA_FLIP,2026-06-30 15:17:00,2312.032526483582,STOP_LOSS,-90.97579450745798,207.708,-298.68379450745795,95.0,2026-06
SILVER,LONG,2026-06-30 16:18:00,2318.0,2316.0846197169353,2323.746140849194,SHA_FLIP,2026-06-30 16:31:00,2316.0846197169353,STOP_LOSS,-57.46140849194035,207.816,-265.2774084919404,13.0,2026-06
SILVER,LONG,2026-06-30 16:50:00,2318.0,2315.1563586019925,2326.5309241940226,SHA_FLIP,2026-06-30 17:18:00,2315.1563586019925,STOP_LOSS,-85.30924194022646,207.816,-293.1252419402265,28.0,2026-06
GOLD,LONG,2026-06-30 17:33:00,118100.0,118071.11080635636,118186.66758093092,SHA_FLIP,2026-06-30 17:39:00,118071.11080635636,STOP_LOSS,-2888.9193643641192,5124.0,-8012.919364364119,6.0,2026-06
GOLD,SHORT,2026-06-30 17:39:00,117981.0,118017.04187609388,117872.87437171837,SHA_FLIP,2026-06-30 17:51:00,117872.87437171837,TAKE_PROFIT,10812.562828163209,5119.24,5693.322828163209,12.0,2026-06
GOLD,SHORT,2026-06-30 18:05:00,117665.0,117738.05449088581,117445.83652734256,SHA_FLIP,2026-06-30 18:12:00,117738.05449088581,STOP_LOSS,-7305.449088581372,5106.6,-12412.049088581372,7.0,2026-06
SILVER,SHORT,2026-06-30 17:21:00,2315.0,2318.1969836570056,2305.409049028983,SHA_FLIP,2026-06-30 18:28:00,2305.409049028983,TAKE_PROFIT,287.7285291305043,207.78,79.94852913050428,67.0,2026-06
GOLD,SHORT,2026-06-30 18:16:00,117675.0,117733.20415471142,117500.38753586574,SHA_FLIP,2026-06-30 18:28:00,117500.38753586574,TAKE_PROFIT,17461.246413426124,5107.0,12354.246413426124,12.0,2026-06
SILVER,LONG,2026-06-30 18:31:00,2311.0,2308.582781338847,2318.2516559834594,SHA_FLIP,2026-06-30 18:40:00,2318.2516559834594,TAKE_PROFIT,217.5496795037816,207.732,9.81767950378159,9.0,2026-06
GOLD,LONG,2026-06-30 18:38:00,117739.0,117671.77526640172,117940.67420079485,SHA_FLIP,2026-06-30 18:50:00,117940.67420079485,TAKE_PROFIT,20167.420079484873,5109.56,15057.860079484872,12.0,2026-06
SILVER,LONG,2026-06-30 19:01:00,2320.0,2317.9548084370704,2326.135574688789,SHA_FLIP,2026-06-30 19:03:00,2317.9548084370704,STOP_LOSS,-61.35574688788893,207.84,-269.19574688788896,2.0,2026-06
GOLD,LONG,2026-06-30 19:26:00,117903.0,117866.03462185936,118013.89613442191,SHA_FLIP,2026-06-30 19:32:00,117866.03462185936,STOP_LOSS,-3696.5378140637768,5116.12,-8812.657814063776,6.0,2026-06
SILVER,LONG,2026-06-30 19:39:00,2329.0,2323.8278936392517,2344.516319082245,SHA_FLIP,2026-06-30 19:54:00,2344.516319082245,TAKE_PROFIT,465.4895724673497,207.948,257.54157246734974,15.0,2026-06
GOLD,LONG,2026-06-30 20:07:00,118363.0,118356.2173737533,118383.3478787401,SHA_FLIP,2026-06-30 20:09:00,118356.2173737533,STOP_LOSS,-678.2626246698783,5134.52,-5812.782624669879,2.0,2026-06
GOLD,SHORT,2026-06-30 21:12:00,117938.0,117974.89718789126,117827.30843632623,SHA_FLIP,2026-06-30 21:16:00,117974.89718789126,STOP_LOSS,-3689.718789125618,5117.52,-8807.238789125618,4.0,2026-06
GOLD,SHORT,2026-06-30 21:28:00,117969.0,117993.10189263824,117896.69432208528,SHA_FLIP,2026-06-30 21:34:00,117896.69432208528,TAKE_PROFIT,7230.567791471549,5118.76,2111.8077914715486,6.0,2026-06
SILVER,SHORT,2026-06-30 21:06:00,2329.0,2331.2235673978585,2322.3292978064246,SHA_FLIP,2026-06-30 21:45:00,2331.2235673978585,STOP_LOSS,-66.7070219357538,207.948,-274.6550219357538,39.0,2026-06
SILVER,SHORT,2026-06-30 22:03:00,2329.0,2330.691387540615,2323.9258373781554,SHA_FLIP,2026-06-30 22:16:00,2330.691387540615,STOP_LOSS,-50.74162621844607,207.948,-258.68962621844605,13.0,2026-06
GOLD,SHORT,2026-06-30 21:58:00,117918.0,117926.04582773596,117893.86251679213,SHA_FLIP,2026-06-30 22:23:00,117926.04582773596,STOP_LOSS,-804.5827735957573,5116.72,-5921.302773595758,25.0,2026-06
GOLD,LONG,2026-06-30 22:23:00,117936.0,117932.17516026684,117947.47451919949,SHA_FLIP,2026-06-30 22:26:00,117932.17516026684,STOP_LOSS,-382.4839733162662,5117.4400000000005,-5499.923973316267,3.0,2026-06
GOLD,SHORT,2026-06-30 22:27:00,117800.0,117828.93118513815,117713.20644458555,SHA_FLIP,2026-06-30 22:36:00,117713.20644458555,TAKE_PROFIT,8679.355541444966,5112.0,3567.3555414449656,9.0,2026-06
SILVER,SHORT,2026-06-30 22:55:00,2326.0,2326.0895889937383,2325.731233018785,SHA_FLIP,2026-06-30 22:57:00,2325.731233018785,TAKE_PROFIT,8.06300943644601,207.912,-199.848990563554,2.0,2026-06
SILVER,SHORT,2026-06-30 22:57:00,2325.0,2326.093957955297,2321.7181261341093,SHA_FLIP,2026-06-30 23:02:00,2326.093957955297,STOP_LOSS,-32.81873865890702,207.9,-240.71873865890703,5.0,2026-06
SILVER,SHORT,2026-06-30 23:14:00,2325.0,2327.899658821388,2316.3010235358356,SHA_FLIP,2026-06-30 23:17:00,2327.899658821388,STOP_LOSS,-86.98976464164389,207.9,-294.88976464164386,3.0,2026-06
SILVER,LONG,2026-06-30 23:17:00,2328.0,2324.4457628353807,2338.662711493858,SHA_FLIP,2026-07-01 09:00:00,2303.0,SESSION_END,-750.0,207.936,-957.936,583.0,2026-07
SILVER,SHORT,2026-07-01 09:40:00,2297.0,2300.233845380603,2287.2984638581916,SHA_FLIP,2026-07-01 10:46:00,2287.2984638581916,TAKE_PROFIT,291.0460842542534,207.564,83.48208425425341,66.0,2026-07
SILVER,SHORT,2026-07-01 11:00:00,2284.0,2288.3096500252586,2271.071049924224,SHA_FLIP,2026-07-01 11:06:00,2288.3096500252586,STOP_LOSS,-129.28950075775901,207.40800000000002,-336.69750075775903,6.0,2026-07
SILVER,SHORT,2026-07-01 12:47:00,2277.0,2278.7554064773853,2271.733780567844,SHA_FLIP,2026-07-01 12:53:00,2278.7554064773853,STOP_LOSS,-52.66219432156049,207.324,-259.9861943215605,6.0,2026-07
SILVER,LONG,2026-07-01 14:21:00,2289.0,2288.110347840336,2291.6689564789917,SHA_FLIP,2026-07-01 14:23:00,2288.110347840336,STOP_LOSS,-26.689564789917313,207.468,-234.1575647899173,2.0,2026-07
SILVER,SHORT,2026-07-01 14:26:00,2287.0,2287.902349457538,2284.2929516273857,SHA_FLIP,2026-07-01 14:27:00,2284.2929516273857,TAKE_PROFIT,81.21145117842843,207.44400000000002,-126.23254882157158,1.0,2026-07
SILVER,LONG,2026-07-01 15:36:00,2295.0,2293.3402517226323,2299.979244832103,SHA_FLIP,2026-07-01 15:44:00,2293.3402517226323,STOP_LOSS,-49.79244832103177,207.54,-257.33244832103173,8.0,2026-07
SILVER,LONG,2026-07-01 17:15:00,2320.0,2314.367695014873,2336.8969149553814,SHA_FLIP,2026-07-01 17:34:00,2314.367695014873,STOP_LOSS,-168.96914955381362,207.84,-376.80914955381365,19.0,2026-07
SILVER,LONG,2026-07-01 17:52:00,2323.0,2318.3253564453835,2337.0239306638496,SHA_FLIP,2026-07-01 17:58:00,2318.3253564453835,STOP_LOSS,-140.2393066384957,207.876,-348.11530663849567,6.0,2026-07
GOLD,LONG,2026-07-01 18:06:00,117965.0,117941.93870732748,118034.18387801755,SHA_FLIP,2026-07-01 18:07:00,117941.93870732748,STOP_LOSS,-2306.1292672515265,5118.6,-7424.729267251527,1.0,2026-07
GOLD,SHORT,2026-07-01 18:07:00,117912.0,117942.58645364952,117820.24063905144,SHA_FLIP,2026-07-01 18:21:00,117942.58645364952,STOP_LOSS,-3058.645364952099,5116.4800000000005,-8175.1253649520995,14.0,2026-07
SILVER,LONG,2026-07-01 18:14:00,2320.0,2317.842426665651,2326.4727200030466,SHA_FLIP,2026-07-01 18:24:00,2326.4727200030466,TAKE_PROFIT,194.18160009139683,207.84,-13.658399908603172,10.0,2026-07
GOLD,LONG,2026-07-01 18:21:00,118000.0,117972.14216609996,118083.57350170011,SHA_FLIP,2026-07-01 18:30:00,117972.14216609996,STOP_LOSS,-2785.7833900037804,5120.0,-7905.78339000378,9.0,2026-07
GOLD,SHORT,2026-07-01 18:31:00,117826.0,117877.52070230799,117671.43789307604,SHA_FLIP,2026-07-01 18:34:00,117877.52070230799,STOP_LOSS,-5152.070230798563,5113.04,-10265.110230798564,3.0,2026-07
SILVER,SHORT,2026-07-01 18:31:00,2317.0,2322.686232463831,2299.941302608507,SHA_FLIP,2026-07-01 18:54:00,2322.686232463831,STOP_LOSS,-170.58697391492842,207.804,-378.3909739149284,23.0,2026-07
GOLD,LONG,2026-07-01 19:48:00,119343.0,119252.16735159437,119615.49794521689,SHA_FLIP,2026-07-01 19:54:00,119615.49794521689,TAKE_PROFIT,27249.794521689182,5173.72,22076.07452168918,6.0,2026-07
SILVER,LONG,2026-07-01 19:37:00,2351.0,2345.7280503198544,2366.8158490404367,SHA_FLIP,2026-07-01 20:23:00,2345.7280503198544,STOP_LOSS,-158.1584904043666,208.212,-366.3704904043666,46.0,2026-07
GOLD,LONG,2026-07-01 20:28:00,119569.0,119524.51609268191,119702.45172195428,SHA_FLIP,2026-07-01 20:30:00,119524.51609268191,STOP_LOSS,-4448.390731809195,5182.76,-9631.150731809195,2.0,2026-07
GOLD,SHORT,2026-07-01 20:32:00,119320.0,119393.74617040814,119098.76148877559,SHA_FLIP,2026-07-01 20:34:00,119393.74617040814,STOP_LOSS,-7374.6170408136095,5172.8,-12547.417040813609,2.0,2026-07
GOLD,SHORT,2026-07-01 21:06:00,119062.0,119126.42547748626,118868.72356754121,SHA_FLIP,2026-07-01 21:07:00,119126.42547748626,STOP_LOSS,-6442.547748626384,5162.4800000000005,-11605.027748626384,1.0,2026-07
SILVER,SHORT,2026-07-01 21:07:00,2340.0,2342.618569622849,2332.144291131453,SHA_FLIP,2026-07-01 21:21:00,2342.618569622849,STOP_LOSS,-78.55708868547026,208.08,-286.6370886854703,14.0,2026-07
SILVER,LONG,2026-07-01 21:21:00,2344.0,2341.955250258281,2350.134249225157,SHA_FLIP,2026-07-01 21:25:00,2341.955250258281,STOP_LOSS,-61.34249225156964,208.128,-269.4704922515696,4.0,2026-07
GOLD,LONG,2026-07-01 21:35:00,119314.0,119265.70983965047,119458.87048104858,SHA_FLIP,2026-07-01 21:40:00,119265.70983965047,STOP_LOSS,-4829.016034952656,5172.56,-10001.576034952657,5.0,2026-07
GOLD,SHORT,2026-07-01 21:43:00,119178.0,119230.5920741503,119020.22377754908,SHA_FLIP,2026-07-01 21:44:00,119230.5920741503,STOP_LOSS,-5259.207415030687,5167.12,-10426.327415030686,1.0,2026-07
SILVER,LONG,2026-07-01 21:50:00,2346.0,2344.8039631444094,2349.588110566772,SHA_FLIP,2026-07-01 21:52:00,2344.8039631444094,STOP_LOSS,-35.88110566771775,208.152,-244.03310566771773,2.0,2026-07
GOLD,LONG,2026-07-01 21:52:00,119306.0,119258.51794093274,119448.44617720178,SHA_FLIP,2026-07-01 22:04:00,119258.51794093274,STOP_LOSS,-4748.205906726071,5172.24,-9920.44590672607,12.0,2026-07
SILVER,SHORT,2026-07-01 22:04:00,2343.0,2343.6143589500484,2341.1569231498547,SHA_FLIP,2026-07-01 22:12:00,2341.1569231498547,TAKE_PROFIT,55.29230550435841,208.11599999999999,-152.82369449564158,8.0,2026-07
SILVER,SHORT,2026-07-01 22:39:00,2337.0,2338.236698564524,2333.289904306428,SHA_FLIP,2026-07-01 22:46:00,2338.236698564524,STOP_LOSS,-37.100956935719296,208.044,-245.1449569357193,7.0,2026-07
GOLD,SHORT,2026-07-01 22:51:00,118932.0,118965.99143722789,118830.02568831634,SHA_FLIP,2026-07-01 22:54:00,118965.99143722789,STOP_LOSS,-3399.143722788722,5157.280000000001,-8556.423722788722,3.0,2026-07
GOLD,SHORT,2026-07-01 23:00:00,118957.0,119014.33166395518,118785.00500813447,SHA_FLIP,2026-07-01 23:03:00,119014.33166395518,STOP_LOSS,-5733.166395517765,5158.280000000001,-10891.446395517765,3.0,2026-07
SILVER,LONG,2026-07-01 22:46:00,2342.0,2339.8791528068045,2348.3625415795864,SHA_FLIP,2026-07-01 23:05:00,2339.8791528068045,STOP_LOSS,-63.62541579586377,208.104,-271.7294157958638,19.0,2026-07
SILVER,SHORT,2026-07-01 23:05:00,2337.0,2339.7714885398846,2328.6855343803463,SHA_FLIP,2026-07-01 23:06:00,2339.7714885398846,STOP_LOSS,-83.14465619653674,208.044,-291.1886561965367,1.0,2026-07
SILVER,LONG,2026-07-01 23:14:00,2343.0,2340.266445904261,2351.2006622872163,SHA_FLIP,2026-07-01 23:15:00,2340.266445904261,STOP_LOSS,-82.00662287216346,208.11599999999999,-290.12262287216345,1.0,2026-07
SILVER,SHORT,2026-07-01 23:15:00,2337.0,2341.369080216307,2323.8927593510793,SHA_FLIP,2026-07-01 23:18:00,2341.369080216307,STOP_LOSS,-131.07240648920651,208.044,-339.1164064892065,3.0,2026-07
SILVER,LONG,2026-07-01 23:22:00,2343.0,2336.7198562898448,2361.8404311304657,SHA_FLIP,2026-07-01 23:25:00,2336.7198562898448,STOP_LOSS,-188.4043113046573,208.11599999999999,-396.5203113046573,3.0,2026-07
SILVER,SHORT,2026-07-01 23:27:00,2334.0,2341.6068456277526,2311.179463116742,SHA_FLIP,2026-07-02 09:00:00,2344.0,SESSION_END,-300.0,208.008,-508.00800000000004,573.0,2026-07
SILVER,SHORT,2026-07-02 10:41:00,2343.0,2343.5263217928386,2341.421034621484,SHA_FLIP,2026-07-02 10:45:00,2341.421034621484,TAKE_PROFIT,47.36896135547795,208.11599999999999,-160.74703864452204,4.0,2026-07
SILVER,SHORT,2026-07-02 10:57:00,2337.0,2340.1802385701685,2327.4592842894945,SHA_FLIP,2026-07-02 11:22:00,2340.1802385701685,STOP_LOSS,-95.40715710505538,208.044,-303.45115710505536,25.0,2026-07
SILVER,LONG,2026-07-02 11:51:00,2353.0,2349.0972883933105,2364.7081348200686,SHA_FLIP,2026-07-02 12:10:00,2349.0972883933105,STOP_LOSS,-117.08134820068608,208.236,-325.31734820068607,19.0,2026-07
SILVER,SHORT,2026-07-02 12:33:00,2347.0,2348.42283968995,2342.7314809301506,SHA_FLIP,2026-07-02 12:54:00,2342.7314809301506,TAKE_PROFIT,128.0555720954817,208.164,-80.1084279045183,21.0,2026-07
SILVER,SHORT,2026-07-02 13:23:00,2338.0,2340.4467312413135,2330.6598062760595,SHA_FLIP,2026-07-02 13:48:00,2340.4467312413135,STOP_LOSS,-73.40193723940502,208.056,-281.45793723940506,25.0,2026-07
SILVER,SHORT,2026-07-02 15:10:00,2342.0,2343.5551143117486,2337.334657064754,SHA_FLIP,2026-07-02 15:12:00,2343.5551143117486,STOP_LOSS,-46.65342935245917,208.104,-254.75742935245918,2.0,2026-07
SILVER,LONG,2026-07-02 15:13:00,2345.0,2343.076567068767,2350.770298793699,SHA_FLIP,2026-07-02 15:22:00,2343.076567068767,STOP_LOSS,-57.70298793699112,208.14,-265.8429879369911,9.0,2026-07
SILVER,SHORT,2026-07-02 15:23:00,2343.0,2344.3167450662777,2339.049764801167,SHA_FLIP,2026-07-02 15:34:00,2344.3167450662777,STOP_LOSS,-39.5023519883307,208.11599999999999,-247.6183519883307,11.0,2026-07
SILVER,LONG,2026-07-02 15:50:00,2346.0,2345.4159310542864,2347.752206837141,SHA_FLIP,2026-07-02 16:04:00,2345.4159310542864,STOP_LOSS,-17.52206837140875,208.152,-225.67406837140874,14.0,2026-07
SILVER,SHORT,2026-07-02 16:04:00,2344.0,2345.0254476639775,2340.9236570080675,SHA_FLIP,2026-07-02 16:11:00,2345.0254476639775,STOP_LOSS,-30.763429919325063,208.128,-238.89142991932505,7.0,2026-07
SILVER,LONG,2026-07-02 16:12:00,2347.0,2345.682484972497,2350.9525450825085,SHA_FLIP,2026-07-02 16:30:00,2345.682484972497,STOP_LOSS,-39.5254508250855,208.164,-247.6894508250855,18.0,2026-07
GOLD,LONG,2026-07-02 18:00:00,120309.0,120126.56235913181,120856.31292260456,SHA_FLIP,2026-07-02 18:01:00,120126.56235913181,STOP_LOSS,-18243.764086818555,5212.360000000001,-23456.124086818556,1.0,2026-07
GOLD,LONG,2026-07-02 18:33:00,120388.0,120207.8332026569,120928.50039202931,SHA_FLIP,2026-07-02 18:55:00,120207.8332026569,STOP_LOSS,-18016.67973431031,5215.52,-23232.19973431031,22.0,2026-07
GOLD,LONG,2026-07-02 19:46:00,120575.0,120526.45519910696,120720.63440267912,SHA_FLIP,2026-07-02 19:51:00,120526.45519910696,STOP_LOSS,-4854.480089303979,5223.0,-10077.48008930398,5.0,2026-07
GOLD,SHORT,2026-07-02 20:06:00,120400.0,120470.1753720544,120189.47388383682,SHA_FLIP,2026-07-02 20:20:00,120470.1753720544,STOP_LOSS,-7017.537205439294,5216.0,-12233.537205439294,14.0,2026-07
GOLD,SHORT,2026-07-02 20:49:00,120441.0,120471.91748556042,120348.24754331874,SHA_FLIP,2026-07-02 20:55:00,120471.91748556042,STOP_LOSS,-3091.7485560421483,5217.64,-8309.388556042148,6.0,2026-07
GOLD,LONG,2026-07-02 21:29:00,120510.0,120498.69429498953,120543.9171150314,SHA_FLIP,2026-07-02 21:37:00,120498.69429498953,STOP_LOSS,-1130.5705010468955,5220.400000000001,-6350.970501046896,8.0,2026-07
SILVER,LONG,2026-07-02 18:31:00,2376.0,2365.143866393339,2408.568400819983,SHA_FLIP,2026-07-02 21:58:00,2365.143866393339,STOP_LOSS,-325.684008199828,208.512,-534.1960081998279,207.0,2026-07
SILVER,LONG,2026-07-02 22:45:00,2366.0,2364.627169062858,2370.1184928114267,SHA_FLIP,2026-07-02 22:50:00,2364.627169062858,STOP_LOSS,-41.18492811426677,208.392,-249.57692811426676,5.0,2026-07
GOLD,SHORT,2026-07-02 22:53:00,120221.0,120253.64937705357,120123.05186883928,SHA_FLIP,2026-07-02 23:03:00,120253.64937705357,STOP_LOSS,-3264.9377053574426,5208.84,-8473.777705357443,10.0,2026-07
SILVER,SHORT,2026-07-02 23:10:00,2361.0,2364.405458931731,2350.7836232048066,SHA_FLIP,2026-07-02 23:19:00,2364.405458931731,STOP_LOSS,-102.16376795193355,208.332,-310.49576795193354,9.0,2026-07
GOLD,SHORT,2026-07-02 23:11:00,120200.0,120226.3353610119,120120.99391696432,SHA_FLIP,2026-07-02 23:20:00,120226.3353610119,STOP_LOSS,-2633.5361011893838,5208.0,-7841.536101189384,9.0,2026-07
GOLD,SHORT,2026-07-02 23:27:00,120201.0,120216.1012845947,120155.69614621591,SHA_FLIP,2026-07-02 23:28:00,120216.1012845947,STOP_LOSS,-1510.1284594697063,5208.04,-6718.168459469706,1.0,2026-07
SILVER,LONG,2026-07-02 23:19:00,2365.0,2361.7610378195177,2374.716886541447,SHA_FLIP,2026-07-03 09:00:00,2400.0,SESSION_END,1050.0,208.38,841.62,581.0,2026-07
GOLD,LONG,2026-07-02 23:29:00,120250.0,120230.16392401553,120309.5082279534,SHA_FLIP,2026-07-03 09:00:00,121574.0,SESSION_END,132400.0,5210.0,127190.0,571.0,2026-07
SILVER,LONG,2026-07-03 09:41:00,2395.0,2391.270549086789,2406.1883527396335,SHA_FLIP,2026-07-03 13:05:00,2406.1883527396335,TAKE_PROFIT,335.65058218900504,208.74,126.91058218900503,204.0,2026-07
SILVER,LONG,2026-07-03 13:37:00,2412.0,2410.2490243413736,2417.2529269758793,SHA_FLIP,2026-07-03 13:38:00,2410.2490243413736,STOP_LOSS,-52.52926975879291,208.94400000000002,-261.4732697587929,1.0,2026-07
SILVER,LONG,2026-07-03 13:57:00,2412.0,2410.1942414332166,2417.4172757003503,SHA_FLIP,2026-07-03 14:00:00,2410.1942414332166,STOP_LOSS,-54.17275700350274,208.94400000000002,-263.11675700350276,3.0,2026-07
SILVER,SHORT,2026-07-03 15:09:00,2400.0,2401.7016610522187,2394.895016843344,SHA_FLIP,2026-07-03 15:16:00,2401.7016610522187,STOP_LOSS,-51.0498315665609,208.8,-259.8498315665609,7.0,2026-07
SILVER,SHORT,2026-07-03 15:20:00,2401.0,2403.5205500702637,2393.438349789209,SHA_FLIP,2026-07-03 15:26:00,2403.5205500702637,STOP_LOSS,-75.61650210790958,208.812,-284.4285021079096,6.0,2026-07
SILVER,SHORT,2026-07-03 16:18:00,2401.0,2403.215639625978,2394.353081122066,SHA_FLIP,2026-07-03 16:35:00,2403.215639625978,STOP_LOSS,-66.46918877933786,208.812,-275.28118877933787,17.0,2026-07
SILVER,LONG,2026-07-03 17:13:00,2406.0,2404.3500204183933,2410.94993874482,SHA_FLIP,2026-07-03 17:15:00,2404.3500204183933,STOP_LOSS,-49.49938744819974,208.872,-258.37138744819975,2.0,2026-07
GOLD,SHORT,2026-07-03 17:44:00,121709.0,121732.28549157547,121639.14352527358,SHA_FLIP,2026-07-03 17:46:00,121639.14352527358,TAKE_PROFIT,6985.647472641722,5268.360000000001,1717.2874726417213,2.0,2026-07
SILVER,SHORT,2026-07-03 17:22:00,2402.0,2404.400718199165,2394.7978454025047,SHA_FLIP,2026-07-03 18:17:00,2404.400718199165,STOP_LOSS,-72.02154597495337,208.824,-280.8455459749534,55.0,2026-07
GOLD,SHORT,2026-07-03 18:17:00,121640.0,121674.05128841799,121537.84613474603,SHA_FLIP,2026-07-03 18:21:00,121674.05128841799,STOP_LOSS,-3405.12884179916,5265.6,-8670.72884179916,4.0,2026-07
GOLD,LONG,2026-07-03 18:21:00,121742.0,121702.38935607889,121860.83193176334,SHA_FLIP,2026-07-03 18:28:00,121702.38935607889,STOP_LOSS,-3961.064392111439,5269.68,-9230.744392111439,7.0,2026-07
GOLD,SHORT,2026-07-03 18:29:00,121572.0,121614.0741571346,121445.7775285962,SHA_FLIP,2026-07-03 18:30:00,121614.0741571346,STOP_LOSS,-4207.415713460068,5262.88,-9470.29571346007,1.0,2026-07
GOLD,LONG,2026-07-03 18:30:00,121807.0,121723.53573048335,122057.39280854996,SHA_FLIP,2026-07-03 18:32:00,121723.53573048335,STOP_LOSS,-8346.42695166549,5272.280000000001,-13618.70695166549,2.0,2026-07
GOLD,SHORT,2026-07-03 19:03:00,121400.0,121435.99850052812,121292.00449841564,SHA_FLIP,2026-07-03 19:16:00,121435.99850052812,STOP_LOSS,-3599.850052811962,5256.0,-8855.850052811962,13.0,2026-07
SILVER,SHORT,2026-07-03 19:05:00,2399.0,2399.4632045516537,2397.610386345039,SHA_FLIP,2026-07-03 19:21:00,2397.610386345039,TAKE_PROFIT,41.68840964883202,208.788,-167.099590351168,16.0,2026-07
GOLD,SHORT,2026-07-03 19:29:00,121380.0,121424.01600778563,121247.95197664312,SHA_FLIP,2026-07-03 19:37:00,121247.95197664312,TAKE_PROFIT,13204.802335688146,5255.2,7949.602335688146,8.0,2026-07
SILVER,LONG,2026-07-03 19:37:00,2401.0,2398.5898718968097,2408.230384309571,SHA_FLIP,2026-07-03 19:39:00,2398.5898718968097,STOP_LOSS,-72.30384309571036,208.812,-281.1158430957104,2.0,2026-07
GOLD,SHORT,2026-07-03 19:55:00,121245.0,121288.23078989,121115.30763032999,SHA_FLIP,2026-07-03 20:00:00,121288.23078989,STOP_LOSS,-4323.078989000351,5249.8,-9572.87898900035,5.0,2026-07
SILVER,SHORT,2026-07-03 19:39:00,2397.0,2400.1436073308405,2387.5691780074785,SHA_FLIP,2026-07-03 20:22:00,2400.1436073308405,STOP_LOSS,-94.30821992521487,208.764,-303.0722199252149,43.0,2026-07
SILVER,SHORT,2026-07-03 20:59:00,2401.0,2402.38296416852,2396.8511074944395,SHA_FLIP,2026-07-03 21:00:00,2402.38296416852,STOP_LOSS,-41.48892505560525,208.812,-250.30092505560526,1.0,2026-07
GOLD,SHORT,2026-07-03 21:28:00,121380.0,121403.9988154902,121308.00355352942,SHA_FLIP,2026-07-03 21:30:00,121403.9988154902,STOP_LOSS,-2399.881549019483,5255.2,-7655.081549019483,2.0,2026-07
SILVER,SHORT,2026-07-03 21:30:00,2402.0,2402.4039683681935,2400.7880948954194,SHA_FLIP,2026-07-03 21:31:00,2400.7880948954194,TAKE_PROFIT,36.35715313741912,208.824,-172.4668468625809,1.0,2026-07
SILVER,LONG,2026-07-03 22:16:00,2404.0,2402.355121295223,2408.934636114331,SHA_FLIP,2026-07-03 22:29:00,2402.355121295223,STOP_LOSS,-49.3463611433117,208.848,-258.1943611433117,13.0,2026-07
GOLD,SHORT,2026-07-03 22:35:00,121427.0,121461.43466928347,121323.6959921496,SHA_FLIP,2026-07-03 22:36:00,121461.43466928347,STOP_LOSS,-3443.4669283466064,5257.08,-8700.546928346606,1.0,2026-07
SILVER,SHORT,2026-07-03 22:49:00,2400.0,2402.0830311647205,2393.7509065058384,SHA_FLIP,2026-07-03 22:50:00,2402.0830311647205,STOP_LOSS,-62.490934941615706,208.8,-271.2909349416157,1.0,2026-07
SILVER,LONG,2026-07-03 22:50:00,2404.0,2400.8613729905755,2413.4158810282734,SHA_FLIP,2026-07-03 22:51:00,2400.8613729905755,STOP_LOSS,-94.15881028273361,208.848,-303.0068102827336,1.0,2026-07
SILVER,SHORT,2026-07-03 22:51:00,2400.0,2404.053476741501,2387.839569775497,SHA_FLIP,2026-07-03 23:05:00,2404.053476741501,STOP_LOSS,-121.60430224503216,208.8,-330.40430224503217,14.0,2026-07
GOLD,LONG,2026-07-03 23:19:00,121545.0,121503.24545244599,121670.26364266203,SHA_FLIP,2026-07-03 23:22:00,121670.26364266203,TAKE_PROFIT,12526.364266203018,5261.8,7264.564266203018,3.0,2026-07
SILVER,SHORT,2026-07-03 23:21:00,2400.0,2402.71073799174,2391.8677860247794,SHA_FLIP,2026-07-03 23:24:00,2402.71073799174,STOP_LOSS,-81.32213975220566,208.8,-290.12213975220567,3.0,2026-07
SILVER,LONG,2026-07-03 23:25:00,2406.0,2402.7758738215884,2415.6723785352347,SHA_FLIP,2026-07-03 23:29:00,2402.7758738215884,STOP_LOSS,-96.72378535234657,208.872,-305.5957853523466,4.0,2026-07
SILVER,SHORT,2026-07-03 23:30:00,2396.0,2400.7541998105826,2381.7374005682523,SHA_FLIP,2026-07-06 09:00:00,2404.0,SESSION_END,-240.0,208.752,-448.752,3450.0,2026-07
GOLD,LONG,2026-07-03 23:30:00,121698.0,121559.21293390823,122114.3611982753,SHA_FLIP,2026-07-06 09:00:00,121539.0,SESSION_END,-15900.0,5267.92,-21167.92,3450.0,2026-07
SILVER,SHORT,2026-07-06 10:05:00,2390.0,2392.7877144517724,2381.6368566446827,SHA_FLIP,2026-07-06 10:12:00,2392.7877144517724,STOP_LOSS,-83.63143355317334,208.68,-292.31143355317334,7.0,2026-07
SILVER,SHORT,2026-07-06 10:22:00,2392.0,2393.999019116065,2386.002942651805,SHA_FLIP,2026-07-06 10:28:00,2393.999019116065,STOP_LOSS,-59.97057348195085,208.704,-268.67457348195086,6.0,2026-07
SILVER,LONG,2026-07-06 10:28:00,2394.0,2392.4862434273277,2398.541269718017,SHA_FLIP,2026-07-06 10:35:00,2392.4862434273277,STOP_LOSS,-45.412697180167925,208.728,-254.14069718016793,7.0,2026-07
SILVER,SHORT,2026-07-06 10:37:00,2392.0,2393.146819111871,2388.5595426643868,SHA_FLIP,2026-07-06 10:38:00,2393.146819111871,STOP_LOSS,-34.40457335613246,208.704,-243.10857335613247,1.0,2026-07
SILVER,LONG,2026-07-06 10:38:00,2395.0,2393.006090103045,2400.9817296908645,SHA_FLIP,2026-07-06 10:54:00,2393.006090103045,STOP_LOSS,-59.8172969086454,208.74,-268.5572969086454,16.0,2026-07
SILVER,SHORT,2026-07-06 10:54:00,2392.0,2393.227058996267,2388.3188230111996,SHA_FLIP,2026-07-06 11:05:00,2393.227058996267,STOP_LOSS,-36.811769888004164,208.704,-245.51576988800417,11.0,2026-07
SILVER,SHORT,2026-07-06 11:25:00,2391.0,2392.884405137393,2385.346784587821,SHA_FLIP,2026-07-06 11:35:00,2385.346784587821,TAKE_PROFIT,169.59646236537537,208.692,-39.095537634624634,10.0,2026-07
SILVER,SHORT,2026-07-06 11:56:00,2388.0,2389.4297741826254,2383.710677452124,SHA_FLIP,2026-07-06 11:57:00,2389.4297741826254,STOP_LOSS,-42.89322547876054,208.656,-251.54922547876055,1.0,2026-07
SILVER,SHORT,2026-07-06 12:07:00,2388.0,2389.839645806449,2382.481062580653,SHA_FLIP,2026-07-06 12:55:00,2389.839645806449,STOP_LOSS,-55.18937419346912,208.656,-263.8453741934691,48.0,2026-07
SILVER,LONG,2026-07-06 12:55:00,2392.0,2389.481181124808,2399.5564566255766,SHA_FLIP,2026-07-06 13:00:00,2389.481181124808,STOP_LOSS,-75.5645662557663,208.704,-284.2685662557663,5.0,2026-07
SILVER,LONG,2026-07-06 13:52:00,2401.0,2400.6680678256243,2401.995796523127,SHA_FLIP,2026-07-06 14:01:00,2400.6680678256243,STOP_LOSS,-9.957965231269554,208.812,-218.76996523126957,9.0,2026-07
SILVER,SHORT,2026-07-06 14:01:00,2400.0,2400.424895948887,2398.7253121533395,SHA_FLIP,2026-07-06 14:08:00,2398.7253121533395,TAKE_PROFIT,38.2406353998158,208.8,-170.5593646001842,7.0,2026-07
SILVER,SHORT,2026-07-06 14:19:00,2396.0,2398.0072344491105,2389.9782966526686,SHA_FLIP,2026-07-06 14:23:00,2398.0072344491105,STOP_LOSS,-60.21703347331368,208.752,-268.9690334733137,4.0,2026-07
SILVER,SHORT,2026-07-06 14:30:00,2397.0,2399.3043858233586,2390.086842529924,SHA_FLIP,2026-07-06 14:42:00,2399.3043858233586,STOP_LOSS,-69.1315747007593,208.764,-277.8955747007593,12.0,2026-07
SILVER,SHORT,2026-07-06 15:27:00,2395.0,2396.8503801441702,2389.4488595674893,SHA_FLIP,2026-07-06 15:54:00,2396.8503801441702,STOP_LOSS,-55.51140432510692,208.74,-264.25140432510693,27.0,2026-07
SILVER,LONG,2026-07-06 15:54:00,2400.0,2398.294494383608,2405.1165168491766,SHA_FLIP,2026-07-06 16:06:00,2398.294494383608,STOP_LOSS,-51.16516849176605,208.8,-259.96516849176606,12.0,2026-07
SILVER,LONG,2026-07-06 17:50:00,2404.0,2401.5708397676112,2411.2874806971663,SHA_FLIP,2026-07-06 17:51:00,2401.5708397676112,STOP_LOSS,-72.87480697166302,208.848,-281.72280697166303,1.0,2026-07
GOLD,LONG,2026-07-06 17:50:00,121256.0,121217.79432112451,121370.61703662646,SHA_FLIP,2026-07-06 17:51:00,121217.79432112451,STOP_LOSS,-3820.567887548532,5250.24,-9070.807887548532,1.0,2026-07
GOLD,SHORT,2026-07-06 17:51:00,121195.0,121240.31158835875,121059.06523492376,SHA_FLIP,2026-07-06 17:59:00,121059.06523492376,TAKE_PROFIT,13593.476507623564,5247.8,8345.676507623564,8.0,2026-07
SILVER,SHORT,2026-07-06 17:52:00,2400.0,2402.980124796772,2391.0596256096837,SHA_FLIP,2026-07-06 18:10:00,2391.0596256096837,TAKE_PROFIT,268.21123170948795,208.8,59.411231709487936,18.0,2026-07
SILVER,SHORT,2026-07-06 18:30:00,2386.0,2389.9635262269894,2374.1094213190318,SHA_FLIP,2026-07-06 18:31:00,2389.9635262269894,STOP_LOSS,-118.90578680968247,208.632,-327.5377868096825,1.0,2026-07
GOLD,SHORT,2026-07-06 18:50:00,120882.0,120925.7204434453,120750.8386696641,SHA_FLIP,2026-07-06 18:51:00,120925.7204434453,STOP_LOSS,-4372.04434453015,5235.280000000001,-9607.32434453015,1.0,2026-07
GOLD,LONG,2026-07-06 19:04:00,121057.0,121031.1614823039,121134.5155530883,SHA_FLIP,2026-07-06 19:06:00,121031.1614823039,STOP_LOSS,-2583.8517696101917,5242.280000000001,-7826.131769610192,2.0,2026-07
SILVER,LONG,2026-07-06 19:34:00,2393.0,2391.7297724466794,2396.810682659962,SHA_FLIP,2026-07-06 19:44:00,2391.7297724466794,STOP_LOSS,-38.106826599619126,208.716,-246.82282659961913,10.0,2026-07
GOLD,SHORT,2026-07-06 19:52:00,120903.0,120930.41809742495,120820.74570772516,SHA_FLIP,2026-07-06 20:04:00,120930.41809742495,STOP_LOSS,-2741.809742494661,5236.12,-7977.929742494661,12.0,2026-07
GOLD,SHORT,2026-07-06 20:10:00,120900.0,120940.45997790278,120778.62006629167,SHA_FLIP,2026-07-06 20:14:00,120778.62006629167,TAKE_PROFIT,12137.993370833283,5236.0,6901.993370833283,4.0,2026-07
SILVER,SHORT,2026-07-06 20:15:00,2384.0,2385.473088362411,2379.5807349127667,SHA_FLIP,2026-07-06 20:21:00,2385.473088362411,STOP_LOSS,-44.192650872332706,208.608,-252.8006508723327,6.0,2026-07
SILVER,SHORT,2026-07-06 21:44:00,2385.0,2386.0467571874733,2381.85972843758,SHA_FLIP,2026-07-06 21:51:00,2386.0467571874733,STOP_LOSS,-31.402715624199118,208.62,-240.02271562419912,7.0,2026-07
SILVER,SHORT,2026-07-06 21:58:00,2385.0,2385.909728600463,2382.270814198611,SHA_FLIP,2026-07-06 22:06:00,2385.909728600463,STOP_LOSS,-27.291858013891215,208.62,-235.91185801389122,8.0,2026-07
SILVER,LONG,2026-07-06 22:07:00,2387.0,2386.171275985211,2389.4861720443664,SHA_FLIP,2026-07-06 22:08:00,2386.171275985211,STOP_LOSS,-24.861720443664126,208.644,-233.50572044366413,1.0,2026-07
SILVER,SHORT,2026-07-06 22:08:00,2383.0,2385.0515608128167,2376.84531756155,SHA_FLIP,2026-07-06 22:14:00,2385.0515608128167,STOP_LOSS,-61.546824384499814,208.596,-270.1428243844998,6.0,2026-07
SILVER,LONG,2026-07-06 22:45:00,2389.0,2386.7772906048403,2395.668128185479,SHA_FLIP,2026-07-06 22:53:00,2386.7772906048403,STOP_LOSS,-66.68128185478963,208.668,-275.34928185478964,8.0,2026-07
GOLD,LONG,2026-07-06 22:54:00,121121.0,121100.78025839105,121181.65922482684,SHA_FLIP,2026-07-06 22:58:00,121100.78025839105,STOP_LOSS,-2021.9741608947515,5244.84,-7266.814160894752,4.0,2026-07
SILVER,LONG,2026-07-06 23:13:00,2389.0,2386.6211466367195,2396.1365600898416,SHA_FLIP,2026-07-06 23:17:00,2386.6211466367195,STOP_LOSS,-71.36560089841623,208.668,-280.03360089841624,4.0,2026-07
GOLD,LONG,2026-07-06 23:26:00,121199.0,121141.20258136335,121372.39225590994,SHA_FLIP,2026-07-06 23:27:00,121141.20258136335,STOP_LOSS,-5779.741863664822,5247.96,-11027.70186366482,1.0,2026-07
GOLD,LONG,2026-07-06 23:29:00,121218.0,121145.3742433349,121435.87726999531,SHA_FLIP,2026-07-07 09:00:00,120661.0,SESSION_END,-55700.0,5248.72,-60948.72,571.0,2026-07
SILVER,SHORT,2026-07-07 09:47:00,2365.0,2368.53552050634,2354.3934384809795,SHA_FLIP,2026-07-07 10:31:00,2354.3934384809795,TAKE_PROFIT,318.19684557061464,208.38,109.81684557061465,44.0,2026-07
SILVER,SHORT,2026-07-07 11:02:00,2350.0,2354.4178913311976,2336.7463260064073,SHA_FLIP,2026-07-07 11:31:00,2354.4178913311976,STOP_LOSS,-132.53673993592656,208.2,-340.73673993592655,29.0,2026-07
SILVER,LONG,2026-07-07 11:48:00,2356.0,2352.6760046869367,2365.97198593919,SHA_FLIP,2026-07-07 12:36:00,2352.6760046869367,STOP_LOSS,-99.71985939189835,208.272,-307.99185939189834,48.0,2026-07
SILVER,SHORT,2026-07-07 12:58:00,2355.0,2355.8020174469807,2352.593947659058,SHA_FLIP,2026-07-07 13:06:00,2355.8020174469807,STOP_LOSS,-24.060523409420966,208.26,-232.32052340942096,8.0,2026-07
SILVER,SHORT,2026-07-07 13:14:00,2354.0,2356.2319765585776,2347.3040703242673,SHA_FLIP,2026-07-07 13:43:00,2356.2319765585776,STOP_LOSS,-66.95929675732714,208.248,-275.20729675732713,29.0,2026-07
SILVER,LONG,2026-07-07 14:01:00,2355.0,2353.957748377905,2358.1267548662854,SHA_FLIP,2026-07-07 14:18:00,2353.957748377905,STOP_LOSS,-31.267548662854097,208.26,-239.5275486628541,17.0,2026-07
GOLD,LONG,2026-07-07 18:01:00,120807.0,120753.45009074938,120967.64972775186,SHA_FLIP,2026-07-07 18:04:00,120753.45009074938,STOP_LOSS,-5354.990925062157,5232.280000000001,-10587.270925062157,3.0,2026-07
SILVER,LONG,2026-07-07 17:59:00,2365.0,2359.9652694095644,2380.104191771307,SHA_FLIP,2026-07-07 18:09:00,2359.9652694095644,STOP_LOSS,-151.04191771306887,208.38,-359.42191771306886,10.0,2026-07
GOLD,SHORT,2026-07-07 18:06:00,120675.0,120722.30654348034,120533.08036955897,SHA_FLIP,2026-07-07 18:10:00,120722.30654348034,STOP_LOSS,-4730.654348034295,5227.0,-9957.654348034295,4.0,2026-07
SILVER,SHORT,2026-07-07 18:09:00,2356.0,2359.076490637136,2346.770528088592,SHA_FLIP,2026-07-07 18:22:00,2359.076490637136,STOP_LOSS,-92.29471911407927,208.272,-300.56671911407926,13.0,2026-07
SILVER,SHORT,2026-07-07 18:24:00,2356.0,2358.608799204111,2348.1736023876665,SHA_FLIP,2026-07-07 18:28:00,2358.608799204111,STOP_LOSS,-78.26397612333494,208.272,-286.53597612333493,4.0,2026-07
GOLD,LONG,2026-07-07 18:13:00,120735.0,120709.81500240893,120810.55499277322,SHA_FLIP,2026-07-07 18:30:00,120810.55499277322,TAKE_PROFIT,7555.499277322087,5229.400000000001,2326.099277322087,17.0,2026-07
GOLD,LONG,2026-07-07 18:30:00,120861.0,120823.0077133537,120974.9768599389,SHA_FLIP,2026-07-07 18:36:00,120823.0077133537,STOP_LOSS,-3799.228664630209,5234.4400000000005,-9033.66866463021,6.0,2026-07
SILVER,LONG,2026-07-07 18:28:00,2361.0,2357.9504214504964,2370.148735648511,SHA_FLIP,2026-07-07 18:36:00,2357.9504214504964,STOP_LOSS,-91.48735648510865,208.332,-299.81935648510864,8.0,2026-07
SILVER,SHORT,2026-07-07 18:37:00,2356.0,2358.478980836235,2348.5630574912943,SHA_FLIP,2026-07-07 18:44:00,2358.478980836235,STOP_LOSS,-74.3694250870567,208.272,-282.6414250870567,7.0,2026-07
SILVER,SHORT,2026-07-07 18:55:00,2356.0,2357.468153809846,2351.5955385704615,SHA_FLIP,2026-07-07 18:57:00,2357.468153809846,STOP_LOSS,-44.044614295385145,208.272,-252.31661429538514,2.0,2026-07
SILVER,LONG,2026-07-07 18:58:00,2359.0,2357.1776195791904,2364.467141262429,SHA_FLIP,2026-07-07 18:59:00,2357.1776195791904,STOP_LOSS,-54.67141262428868,208.308,-262.97941262428867,1.0,2026-07
SILVER,SHORT,2026-07-07 18:59:00,2356.0,2358.5793963647016,2348.2618109058953,SHA_FLIP,2026-07-07 19:04:00,2358.5793963647016,STOP_LOSS,-77.38189094104655,208.272,-285.65389094104654,5.0,2026-07
SILVER,LONG,2026-07-07 19:04:00,2359.0,2356.904741643537,2365.2857750693893,SHA_FLIP,2026-07-07 19:15:00,2365.2857750693893,TAKE_PROFIT,188.57325208167822,208.308,-19.734747918321773,11.0,2026-07
GOLD,SHORT,2026-07-07 19:53:00,120470.0,120485.36588835237,120423.90233494288,SHA_FLIP,2026-07-07 19:58:00,120485.36588835237,STOP_LOSS,-1536.5888352374895,5218.8,-6755.38883523749,5.0,2026-07
GOLD,SHORT,2026-07-07 20:05:00,120300.0,120345.79070992538,120162.62787022386,SHA_FLIP,2026-07-07 20:13:00,120345.79070992538,STOP_LOSS,-4579.070992537891,5212.0,-9791.07099253789,8.0,2026-07
SILVER,SHORT,2026-07-07 20:30:00,2346.0,2350.14810706337,2333.55567880989,SHA_FLIP,2026-07-07 20:31:00,2350.14810706337,STOP_LOSS,-124.44321190109804,208.152,-332.595211901098,1.0,2026-07
GOLD,SHORT,2026-07-07 20:31:00,120286.0,120315.35190283394,120197.94429149819,SHA_FLIP,2026-07-07 20:46:00,120197.94429149819,TAKE_PROFIT,8805.570850180811,5211.4400000000005,3594.1308501808107,15.0,2026-07
CRUDEOIL,SHORT,2026-06-24 18:11:00,6686.0,6736.000000000002,6485.999999999993,SHA_FLIP,2026-07-07 21:05:00,6736.000000000002,STOP_LOSS,-5000.000000000182,667.44,-5667.440000000182,18894.0,2026-07
SILVER,SHORT,2026-07-07 20:40:00,2349.0,2351.0941099802562,2342.7176700592313,SHA_FLIP,2026-07-07 21:20:00,2342.7176700592313,TAKE_PROFIT,188.46989822306114,208.188,-19.718101776938852,40.0,2026-07
GOLD,LONG,2026-07-07 21:11:00,120339.0,120302.5360923491,120448.39172295271,SHA_FLIP,2026-07-07 21:21:00,120302.5360923491,STOP_LOSS,-3646.390765090473,5213.56,-8859.950765090474,10.0,2026-07
SILVER,SHORT,2026-07-07 21:41:00,2340.0,2344.9786573061215,2325.0640280816356,SHA_FLIP,2026-07-07 21:50:00,2344.9786573061215,STOP_LOSS,-149.3597191836443,208.08,-357.43971918364434,9.0,2026-07
GOLD,SHORT,2026-07-07 21:49:00,120129.0,120161.2374938736,120032.28751837919,SHA_FLIP,2026-07-07 21:52:00,120161.2374938736,STOP_LOSS,-3223.7493873602943,5205.16,-8428.909387360294,3.0,2026-07
GOLD,LONG,2026-07-07 21:52:00,120230.0,120188.81458546955,120353.55624359136,SHA_FLIP,2026-07-07 22:07:00,120188.81458546955,STOP_LOSS,-4118.541453045327,5209.2,-9327.741453045328,15.0,2026-07
SILVER,SHORT,2026-07-07 22:05:00,2341.0,2343.2263399080593,2334.320980275822,SHA_FLIP,2026-07-07 22:21:00,2343.2263399080593,STOP_LOSS,-66.79019724178033,208.092,-274.8821972417803,16.0,2026-07
GOLD,SHORT,2026-07-07 22:18:00,120113.0,120138.85627918619,120035.43116244143,SHA_FLIP,2026-07-07 22:30:00,120138.85627918619,STOP_LOSS,-2585.6279186191387,5204.52,-7790.147918619139,12.0,2026-07
SILVER,SHORT,2026-07-07 23:04:00,2339.0,2340.619653932577,2334.141038202269,SHA_FLIP,2026-07-07 23:11:00,2340.619653932577,STOP_LOSS,-48.58961797730899,208.068,-256.657617977309,7.0,2026-07
SILVER,SHORT,2026-07-07 23:12:00,2338.0,2339.9599566778984,2332.120129966305,SHA_FLIP,2026-07-07 23:16:00,2339.9599566778984,STOP_LOSS,-58.7987003369517,208.056,-266.85470033695174,4.0,2026-07
SILVER,SHORT,2026-07-07 23:18:00,2339.0,2341.069654784745,2332.7910356457646,SHA_FLIP,2026-07-07 23:22:00,2341.069654784745,STOP_LOSS,-62.08964354235377,208.068,-270.15764354235375,4.0,2026-07
SILVER,LONG,2026-07-07 23:22:00,2342.0,2339.2486635001064,2350.2540094996807,SHA_FLIP,2026-07-07 23:24:00,2339.2486635001064,STOP_LOSS,-82.54009499680706,208.104,-290.6440949968071,2.0,2026-07
GOLD,SHORT,2026-07-07 23:24:00,120124.0,120146.816761527,120055.54971541898,SHA_FLIP,2026-07-07 23:25:00,120146.816761527,STOP_LOSS,-2281.6761527006747,5204.96,-7486.636152700675,1.0,2026-07
CRUDEOIL,LONG,2026-07-07 21:05:00,6752.0,6733.0,6828.0,SHA_FLIP,2026-07-08 09:13:00,6844.0,SESSION_END,9200.0,670.08,8529.92,728.0,2026-07
SILVER,SHORT,2026-07-08 09:45:00,2326.0,2329.8716482074833,2314.38505537755,SHA_FLIP,2026-07-08 10:03:00,2329.8716482074833,STOP_LOSS,-116.14944622449912,207.912,-324.06144622449915,18.0,2026-07
SILVER,LONG,2026-07-08 10:15:00,2330.0,2328.537119055348,2334.3886428339565,SHA_FLIP,2026-07-08 10:35:00,2334.3886428339565,TAKE_PROFIT,131.6592850186953,207.96,-76.30071498130471,20.0,2026-07
SILVER,LONG,2026-07-08 10:43:00,2334.0,2331.9047487162075,2340.2857538513776,SHA_FLIP,2026-07-08 10:59:00,2331.9047487162075,STOP_LOSS,-62.85753851377649,208.008,-270.8655385137765,16.0,2026-07
SILVER,LONG,2026-07-08 11:03:00,2340.0,2335.959870813093,2352.120387560721,SHA_FLIP,2026-07-08 12:38:00,2335.959870813093,STOP_LOSS,-121.20387560721156,208.08,-329.2838756072116,95.0,2026-07
SILVER,SHORT,2026-07-08 13:31:00,2333.0,2334.886142781791,2327.341571654627,SHA_FLIP,2026-07-08 13:41:00,2334.886142781791,STOP_LOSS,-56.58428345373068,207.996,-264.58028345373066,10.0,2026-07
SILVER,SHORT,2026-07-08 13:47:00,2326.0,2330.4227472155267,2312.73175835342,SHA_FLIP,2026-07-08 14:02:00,2312.73175835342,TAKE_PROFIT,398.04724939740026,207.912,190.13524939740026,15.0,2026-07
SILVER,LONG,2026-07-08 15:02:00,2276.0,2270.5948766125725,2292.2153701622824,SHA_FLIP,2026-07-08 15:13:00,2270.5948766125725,STOP_LOSS,-162.15370162282397,207.312,-369.465701622824,11.0,2026-07
BANKNIFTY,SHORT,2026-07-08 14:22:00,56816.0,56958.13758224095,56460.65604439762,ARMED_STOP,2026-07-08 15:16:00,56777.3,SESSION_END,1160.9999999999127,640.896,520.1039999999127,54.0,2026-07
SILVER,SHORT,2026-07-08 15:40:00,2270.0,2275.0814470562477,2254.755658831257,SHA_FLIP,2026-07-08 15:52:00,2275.0814470562477,STOP_LOSS,-152.44341168743176,207.24,-359.68341168743177,12.0,2026-07
SILVER,LONG,2026-07-08 15:59:00,2276.0,2270.7638562572715,2291.7084312281854,SHA_FLIP,2026-07-08 16:38:00,2270.7638562572715,STOP_LOSS,-157.08431228185418,207.312,-364.3963122818542,39.0,2026-07
SILVER,SHORT,2026-07-08 16:55:00,2272.0,2273.067378135963,2268.7978655921115,SHA_FLIP,2026-07-08 17:05:00,2273.067378135963,STOP_LOSS,-32.021344078884795,207.264,-239.2853440788848,10.0,2026-07
SILVER,SHORT,2026-07-08 17:06:00,2269.0,2273.428097267243,2255.7157081982705,SHA_FLIP,2026-07-08 17:14:00,2273.428097267243,STOP_LOSS,-132.84291801729523,207.228,-340.07091801729524,8.0,2026-07
SILVER,LONG,2026-07-08 17:37:00,2278.0,2273.5414288983447,2291.3757133049658,SHA_FLIP,2026-07-08 17:52:00,2273.5414288983447,STOP_LOSS,-133.75713304965757,207.336,-341.0931330496576,15.0,2026-07
GOLD,LONG,2026-07-08 17:35:00,118683.0,118614.60006024227,118888.19981927318,SHA_FLIP,2026-07-08 18:16:00,118888.19981927318,TAKE_PROFIT,20519.98192731844,5147.320000000001,15372.66192731844,41.0,2026-07
SILVER,LONG,2026-07-08 18:35:00,2284.0,2279.7405270763984,2296.778418770805,SHA_FLIP,2026-07-08 18:38:00,2279.7405270763984,STOP_LOSS,-127.7841877080482,207.40800000000002,-335.1921877080482,3.0,2026-07
SILVER,LONG,2026-07-08 18:44:00,2281.0,2278.9044525912664,2287.286642226201,SHA_FLIP,2026-07-08 18:49:00,2278.9044525912664,STOP_LOSS,-62.86642226200911,207.372,-270.2384222620091,5.0,2026-07
GOLD,SHORT,2026-07-08 18:44:00,118700.0,118744.12529459593,118567.62411621222,SHA_FLIP,2026-07-08 18:52:00,118744.12529459593,STOP_LOSS,-4412.52945959277,5148.0,-9560.52945959277,8.0,2026-07
GOLD,SHORT,2026-07-08 18:58:00,118750.0,118764.7606512622,118705.7180462134,SHA_FLIP,2026-07-08 19:11:00,118764.7606512622,STOP_LOSS,-1476.0651262200554,5150.0,-6626.065126220055,13.0,2026-07
GOLD,LONG,2026-07-08 19:11:00,118817.0,118801.30288503085,118864.09134490746,SHA_FLIP,2026-07-08 19:14:00,118801.30288503085,STOP_LOSS,-1569.7114969152608,5152.68,-6722.391496915261,3.0,2026-07
GOLD,SHORT,2026-07-08 19:24:00,118674.0,118703.12549626015,118586.62351121954,SHA_FLIP,2026-07-08 19:29:00,118703.12549626015,STOP_LOSS,-2912.549626015243,5146.96,-8059.509626015243,5.0,2026-07
SILVER,SHORT,2026-07-08 19:14:00,2275.0,2277.1153454198015,2268.6539637405954,SHA_FLIP,2026-07-08 19:33:00,2268.6539637405954,TAKE_PROFIT,190.38108778213882,207.3,-16.91891221786119,19.0,2026-07
GOLD,SHORT,2026-07-08 20:06:00,118372.0,118421.7429953726,118222.77101388221,SHA_FLIP,2026-07-08 20:07:00,118222.77101388221,TAKE_PROFIT,14922.89861177851,5134.88,9788.018611778509,1.0,2026-07
SILVER,SHORT,2026-07-08 20:03:00,2261.0,2265.4124373207414,2247.7626880377757,SHA_FLIP,2026-07-08 20:13:00,2247.7626880377757,TAKE_PROFIT,397.1193588667302,207.132,189.98735886673018,10.0,2026-07
GOLD,SHORT,2026-07-08 20:43:00,118120.0,118173.26687863418,117960.19936409745,SHA_FLIP,2026-07-08 20:45:00,117960.19936409745,TAKE_PROFIT,15980.063590254576,5124.8,10855.263590254577,2.0,2026-07
GOLD,SHORT,2026-07-08 21:00:00,117991.0,118087.12495306111,117702.62514081667,SHA_FLIP,2026-07-08 21:09:00,118087.12495306111,STOP_LOSS,-9612.49530611094,5119.64,-14732.13530611094,9.0,2026-07
GOLD,SHORT,2026-07-08 21:13:00,117951.0,118037.18394529623,117692.44816411131,SHA_FLIP,2026-07-08 21:14:00,118037.18394529623,STOP_LOSS,-8618.394529623038,5118.04,-13736.434529623039,1.0,2026-07
GOLD,SHORT,2026-07-08 21:27:00,117981.0,118036.00843249168,117815.97470252495,SHA_FLIP,2026-07-08 21:28:00,118036.00843249168,STOP_LOSS,-5500.843249168247,5119.24,-10620.083249168247,1.0,2026-07
GOLD,LONG,2026-07-08 21:34:00,118111.0,118072.40448398955,118226.78654803135,SHA_FLIP,2026-07-08 21:37:00,118226.78654803135,TAKE_PROFIT,11578.65480313485,5124.4400000000005,6454.21480313485,3.0,2026-07
GOLD,LONG,2026-07-08 21:58:00,118300.0,118259.52992598545,118421.41022204365,SHA_FLIP,2026-07-08 22:12:00,118421.41022204365,TAKE_PROFIT,12141.022204364708,5132.0,7009.022204364708,14.0,2026-07
SILVER,SHORT,2026-07-08 20:27:00,2251.0,2256.2139410829404,2235.3581767511787,SHA_FLIP,2026-07-08 22:14:00,2256.2139410829404,STOP_LOSS,-156.4182324882131,207.012,-363.4302324882131,107.0,2026-07
SILVER,LONG,2026-07-08 22:37:00,2260.0,2255.9790539683786,2272.062838094864,SHA_FLIP,2026-07-08 23:01:00,2272.062838094864,TAKE_PROFIT,361.88514284592657,207.12,154.76514284592656,24.0,2026-07
SILVER,LONG,2026-07-08 23:10:00,2267.0,2261.756536752319,2282.7303897430434,SHA_FLIP,2026-07-08 23:13:00,2261.756536752319,STOP_LOSS,-157.3038974304336,207.204,-364.5078974304336,3.0,2026-07
GOLD,LONG,2026-07-08 22:37:00,118700.0,118651.18451082763,118846.4464675171,SHA_FLIP,2026-07-08 23:15:00,118651.18451082763,STOP_LOSS,-4881.548917236796,5148.0,-10029.548917236796,38.0,2026-07
SILVER,SHORT,2026-07-09 09:34:00,2254.0,2257.869286018479,2242.3921419445624,SHA_FLIP,2026-07-09 10:09:00,2257.869286018479,STOP_LOSS,-116.07858055437646,207.048,-323.12658055437646,35.0,2026-07
SILVER,LONG,2026-07-09 10:23:00,2260.0,2258.443556734932,2264.6693297952042,SHA_FLIP,2026-07-09 10:24:00,2258.443556734932,STOP_LOSS,-46.693297952042485,207.12,-253.8132979520425,1.0,2026-07
SILVER,LONG,2026-07-09 10:31:00,2262.0,2259.4706877251892,2269.5879368244323,SHA_FLIP,2026-07-09 10:41:00,2269.5879368244323,TAKE_PROFIT,227.6381047329687,207.144,20.494104732968708,10.0,2026-07
CRUDEOIL,LONG,2026-07-09 10:13:00,7101.0,7057.8,7273.799999999999,SHA_FLIP,2026-07-09 11:17:00,7057.8,STOP_LOSS,-4319.999999999982,684.04,-5004.039999999982,64.0,2026-07
SILVER,LONG,2026-07-09 12:16:00,2294.0,2288.908430066184,2309.2747098014484,SHA_FLIP,2026-07-09 12:44:00,2288.908430066184,STOP_LOSS,-152.74709801448353,207.528,-360.27509801448355,28.0,2026-07
SILVER,LONG,2026-07-09 14:12:00,2301.0,2297.851719330081,2310.4448420097574,SHA_FLIP,2026-07-09 14:14:00,2297.851719330081,STOP_LOSS,-94.44842009757394,207.612,-302.0604200975739,2.0,2026-07
SILVER,SHORT,2026-07-09 15:08:00,2295.0,2296.3046380863716,2291.086085740885,SHA_FLIP,2026-07-09 15:13:00,2291.086085740885,TAKE_PROFIT,117.4174277734437,207.54,-90.12257222655629,5.0,2026-07
SILVER,SHORT,2026-07-09 16:14:00,2286.0,2287.6515107836367,2281.04546764909,SHA_FLIP,2026-07-09 16:19:00,2281.04546764909,TAKE_PROFIT,148.63597052730256,207.43200000000002,-58.796029472697455,5.0,2026-07
SILVER,LONG,2026-07-09 17:39:00,2298.0,2293.140635959104,2312.5780921226874,SHA_FLIP,2026-07-09 17:48:00,2293.140635959104,STOP_LOSS,-145.78092122687394,207.576,-353.35692122687396,9.0,2026-07
SILVER,LONG,2026-07-09 17:57:00,2296.0,2294.3997477938897,2300.800756618331,SHA_FLIP,2026-07-09 18:00:00,2294.3997477938897,STOP_LOSS,-48.00756618330979,207.552,-255.55956618330978,3.0,2026-07
GOLD,LONG,2026-07-09 18:04:00,119571.0,119535.64990894559,119677.05027316323,SHA_FLIP,2026-07-09 18:06:00,119677.05027316323,TAKE_PROFIT,10605.027316322958,5182.84,5422.1873163229575,2.0,2026-07
GOLD,LONG,2026-07-09 18:40:00,119650.0,119606.03066622831,119781.90800131507,SHA_FLIP,2026-07-09 18:47:00,119781.90800131507,TAKE_PROFIT,13190.800131506694,5186.0,8004.800131506694,7.0,2026-07
SILVER,LONG,2026-07-09 18:39:00,2296.0,2291.2631326123537,2310.210602162939,SHA_FLIP,2026-07-09 19:00:00,2291.2631326123537,STOP_LOSS,-142.10602162938812,207.552,-349.65802162938814,21.0,2026-07
GOLD,SHORT,2026-07-09 20:04:00,119572.0,119603.46210614138,119477.61368157587,SHA_FLIP,2026-07-09 20:20:00,119477.61368157587,TAKE_PROFIT,9438.631842413452,5182.88,4255.751842413451,16.0,2026-07
GOLD,LONG,2026-07-09 20:58:00,119690.0,119675.45179994941,119733.64460015176,SHA_FLIP,2026-07-09 21:05:00,119675.45179994941,STOP_LOSS,-1454.8200050587184,5187.6,-6642.420005058719,7.0,2026-07
GOLD,SHORT,2026-07-09 21:05:00,119612.0,119632.94286150932,119549.17141547204,SHA_FLIP,2026-07-09 21:07:00,119632.94286150932,STOP_LOSS,-2094.286150932021,5184.4800000000005,-7278.766150932021,2.0,2026-07
GOLD,LONG,2026-07-09 21:10:00,119689.0,119668.73525217662,119749.79424347015,SHA_FLIP,2026-07-09 21:15:00,119668.73525217662,STOP_LOSS,-2026.4747823384823,5187.56,-7214.034782338483,5.0,2026-07
GOLD,LONG,2026-07-09 22:19:00,119800.0,119782.11877281828,119853.64368154515,SHA_FLIP,2026-07-09 22:24:00,119853.64368154515,TAKE_PROFIT,5364.368154514523,5192.0,172.36815451452276,5.0,2026-07
SILVER,SHORT,2026-07-09 19:01:00,2293.0,2298.0585923987583,2277.824222803725,SHA_FLIP,2026-07-10 09:00:00,2300.0,SESSION_END,-210.0,207.516,-417.51599999999996,839.0,2026-07
SILVER,SHORT,2026-07-10 11:17:00,2265.0,2269.213055187614,2252.3608344371582,SHA_FLIP,2026-07-10 11:28:00,2269.213055187614,STOP_LOSS,-126.39165562841754,207.18,-333.57165562841755,11.0,2026-07
SILVER,LONG,2026-07-10 12:46:00,2271.0,2270.167128995359,2273.4986130139237,SHA_FLIP,2026-07-10 12:47:00,2270.167128995359,STOP_LOSS,-24.986130139236593,207.252,-232.2381301392366,1.0,2026-07
SILVER,SHORT,2026-07-10 12:47:00,2268.0,2269.721821537356,2262.834535387932,SHA_FLIP,2026-07-10 12:49:00,2269.721821537356,STOP_LOSS,-51.65464612067808,207.216,-258.8706461206781,2.0,2026-07
SILVER,LONG,2026-07-10 12:50:00,2272.0,2269.634713505905,2279.095859482285,SHA_FLIP,2026-07-10 13:01:00,2269.634713505905,STOP_LOSS,-70.9585948228505,207.264,-278.2225948228505,11.0,2026-07
SILVER,SHORT,2026-07-10 13:30:00,2266.0,2267.3798142775604,2261.860557167319,SHA_FLIP,2026-07-10 13:45:00,2267.3798142775604,STOP_LOSS,-41.394428326811976,207.192,-248.58642832681198,15.0,2026-07
SILVER,LONG,2026-07-10 13:45:00,2269.0,2266.9277461401102,2275.2167615796693,SHA_FLIP,2026-07-10 13:57:00,2266.9277461401102,STOP_LOSS,-62.1676157966931,207.228,-269.3956157966931,12.0,2026-07
SILVER,SHORT,2026-07-10 13:58:00,2261.0,2263.3533149651425,2253.9400551045724,SHA_FLIP,2026-07-10 14:35:00,2263.3533149651425,STOP_LOSS,-70.59944895427634,207.132,-277.73144895427635,37.0,2026-07
SILVER,LONG,2026-07-10 14:46:00,2264.0,2261.0560842624986,2272.831747212504,SHA_FLIP,2026-07-10 14:47:00,2261.0560842624986,STOP_LOSS,-88.3174721250407,207.168,-295.4854721250407,1.0,2026-07
SILVER,LONG,2026-07-10 15:10:00,2266.0,2263.923660169916,2272.2290194902525,SHA_FLIP,2026-07-10 15:21:00,2263.923660169916,STOP_LOSS,-62.2901949025254,207.192,-269.4821949025254,11.0,2026-07
SILVER,LONG,2026-07-10 15:53:00,2269.0,2266.961582351525,2275.115252945425,SHA_FLIP,2026-07-10 16:16:00,2266.961582351525,STOP_LOSS,-61.152529454248,207.228,-268.380529454248,23.0,2026-07
GOLD,SHORT,2026-07-10 17:30:00,118949.0,118978.93398459171,118859.19804622486,SHA_FLIP,2026-07-10 17:32:00,118978.93398459171,STOP_LOSS,-2993.3984591712942,5157.96,-8151.358459171294,2.0,2026-07
SILVER,SHORT,2026-07-10 16:28:00,2264.0,2267.232825683317,2254.301522950049,SHA_FLIP,2026-07-10 17:43:00,2267.232825683317,STOP_LOSS,-96.9847704995118,207.168,-304.1527704995118,75.0,2026-07
SILVER,SHORT,2026-07-10 18:26:00,2262.0,2263.551662974712,2257.3450110758636,SHA_FLIP,2026-07-10 18:29:00,2263.551662974712,STOP_LOSS,-46.549889241364326,207.144,-253.69388924136433,3.0,2026-07
SILVER,LONG,2026-07-10 18:30:00,2266.0,2263.680157111689,2272.9595286649333,SHA_FLIP,2026-07-10 18:35:00,2263.680157111689,STOP_LOSS,-69.59528664933259,207.192,-276.7872866493326,5.0,2026-07
GOLD,SHORT,2026-07-10 18:53:00,119000.0,119031.80771368317,118904.57685895049,SHA_FLIP,2026-07-10 18:57:00,118904.57685895049,TAKE_PROFIT,9542.31410495122,5160.0,4382.31410495122,4.0,2026-07
SILVER,SHORT,2026-07-10 19:19:00,2264.0,2266.1148589310887,2257.6554232067338,SHA_FLIP,2026-07-10 19:21:00,2266.1148589310887,STOP_LOSS,-63.44576793266242,207.168,-270.6137679326624,2.0,2026-07
SILVER,LONG,2026-07-10 19:21:00,2268.0,2265.0781726250934,2276.7654821247197,SHA_FLIP,2026-07-10 19:31:00,2265.0781726250934,STOP_LOSS,-87.6548212471971,207.216,-294.8708212471971,10.0,2026-07
GOLD,SHORT,2026-07-10 19:27:00,118800.0,118858.24532063758,118625.26403808726,SHA_FLIP,2026-07-10 19:36:00,118858.24532063758,STOP_LOSS,-5824.5320637579425,5152.0,-10976.532063757943,9.0,2026-07
GOLD,SHORT,2026-07-10 19:39:00,118658.0,118725.49709935552,118455.50870193345,SHA_FLIP,2026-07-10 19:43:00,118725.49709935552,STOP_LOSS,-6749.7099355518,5146.320000000001,-11896.0299355518,4.0,2026-07
GOLD,SHORT,2026-07-10 19:56:00,118682.0,118739.02453218984,118510.92640343048,SHA_FLIP,2026-07-10 19:58:00,118739.02453218984,STOP_LOSS,-5702.45321898401,5147.280000000001,-10849.73321898401,2.0,2026-07
SILVER,LONG,2026-07-10 19:32:00,2267.0,2264.193346265683,2275.419961202951,SHA_FLIP,2026-07-10 20:02:00,2264.193346265683,STOP_LOSS,-84.19961202951072,207.204,-291.4036120295107,30.0,2026-07
GOLD,LONG,2026-07-10 19:59:00,118850.0,118783.75914156412,119048.72257530763,SHA_FLIP,2026-07-10 20:02:00,118783.75914156412,STOP_LOSS,-6624.085843587818,5154.0,-11778.085843587818,3.0,2026-07
SILVER,SHORT,2026-07-10 20:03:00,2257.0,2264.4244206277485,2234.7267381167544,SHA_FLIP,2026-07-10 20:04:00,2264.4244206277485,STOP_LOSS,-222.73261883245596,207.084,-429.81661883245596,1.0,2026-07
SILVER,SHORT,2026-07-10 20:28:00,2261.0,2264.8370857227046,2249.488742831886,SHA_FLIP,2026-07-10 20:38:00,2264.8370857227046,STOP_LOSS,-115.11257168113843,207.132,-322.24457168113844,10.0,2026-07
SILVER,LONG,2026-07-10 22:06:00,2271.0,2270.1443398757415,2273.5669803727756,SHA_FLIP,2026-07-10 22:07:00,2270.1443398757415,STOP_LOSS,-25.669803727755607,207.252,-232.92180372775562,1.0,2026-07
SILVER,SHORT,2026-07-10 22:09:00,2268.0,2269.4740400868136,2263.577879739559,SHA_FLIP,2026-07-10 22:12:00,2269.4740400868136,STOP_LOSS,-44.22120260440806,207.216,-251.43720260440807,3.0,2026-07
SILVER,LONG,2026-07-10 22:12:00,2271.0,2269.0404544975618,2276.8786365073147,SHA_FLIP,2026-07-10 22:19:00,2269.0404544975618,STOP_LOSS,-58.78636507314695,207.252,-266.03836507314696,7.0,2026-07
SILVER,SHORT,2026-07-10 22:44:00,2263.0,2265.2087187542847,2256.3738437371458,SHA_FLIP,2026-07-10 22:46:00,2265.2087187542847,STOP_LOSS,-66.26156262854238,207.156,-273.4175626285424,2.0,2026-07
SILVER,LONG,2026-07-10 23:06:00,2270.0,2267.1066333811405,2278.6800998565786,SHA_FLIP,2026-07-10 23:07:00,2267.1066333811405,STOP_LOSS,-86.80099856578636,207.24,-294.04099856578637,1.0,2026-07
GOLD,SHORT,2026-07-10 20:03:00,118679.0,118836.35378089455,118206.93865731634,SHA_FLIP,2026-07-10 23:25:00,118206.93865731634,TAKE_PROFIT,47206.13426836644,5147.16,42058.97426836644,202.0,2026-07
SILVER,LONG,2026-07-10 23:16:00,2268.0,2264.8611273273737,2277.416618017879,SHA_FLIP,2026-07-10 23:26:00,2264.8611273273737,STOP_LOSS,-94.16618017879046,207.216,-301.38218017879046,10.0,2026-07
GOLD,SHORT,2026-07-10 23:25:00,118300.0,118349.54539046268,118151.36382861197,SHA_FLIP,2026-07-10 23:27:00,118151.36382861197,TAKE_PROFIT,14863.617138803238,5132.0,9731.617138803238,2.0,2026-07
SILVER,SHORT,2026-07-10 23:26:00,2264.0,2266.9239055018274,2255.2282834945177,SHA_FLIP,2026-07-13 09:00:00,2214.0,SESSION_END,1500.0,207.168,1292.8319999999999,3454.0,2026-07
SILVER,SHORT,2026-07-13 09:37:00,2220.0,2223.9871387638636,2208.038583708409,SHA_FLIP,2026-07-13 09:52:00,2223.9871387638636,STOP_LOSS,-119.61416291590922,206.64,-326.2541629159092,15.0,2026-07
SILVER,LONG,2026-07-13 10:16:00,2226.0,2224.0275535753635,2231.9173392739094,SHA_FLIP,2026-07-13 10:21:00,2224.0275535753635,STOP_LOSS,-59.1733927390942,206.712,-265.8853927390942,5.0,2026-07
SILVER,SHORT,2026-07-13 11:18:00,2228.0,2230.2693397316957,2221.191980804913,SHA_FLIP,2026-07-13 11:36:00,2221.191980804913,TAKE_PROFIT,204.2405758526138,206.736,-2.4954241473861885,18.0,2026-07
SILVER,SHORT,2026-07-13 12:22:00,2224.0,2226.365280395741,2216.9041588127766,SHA_FLIP,2026-07-13 12:34:00,2226.365280395741,STOP_LOSS,-70.95841187223414,206.688,-277.6464118722341,12.0,2026-07
SILVER,LONG,2026-07-13 13:24:00,2235.0,2233.1646703795595,2240.5059888613214,SHA_FLIP,2026-07-13 13:31:00,2240.5059888613214,TAKE_PROFIT,165.17966583964153,206.82,-41.640334160358464,7.0,2026-07
SILVER,LONG,2026-07-13 14:07:00,2244.0,2242.767064658281,2247.698806025157,SHA_FLIP,2026-07-13 14:35:00,2242.767064658281,STOP_LOSS,-36.98806025156955,206.928,-243.91606025156955,28.0,2026-07
SILVER,SHORT,2026-07-13 14:56:00,2241.0,2242.766641971648,2235.7000740850563,SHA_FLIP,2026-07-13 14:59:00,2242.766641971648,STOP_LOSS,-52.99925914943742,206.892,-259.8912591494374,3.0,2026-07
SILVER,SHORT,2026-07-13 15:03:00,2238.0,2240.666507991094,2230.000476026718,SHA_FLIP,2026-07-13 15:11:00,2240.666507991094,STOP_LOSS,-79.99523973282066,206.856,-286.85123973282066,8.0,2026-07
SILVER,SHORT,2026-07-13 15:21:00,2237.0,2238.7308559139733,2231.80743225808,SHA_FLIP,2026-07-13 15:25:00,2238.7308559139733,STOP_LOSS,-51.92567741919902,206.844,-258.769677419199,4.0,2026-07
SILVER,SHORT,2026-07-13 16:12:00,2231.0,2233.261719981687,2224.2148400549395,SHA_FLIP,2026-07-13 16:13:00,2233.261719981687,STOP_LOSS,-67.85159945060514,206.772,-274.6235994506051,1.0,2026-07
SILVER,SHORT,2026-07-13 16:32:00,2233.0,2237.1841354055728,2220.4475937832817,SHA_FLIP,2026-07-13 16:38:00,2237.1841354055728,STOP_LOSS,-125.52406216718282,206.796,-332.3200621671828,6.0,2026-07
SILVER,LONG,2026-07-13 16:38:00,2238.0,2234.587870654952,2248.236388035144,SHA_FLIP,2026-07-13 17:44:00,2234.587870654952,STOP_LOSS,-102.36388035144046,206.856,-309.21988035144045,66.0,2026-07
SILVER,SHORT,2026-07-13 17:50:00,2234.0,2237.5929924170155,2223.2210227489536,SHA_FLIP,2026-07-13 17:54:00,2237.5929924170155,STOP_LOSS,-107.78977251046399,206.808,-314.597772510464,4.0,2026-07
SILVER,SHORT,2026-07-13 18:13:00,2233.0,2234.7130661883434,2227.8608014349697,SHA_FLIP,2026-07-13 18:14:00,2234.7130661883434,STOP_LOSS,-51.39198565030256,206.796,-258.18798565030255,1.0,2026-07
GOLD,SHORT,2026-07-13 18:01:00,117203.0,117221.67437650272,117146.97687049184,SHA_FLIP,2026-07-13 18:21:00,117221.67437650272,STOP_LOSS,-1867.4376502720406,5088.12,-6955.5576502720405,20.0,2026-07
GOLD,SHORT,2026-07-13 18:45:00,117100.0,117142.66453444563,116972.0063966631,SHA_FLIP,2026-07-13 19:01:00,117142.66453444563,STOP_LOSS,-4266.453444563376,5084.0,-9350.453444563376,16.0,2026-07
GOLD,SHORT,2026-07-13 19:11:00,117070.0,117109.35172762607,116951.9448171218,SHA_FLIP,2026-07-13 19:21:00,116951.9448171218,TAKE_PROFIT,11805.51828782045,5082.8,6722.71828782045,10.0,2026-07
SILVER,SHORT,2026-07-13 20:01:00,2223.0,2226.888459858225,2211.3346204253253,SHA_FLIP,2026-07-13 20:17:00,2226.888459858225,STOP_LOSS,-116.65379574674716,206.676,-323.32979574674715,16.0,2026-07
GOLD,SHORT,2026-07-13 20:34:00,116257.0,116316.50855857616,116078.47432427153,SHA_FLIP,2026-07-13 20:39:00,116316.50855857616,STOP_LOSS,-5950.855857615534,5050.280000000001,-11001.135857615534,5.0,2026-07
SILVER,LONG,2026-07-13 20:39:00,2230.0,2228.6847089757953,2233.945873072614,SHA_FLIP,2026-07-13 20:40:00,2228.6847089757953,STOP_LOSS,-39.458730726141766,206.76,-246.21873072614176,1.0,2026-07
SILVER,LONG,2026-07-13 20:48:00,2230.0,2227.731057646377,2236.806827060869,SHA_FLIP,2026-07-13 21:09:00,2227.731057646377,STOP_LOSS,-68.06827060869182,206.76,-274.8282706086918,21.0,2026-07
GOLD,LONG,2026-07-13 20:41:00,116401.0,116337.77612200407,116590.67163398779,SHA_FLIP,2026-07-13 21:13:00,116337.77612200407,STOP_LOSS,-6322.38779959298,5056.04,-11378.42779959298,32.0,2026-07
SILVER,SHORT,2026-07-13 21:31:00,2225.0,2227.1164467903254,2218.6506596290237,SHA_FLIP,2026-07-13 21:34:00,2227.1164467903254,STOP_LOSS,-63.49340370976279,206.7,-270.1934037097628,3.0,2026-07
GOLD,SHORT,2026-07-13 22:21:00,115839.0,115946.7325630194,115515.80231094181,SHA_FLIP,2026-07-13 22:30:00,115946.7325630194,STOP_LOSS,-10773.256301939546,5033.56,-15806.816301939547,9.0,2026-07
SILVER,SHORT,2026-07-13 22:21:00,2219.0,2221.0986221149446,2212.704133655166,SHA_FLIP,2026-07-13 22:39:00,2221.0986221149446,STOP_LOSS,-62.958663448339394,206.628,-269.5866634483394,18.0,2026-07
SILVER,LONG,2026-07-13 22:49:00,2223.0,2221.413508643649,2227.759474069053,SHA_FLIP,2026-07-13 22:51:00,2221.413508643649,STOP_LOSS,-47.59474069052885,206.676,-254.27074069052884,2.0,2026-07
CRUDEOIL,SHORT,2026-07-09 20:47:00,6926.0,6946.4,6844.4000000000015,SHA_FLIP,2026-07-14 09:04:00,7600.0,SESSION_END,-67400.0,677.04,-68077.04,6497.0,2026-07
CRUDEOIL,LONG,2026-07-14 09:36:00,7535.0,7514.871027957127,7615.515888171492,SHA_FLIP,2026-07-14 09:40:00,7514.871027957127,STOP_LOSS,-2012.8972042873102,701.4000000000001,-2714.2972042873103,4.0,2026-07
SILVER,LONG,2026-07-14 10:01:00,2229.0,2226.453004141465,2236.640987575605,SHA_FLIP,2026-07-14 10:08:00,2236.640987575605,TAKE_PROFIT,229.22962726814603,206.748,22.481627268146042,7.0,2026-07
SILVER,LONG,2026-07-14 10:29:00,2234.0,2231.894185600077,2240.317443199769,SHA_FLIP,2026-07-14 10:38:00,2240.317443199769,TAKE_PROFIT,189.52329599307177,206.808,-17.284704006928223,9.0,2026-07
SILVER,LONG,2026-07-14 10:51:00,2240.0,2238.064237587511,2245.8072872374673,SHA_FLIP,2026-07-14 11:01:00,2245.8072872374673,TAKE_PROFIT,174.21861712402006,206.88,-32.66138287597994,10.0,2026-07
SILVER,SHORT,2026-07-14 11:49:00,2242.0,2243.8020393739735,2236.5938818780796,SHA_FLIP,2026-07-14 12:20:00,2243.8020393739735,STOP_LOSS,-54.06118121920372,206.904,-260.9651812192037,31.0,2026-07
SILVER,LONG,2026-07-14 12:37:00,2244.0,2241.723912853622,2250.8282614391337,SHA_FLIP,2026-07-14 13:14:00,2241.723912853622,STOP_LOSS,-68.28261439133712,206.928,-275.2106143913371,37.0,2026-07
CRUDEOIL,LONG,2026-07-14 12:57:00,7600.0,7565.799994847624,7736.800020609506,SHA_FLIP,2026-07-14 13:18:00,7565.799994847624,STOP_LOSS,-3420.0005152376434,704.0,-4124.000515237643,21.0,2026-07
SILVER,LONG,2026-07-14 15:13:00,2243.0,2242.606143012315,2244.181570963055,SHA_FLIP,2026-07-14 15:20:00,2244.181570963055,TAKE_PROFIT,35.44712889165112,206.916,-171.46887110834888,7.0,2026-07
CRUDEOIL,LONG,2026-07-14 15:46:00,7570.0,7565.998786806267,7586.004852774931,SHA_FLIP,2026-07-14 15:59:00,7586.004852774931,TAKE_PROFIT,1600.485277493135,702.8,897.6852774931351,13.0,2026-07
SILVER,LONG,2026-07-14 16:10:00,2247.0,2245.2607454872946,2252.2177635381163,SHA_FLIP,2026-07-14 16:12:00,2245.2607454872946,STOP_LOSS,-52.17763538116287,206.964,-259.14163538116287,2.0,2026-07
SILVER,SHORT,2026-07-14 16:16:00,2244.0,2245.5900707235305,2239.2297878294085,SHA_FLIP,2026-07-14 16:17:00,2245.5900707235305,STOP_LOSS,-47.70212170591549,206.928,-254.63012170591549,1.0,2026-07
CRUDEOIL,LONG,2026-07-14 16:32:00,7589.0,7587.39516077754,7595.419356889841,SHA_FLIP,2026-07-14 16:41:00,7587.39516077754,STOP_LOSS,-160.4839222460214,703.56,-864.0439222460213,9.0,2026-07
SILVER,LONG,2026-07-14 16:17:00,2247.0,2244.6219387062733,2254.13418388118,SHA_FLIP,2026-07-14 18:00:00,2254.13418388118,TAKE_PROFIT,214.02551643539937,206.964,7.061516435399369,103.0,2026-07
CRUDEOIL,SHORT,2026-07-14 16:41:00,7539.0,7551.890690670249,7487.437237319005,SHA_FLIP,2026-07-14 18:50:00,7487.437237319005,TAKE_PROFIT,5156.276268099464,701.56,4454.716268099464,129.0,2026-07
CRUDEOIL,SHORT,2026-07-14 19:18:00,7468.0,7472.230557438298,7451.077770246808,SHA_FLIP,2026-07-14 20:04:00,7451.077770246808,TAKE_PROFIT,1692.2229753192369,698.72,993.5029753192368,46.0,2026-07
GOLD,LONG,2026-07-14 18:00:00,116997.0,116834.85878007134,117483.42365978597,SHA_FLIP,2026-07-14 20:38:00,117483.42365978597,TAKE_PROFIT,48642.36597859708,5079.88,43562.485978597084,158.0,2026-07
SILVER,LONG,2026-07-14 18:30:00,2277.0,2270.707634035459,2295.8770978936236,SHA_FLIP,2026-07-14 21:12:00,2270.707634035459,STOP_LOSS,-188.77097893623613,207.324,-396.09497893623615,162.0,2026-07
SILVER,LONG,2026-07-14 22:15:00,2274.0,2272.967808505111,2277.096574484667,SHA_FLIP,2026-07-14 22:16:00,2272.967808505111,STOP_LOSS,-30.96574484667144,207.288,-238.25374484667145,1.0,2026-07
SILVER,LONG,2026-07-14 22:30:00,2274.0,2272.705775471686,2277.8826735849416,SHA_FLIP,2026-07-14 22:34:00,2272.705775471686,STOP_LOSS,-38.826735849415854,207.288,-246.11473584941587,4.0,2026-07
GOLD,LONG,2026-07-14 22:02:00,116869.0,116818.91026248781,117019.26921253656,SHA_FLIP,2026-07-14 22:39:00,116818.91026248781,STOP_LOSS,-5008.973751218582,5074.76,-10083.733751218582,37.0,2026-07
GOLD,SHORT,2026-07-14 22:39:00,116800.0,116832.47920259443,116702.5623922167,SHA_FLIP,2026-07-14 22:40:00,116832.47920259443,STOP_LOSS,-3247.9202594433445,5072.0,-8319.920259443345,1.0,2026-07
SILVER,SHORT,2026-07-14 22:35:00,2270.0,2272.455027499972,2262.634917500084,SHA_FLIP,2026-07-14 22:51:00,2272.455027499972,STOP_LOSS,-73.65082499915843,207.24,-280.89082499915844,16.0,2026-07
SILVER,SHORT,2026-07-14 23:04:00,2270.0,2271.540617529054,2265.3781474128377,SHA_FLIP,2026-07-14 23:06:00,2271.540617529054,STOP_LOSS,-46.21852587162266,207.24,-253.45852587162267,2.0,2026-07
SILVER,LONG,2026-07-14 23:07:00,2272.0,2270.4193372707164,2276.741988187851,SHA_FLIP,2026-07-14 23:09:00,2270.4193372707164,STOP_LOSS,-47.41988187850893,207.264,-254.68388187850894,2.0,2026-07
SILVER,SHORT,2026-07-14 23:09:00,2270.0,2271.8539200055507,2264.438239983348,SHA_FLIP,2026-07-14 23:12:00,2271.8539200055507,STOP_LOSS,-55.61760016651988,207.24,-262.8576001665199,3.0,2026-07
GOLD,LONG,2026-07-14 23:24:00,116900.0,116858.3119394708,117025.06418158759,SHA_FLIP,2026-07-14 23:25:00,116858.3119394708,STOP_LOSS,-4168.806052919535,5076.0,-9244.806052919535,1.0,2026-07
GOLD,SHORT,2026-07-14 23:25:00,116842.0,116889.72965245864,116698.81104262407,SHA_FLIP,2026-07-14 23:28:00,116889.72965245864,STOP_LOSS,-4772.965245864179,5073.68,-9846.64524586418,3.0,2026-07
GOLD,LONG,2026-07-14 23:28:00,116955.0,116880.00176401433,117179.994707957,SHA_FLIP,2026-07-14 23:29:00,116880.00176401433,STOP_LOSS,-7499.8235985665815,5078.2,-12578.023598566582,1.0,2026-07
SILVER,LONG,2026-07-14 23:16:00,2273.0,2269.0235945438467,2284.92921636846,SHA_FLIP,2026-07-15 09:00:00,2263.0,SESSION_END,-300.0,207.276,-507.276,584.0,2026-07
SILVER,LONG,2026-07-15 09:52:00,2271.0,2268.437831129797,2278.6865066106093,SHA_FLIP,2026-07-15 10:32:00,2268.437831129797,STOP_LOSS,-76.86506610609285,207.252,-284.11706610609286,40.0,2026-07
SILVER,SHORT,2026-07-15 10:32:00,2269.0,2271.0836419978696,2262.7490740063913,SHA_FLIP,2026-07-15 11:37:00,2262.7490740063913,TAKE_PROFIT,187.52777980826068,207.228,-19.700220191739334,65.0,2026-07
SILVER,LONG,2026-07-15 12:33:00,2259.0,2258.0273624814095,2261.9179125557716,SHA_FLIP,2026-07-15 12:44:00,2261.9179125557716,TAKE_PROFIT,87.53737667314908,207.108,-119.57062332685092,11.0,2026-07
CRUDEOIL,LONG,2026-07-14 21:23:00,7442.0,7425.597560664415,7507.609757342339,SHA_FLIP,2026-07-15 12:56:00,7507.609757342339,TAKE_PROFIT,6560.9757342339435,697.6800000000001,5863.295734233943,933.0,2026-07
BANKNIFTY,SHORT,2026-07-15 13:06:00,57763.45,57822.927054782274,57614.75736304431,ARMED_STOP,2026-07-15 13:09:00,57614.75736304431,TAKE_PROFIT,4460.779108670686,646.5807,3814.1984086706857,3.0,2026-07
SILVER,SHORT,2026-07-15 13:30:00,2252.0,2253.3011671642657,2248.096498507203,SHA_FLIP,2026-07-15 14:02:00,2253.3011671642657,STOP_LOSS,-39.03501492797204,207.024,-246.05901492797204,32.0,2026-07
SILVER,LONG,2026-07-15 14:40:00,2260.0,2258.916029912509,2263.2519102624724,SHA_FLIP,2026-07-15 14:45:00,2258.916029912509,STOP_LOSS,-32.51910262472393,207.12,-239.63910262472393,5.0,2026-07
SILVER,LONG,2026-07-15 14:52:00,2261.0,2258.449838672723,2268.6504839818303,SHA_FLIP,2026-07-15 14:58:00,2258.449838672723,STOP_LOSS,-76.50483981830348,207.132,-283.6368398183035,6.0,2026-07
SILVER,LONG,2026-07-15 15:00:00,2258.0,2256.9095364627483,2261.271390611755,SHA_FLIP,2026-07-15 15:11:00,2256.9095364627483,STOP_LOSS,-32.71390611755123,207.096,-239.80990611755124,11.0,2026-07
SILVER,SHORT,2026-07-15 15:11:00,2256.0,2257.953925230441,2250.1382243086764,SHA_FLIP,2026-07-15 15:28:00,2257.953925230441,STOP_LOSS,-58.61775691323601,207.072,-265.689756913236,17.0,2026-07
SILVER,LONG,2026-07-15 15:48:00,2260.0,2257.826316643454,2266.521050069638,SHA_FLIP,2026-07-15 15:55:00,2257.826316643454,STOP_LOSS,-65.21050069638022,207.12,-272.3305006963802,7.0,2026-07
CRUDEOIL,LONG,2026-07-15 12:56:00,7510.0,7502.4,7540.4000000000015,SHA_FLIP,2026-07-15 16:01:00,7540.4000000000015,TAKE_PROFIT,3040.0000000001455,700.4000000000001,2339.6000000001454,185.0,2026-07
SILVER,SHORT,2026-07-15 15:55:00,2254.0,2256.5655990901923,2246.303202729423,SHA_FLIP,2026-07-15 17:04:00,2256.5655990901923,STOP_LOSS,-76.96797270577008,207.048,-284.0159727057701,69.0,2026-07
CRUDEOIL,LONG,2026-07-15 16:01:00,7550.0,7541.999999999975,7582.000000000098,SHA_FLIP,2026-07-15 17:22:00,7541.999999999975,STOP_LOSS,-800.0000000024556,702.0,-1502.0000000024556,81.0,2026-07
SILVER,LONG,2026-07-15 17:32:00,2260.0,2258.6394552473853,2264.081634257844,SHA_FLIP,2026-07-15 17:35:00,2258.6394552473853,STOP_LOSS,-40.816342578441436,207.12,-247.93634257844144,3.0,2026-07
SILVER,LONG,2026-07-15 17:44:00,2259.0,2257.994015831569,2262.017952505293,SHA_FLIP,2026-07-15 17:55:00,2257.994015831569,STOP_LOSS,-30.17952505293124,207.108,-237.28752505293124,11.0,2026-07
GOLD,LONG,2026-07-15 17:45:00,116406.0,116360.86248514737,116541.41254455788,SHA_FLIP,2026-07-15 17:56:00,116360.86248514737,STOP_LOSS,-4513.751485262765,5056.24,-9569.991485262764,11.0,2026-07
SILVER,SHORT,2026-07-15 17:56:00,2255.0,2257.1271610283957,2248.618516914813,SHA_FLIP,2026-07-15 18:00:00,2257.1271610283957,STOP_LOSS,-63.81483085187028,207.06,-270.8748308518703,4.0,2026-07
SILVER,LONG,2026-07-15 18:00:00,2269.0,2260.5697018048,2294.2908945856,SHA_FLIP,2026-07-15 18:01:00,2260.5697018048,STOP_LOSS,-252.908945856002,207.228,-460.136945856002,1.0,2026-07
CRUDEOIL,SHORT,2026-07-15 17:22:00,7504.0,7514.200092892126,7463.1996284314955,SHA_FLIP,2026-07-15 18:40:00,7514.200092892126,STOP_LOSS,-1020.0092892126122,700.1600000000001,-1720.1692892126123,78.0,2026-07
GOLD,LONG,2026-07-15 18:01:00,116496.0,116351.05909779141,116930.82270662577,SHA_FLIP,2026-07-15 18:55:00,116351.05909779141,STOP_LOSS,-14494.090220858925,5059.84,-19553.930220858925,54.0,2026-07
CRUDEOIL,LONG,2026-07-15 18:40:00,7528.0,7523.199855100329,7547.200579598684,SHA_FLIP,2026-07-15 19:21:00,7547.200579598684,TAKE_PROFIT,1920.0579598684271,701.12,1218.9379598684272,41.0,2026-07
GOLD,SHORT,2026-07-15 19:16:00,116355.0,116389.77795262997,116250.66614211009,SHA_FLIP,2026-07-15 19:25:00,116389.77795262997,STOP_LOSS,-3477.795262997097,5054.2,-8531.995262997098,9.0,2026-07
SILVER,SHORT,2026-07-15 19:09:00,2267.0,2269.8334514604508,2258.4996456186477,SHA_FLIP,2026-07-15 19:36:00,2269.8334514604508,STOP_LOSS,-85.00354381352281,207.204,-292.2075438135228,27.0,2026-07
SILVER,SHORT,2026-07-15 20:10:00,2266.0,2267.4463605100314,2261.660918469906,SHA_FLIP,2026-07-15 20:18:00,2261.660918469906,TAKE_PROFIT,130.1724459028219,207.192,-77.01955409717812,8.0,2026-07
GOLD,SHORT,2026-07-15 21:27:00,116120.0,116138.64715585641,116064.05853243078,SHA_FLIP,2026-07-15 21:32:00,116064.05853243078,TAKE_PROFIT,5594.146756922419,5044.8,549.3467569224185,5.0,2026-07
SILVER,SHORT,2026-07-15 21:06:00,2254.0,2256.125483803953,2247.6235485881407,SHA_FLIP,2026-07-15 21:42:00,2247.6235485881407,TAKE_PROFIT,191.2935423557792,207.048,-15.754457644220793,36.0,2026-07
GOLD,SHORT,2026-07-15 21:58:00,115902.0,115966.85869517352,115707.42391447944,SHA_FLIP,2026-07-15 22:16:00,115966.85869517352,STOP_LOSS,-6485.869517351966,5036.08,-11521.949517351966,18.0,2026-07
CRUDEOIL,SHORT,2026-07-15 20:23:00,7460.0,7483.201348078979,7367.194607684083,SHA_FLIP,2026-07-15 22:16:00,7483.201348078979,STOP_LOSS,-2320.134807897921,698.4000000000001,-3018.534807897921,113.0,2026-07
SILVER,SHORT,2026-07-15 22:29:00,2236.0,2239.7260568927554,2224.8218293217337,SHA_FLIP,2026-07-15 22:30:00,2239.7260568927554,STOP_LOSS,-111.7817067826627,206.832,-318.6137067826627,1.0,2026-07
GOLD,LONG,2026-07-15 22:53:00,116092.0,116051.83326430479,116212.50020708563,SHA_FLIP,2026-07-15 23:00:00,116212.50020708563,TAKE_PROFIT,12050.020708562806,5043.68,7006.340708562806,7.0,2026-07
CRUDEOIL,LONG,2026-07-15 22:16:00,7520.0,7504.399864432929,7582.400542268286,SHA_FLIP,2026-07-15 23:06:00,7504.399864432929,STOP_LOSS,-1560.0135567071447,700.8,-2260.813556707145,50.0,2026-07
SILVER,LONG,2026-07-15 22:30:00,2241.0,2236.1040840262785,2255.6877479211644,SHA_FLIP,2026-07-15 23:16:00,2255.6877479211644,TAKE_PROFIT,440.6324376349312,206.892,233.7404376349312,46.0,2026-07
CRUDEOIL,SHORT,2026-07-15 23:06:00,7482.0,7489.612182405045,7451.5512703798195,SHA_FLIP,2026-07-15 23:20:00,7489.612182405045,STOP_LOSS,-761.2182405045132,699.28,-1460.4982405045132,14.0,2026-07
SILVER,SHORT,2026-07-16 09:32:00,2246.0,2248.753933018588,2237.7382009442354,SHA_FLIP,2026-07-16 11:38:00,2248.753933018588,STOP_LOSS,-82.61799055764641,206.952,-289.5699905576464,126.0,2026-07
CRUDEOIL,SHORT,2026-07-16 12:08:00,7485.0,7488.558612838229,7470.765548647083,SHA_FLIP,2026-07-16 12:22:00,7488.558612838229,STOP_LOSS,-355.8612838229237,699.4000000000001,-1055.2612838229238,14.0,2026-07
SILVER,SHORT,2026-07-16 13:20:00,2238.0,2240.1146602103345,2231.6560193689966,SHA_FLIP,2026-07-16 13:21:00,2240.1146602103345,STOP_LOSS,-63.43980631003433,206.856,-270.2958063100343,1.0,2026-07
SILVER,SHORT,2026-07-16 13:22:00,2237.0,2241.174122557985,2224.4776323260453,SHA_FLIP,2026-07-16 13:32:00,2241.174122557985,STOP_LOSS,-125.22367673954705,206.844,-332.06767673954704,10.0,2026-07
SILVER,LONG,2026-07-16 13:32:00,2242.0,2239.5198944701287,2249.4403165896138,SHA_FLIP,2026-07-16 13:34:00,2239.5198944701287,STOP_LOSS,-74.40316589613758,206.904,-281.3071658961376,2.0,2026-07
SILVER,LONG,2026-07-16 13:54:00,2241.0,2239.245331888974,2246.2640043330784,SHA_FLIP,2026-07-16 14:11:00,2239.245331888974,STOP_LOSS,-52.640043330784465,206.892,-259.53204333078446,17.0,2026-07
SILVER,SHORT,2026-07-16 14:13:00,2238.0,2239.904008462232,2232.287974613304,SHA_FLIP,2026-07-16 14:21:00,2239.904008462232,STOP_LOSS,-57.12025386696041,206.856,-263.9762538669604,8.0,2026-07
SILVER,LONG,2026-07-16 14:21:00,2243.0,2240.7273151987565,2249.8180544037305,SHA_FLIP,2026-07-16 15:03:00,2240.7273151987565,STOP_LOSS,-68.18054403730457,206.916,-275.09654403730457,42.0,2026-07
SILVER,LONG,2026-07-16 15:25:00,2245.0,2243.264700735334,2250.2058977939982,SHA_FLIP,2026-07-16 15:32:00,2243.264700735334,STOP_LOSS,-52.05897793998247,206.94,-258.99897793998247,7.0,2026-07
SILVER,SHORT,2026-07-16 16:24:00,2241.0,2242.03167366267,2237.90497901199,SHA_FLIP,2026-07-16 16:27:00,2242.03167366267,STOP_LOSS,-30.950209880102193,206.892,-237.8422098801022,3.0,2026-07
SILVER,LONG,2026-07-16 16:28:00,2243.0,2241.300925797935,2248.0972226061945,SHA_FLIP,2026-07-16 16:30:00,2241.300925797935,STOP_LOSS,-50.97222606194464,206.916,-257.88822606194464,2.0,2026-07
SILVER,SHORT,2026-07-16 16:30:00,2238.0,2240.94286017844,2229.1714194646806,SHA_FLIP,2026-07-16 16:33:00,2240.94286017844,STOP_LOSS,-88.28580535319361,206.856,-295.1418053531936,3.0,2026-07
SILVER,LONG,2026-07-16 16:40:00,2243.0,2241.262538063208,2248.212385810376,SHA_FLIP,2026-07-16 16:43:00,2241.262538063208,STOP_LOSS,-52.12385810375963,206.916,-259.0398581037596,3.0,2026-07
SILVER,SHORT,2026-07-16 16:44:00,2240.0,2242.4691091432437,2232.592672570269,SHA_FLIP,2026-07-16 17:08:00,2242.4691091432437,STOP_LOSS,-74.0732742973114,206.88,-280.9532742973114,24.0,2026-07
GOLD,LONG,2026-07-16 17:34:00,116280.0,116207.54474052943,116497.36577841172,SHA_FLIP,2026-07-16 17:35:00,116207.54474052943,STOP_LOSS,-7245.525947057467,5051.2,-12296.725947057468,1.0,2026-07
SILVER,LONG,2026-07-16 17:26:00,2245.0,2242.7905871566118,2251.6282385301647,SHA_FLIP,2026-07-16 17:45:00,2242.7905871566118,STOP_LOSS,-66.28238530164708,206.94,-273.2223853016471,19.0,2026-07
SILVER,SHORT,2026-07-16 18:04:00,2239.0,2243.2537856772615,2226.2386429682156,SHA_FLIP,2026-07-16 18:25:00,2226.2386429682156,TAKE_PROFIT,382.84071095353283,206.868,175.97271095353284,21.0,2026-07
GOLD,SHORT,2026-07-16 19:27:00,115259.0,115295.43193966858,115149.70418099427,SHA_FLIP,2026-07-16 19:30:00,115295.43193966858,STOP_LOSS,-3643.193966857507,5010.360000000001,-8653.553966857507,3.0,2026-07
GOLD,SHORT,2026-07-16 19:39:00,115250.0,115287.28927965734,115138.13216102797,SHA_FLIP,2026-07-16 19:50:00,115287.28927965734,STOP_LOSS,-3728.9279657343286,5010.0,-8738.927965734329,11.0,2026-07
GOLD,SHORT,2026-07-16 20:00:00,115244.0,115274.06496134853,115153.80511595441,SHA_FLIP,2026-07-16 20:01:00,115274.06496134853,STOP_LOSS,-3006.4961348529323,5009.76,-8016.2561348529325,1.0,2026-07
GOLD,LONG,2026-07-16 20:01:00,115378.0,115325.14370016461,115536.56889950616,SHA_FLIP,2026-07-16 20:02:00,115325.14370016461,STOP_LOSS,-5285.62998353882,5015.12,-10300.749983538819,1.0,2026-07
SILVER,SHORT,2026-07-16 19:06:00,2223.0,2227.553724080013,2209.3388277599606,SHA_FLIP,2026-07-16 20:12:00,2227.553724080013,STOP_LOSS,-136.61172240039377,206.676,-343.28772240039376,66.0,2026-07
GOLD,LONG,2026-07-16 20:12:00,115333.0,115284.50448987893,115478.4865303632,SHA_FLIP,2026-07-16 20:23:00,115284.50448987893,STOP_LOSS,-4849.551012106531,5013.320000000001,-9862.87101210653,11.0,2026-07
SILVER,LONG,2026-07-16 20:21:00,2226.0,2224.9216855212444,2229.234943436267,SHA_FLIP,2026-07-16 20:24:00,2224.9216855212444,STOP_LOSS,-32.349434362668035,206.712,-239.06143436266802,3.0,2026-07
CRUDEOIL,LONG,2026-07-16 17:57:00,7600.0,7580.2,7679.200000000001,SHA_FLIP,2026-07-16 20:26:00,7580.2,STOP_LOSS,-1980.0000000000182,704.0,-2684.000000000018,149.0,2026-07
SILVER,LONG,2026-07-16 20:30:00,2226.0,2223.9568430535605,2232.1294708393184,SHA_FLIP,2026-07-16 20:43:00,2223.9568430535605,STOP_LOSS,-61.29470839318401,206.712,-268.006708393184,13.0,2026-07
SILVER,SHORT,2026-07-16 20:43:00,2223.0,2225.1203859362336,2216.6388421912993,SHA_FLIP,2026-07-16 20:52:00,2225.1203859362336,STOP_LOSS,-63.61157808700682,206.676,-270.2875780870068,9.0,2026-07
SILVER,LONG,2026-07-16 20:52:00,2228.0,2226.0100535059883,2233.9698394820352,SHA_FLIP,2026-07-16 21:16:00,2226.0100535059883,STOP_LOSS,-59.698394820352405,206.736,-266.4343948203524,24.0,2026-07
GOLD,LONG,2026-07-16 22:26:00,115176.0,115162.60329152324,115216.1901254303,SHA_FLIP,2026-07-16 22:31:00,115162.60329152324,STOP_LOSS,-1339.6708476764616,5007.04,-6346.7108476764615,5.0,2026-07
GOLD,SHORT,2026-07-16 22:31:00,115100.0,115121.75026051748,115034.74921844756,SHA_FLIP,2026-07-16 22:34:00,115121.75026051748,STOP_LOSS,-2175.0260517481365,5004.0,-7179.0260517481365,3.0,2026-07
SILVER,SHORT,2026-07-16 21:31:00,2225.0,2227.7344238203304,2216.7967285390087,SHA_FLIP,2026-07-17 09:00:00,2220.0,SESSION_END,150.0,206.7,-56.69999999999999,689.0,2026-07
GOLD,SHORT,2026-07-16 23:06:00,114783.0,114942.89903908828,114303.30288273515,SHA_FLIP,2026-07-17 09:00:00,114989.0,SESSION_END,-20600.0,4991.320000000001,-25591.32,594.0,2026-07
SILVER,LONG,2026-07-17 09:16:00,2224.0,2217.699894119796,2242.9003176406113,SHA_FLIP,2026-07-17 09:32:00,2217.699894119796,STOP_LOSS,-189.0031764061132,206.688,-395.6911764061132,16.0,2026-07
SILVER,SHORT,2026-07-17 09:53:00,2217.0,2219.0980046447107,2210.705986065868,SHA_FLIP,2026-07-17 10:08:00,2210.705986065868,TAKE_PROFIT,188.82041802396543,206.604,-17.783581976034583,15.0,2026-07
SILVER,SHORT,2026-07-17 10:35:00,2208.0,2210.1562315959923,2201.531305212023,SHA_FLIP,2026-07-17 11:03:00,2210.1562315959923,STOP_LOSS,-64.68694787976801,206.496,-271.182947879768,28.0,2026-07
CRUDEOIL,SHORT,2026-07-17 11:25:00,7537.0,7540.800000002394,7521.799999990424,SHA_FLIP,2026-07-17 11:26:00,7521.799999990424,TAKE_PROFIT,1520.0000009575888,701.48,818.5200009575888,1.0,2026-07
SILVER,LONG,2026-07-17 11:03:00,2212.0,2207.8418386641724,2224.4744840074827,SHA_FLIP,2026-07-17 11:43:00,2224.4744840074827,TAKE_PROFIT,374.23452022448146,206.544,167.69052022448145,40.0,2026-07
SILVER,SHORT,2026-07-17 12:22:00,2222.0,2224.988432541016,2213.0347023769514,SHA_FLIP,2026-07-17 13:09:00,2224.988432541016,STOP_LOSS,-89.65297623048627,206.664,-296.31697623048626,47.0,2026-07
SILVER,SHORT,2026-07-17 13:28:00,2220.0,2222.184677449027,2213.4459676529195,SHA_FLIP,2026-07-17 13:34:00,2222.184677449027,STOP_LOSS,-65.54032347080465,206.64,-272.18032347080464,6.0,2026-07
SILVER,SHORT,2026-07-17 13:50:00,2219.0,2221.468555642322,2211.5943330730342,SHA_FLIP,2026-07-17 13:57:00,2221.468555642322,STOP_LOSS,-74.0566692696575,206.628,-280.6846692696575,7.0,2026-07
SILVER,SHORT,2026-07-17 14:10:00,2218.0,2220.1377410313853,2211.586776905844,SHA_FLIP,2026-07-17 14:15:00,2220.1377410313853,STOP_LOSS,-64.1322309415591,206.61599999999999,-270.7482309415591,5.0,2026-07
SILVER,LONG,2026-07-17 14:41:00,2223.0,2222.208790959023,2225.3736271229304,SHA_FLIP,2026-07-17 14:50:00,2225.3736271229304,TAKE_PROFIT,71.20881368791288,206.676,-135.4671863120871,9.0,2026-07
SILVER,LONG,2026-07-17 15:22:00,2228.0,2225.451366133856,2235.645901598432,SHA_FLIP,2026-07-17 15:48:00,2225.451366133856,STOP_LOSS,-76.4590159843192,206.736,-283.1950159843192,26.0,2026-07
SILVER,SHORT,2026-07-17 15:55:00,2225.0,2226.7251917579915,2219.8244247260254,SHA_FLIP,2026-07-17 16:39:00,2219.8244247260254,TAKE_PROFIT,155.2672582192372,206.7,-51.4327417807628,44.0,2026-07
CRUDEOIL,LONG,2026-07-17 16:40:00,7575.0,7564.8,7615.799999999999,SHA_FLIP,2026-07-17 16:58:00,7564.8,STOP_LOSS,-1019.9999999999818,703.0,-1722.9999999999818,18.0,2026-07
GOLD,SHORT,2026-07-17 17:32:00,114928.0,114961.18963102353,114828.4311069294,SHA_FLIP,2026-07-17 17:34:00,114828.4311069294,TAKE_PROFIT,9956.889307059464,4997.12,4959.769307059464,2.0,2026-07
GOLD,SHORT,2026-07-17 18:01:00,114751.0,114786.78025745456,114643.65922763631,SHA_FLIP,2026-07-17 18:13:00,114643.65922763631,TAKE_PROFIT,10734.077236369194,4990.04,5744.037236369194,12.0,2026-07
SILVER,SHORT,2026-07-17 16:46:00,2220.0,2223.0784051467335,2210.7647845597994,SHA_FLIP,2026-07-17 18:13:00,2210.7647845597994,TAKE_PROFIT,277.0564632060177,206.64,70.41646320601774,87.0,2026-07
CRUDEOIL,LONG,2026-07-17 18:28:00,7575.0,7570.79997898442,7591.800084062321,SHA_FLIP,2026-07-17 18:31:00,7591.800084062321,TAKE_PROFIT,1680.008406232082,703.0,977.008406232082,3.0,2026-07
GOLD,SHORT,2026-07-17 18:31:00,114600.0,114643.21134052576,114470.36597842273,SHA_FLIP,2026-07-17 18:33:00,114643.21134052576,STOP_LOSS,-4321.134052575508,4984.0,-9305.134052575508,2.0,2026-07
SILVER,LONG,2026-07-17 18:34:00,2215.0,2212.989426555432,2221.0317203337036,SHA_FLIP,2026-07-17 18:41:00,2212.989426555432,STOP_LOSS,-60.31720333703561,206.58,-266.89720333703565,7.0,2026-07
SILVER,SHORT,2026-07-17 18:41:00,2212.0,2214.3468534692124,2204.9594395923627,SHA_FLIP,2026-07-17 18:43:00,2214.3468534692124,STOP_LOSS,-70.40560407637258,206.544,-276.94960407637257,2.0,2026-07
SILVER,LONG,2026-07-17 18:45:00,2215.0,2212.924869492658,2221.2253915220253,SHA_FLIP,2026-07-17 18:46:00,2212.924869492658,STOP_LOSS,-62.253915220253475,206.58,-268.8339152202535,1.0,2026-07
SILVER,SHORT,2026-07-17 18:46:00,2212.0,2214.7984464396964,2203.604660680911,SHA_FLIP,2026-07-17 18:48:00,2214.7984464396964,STOP_LOSS,-83.95339319089089,206.544,-290.4973931908909,2.0,2026-07
SILVER,LONG,2026-07-17 18:51:00,2215.0,2212.402971425272,2222.791085724184,SHA_FLIP,2026-07-17 18:53:00,2212.402971425272,STOP_LOSS,-77.91085724184086,206.58,-284.4908572418409,2.0,2026-07
GOLD,LONG,2026-07-17 18:58:00,114790.0,114739.07537434871,114942.77387695386,SHA_FLIP,2026-07-17 19:00:00,114739.07537434871,STOP_LOSS,-5092.462565128517,4991.6,-10084.062565128517,2.0,2026-07
SILVER,SHORT,2026-07-17 18:53:00,2212.0,2214.950657018351,2203.1480289449464,SHA_FLIP,2026-07-17 19:08:00,2214.950657018351,STOP_LOSS,-88.51971055053582,206.544,-295.0637105505358,15.0,2026-07
SILVER,LONG,2026-07-17 19:08:00,2218.0,2214.13886536449,2229.5834039065303,SHA_FLIP,2026-07-17 19:12:00,2214.13886536449,STOP_LOSS,-115.83403906530293,206.61599999999999,-322.4500390653029,4.0,2026-07
CRUDEOIL,LONG,2026-07-17 19:11:00,7644.0,7640.086847881398,7659.652608474407,SHA_FLIP,2026-07-17 19:57:00,7659.652608474407,TAKE_PROFIT,1565.2608474407316,705.76,859.5008474407316,46.0,2026-07
SILVER,LONG,2026-07-17 19:47:00,2226.0,2223.172263613102,2234.4832091606936,SHA_FLIP,2026-07-17 20:04:00,2223.172263613102,STOP_LOSS,-84.83209160693605,206.712,-291.54409160693604,17.0,2026-07
GOLD,LONG,2026-07-17 19:35:00,115337.0,115180.16501952903,115807.50494141292,SHA_FLIP,2026-07-17 20:12:00,115180.16501952903,STOP_LOSS,-15683.498047097237,5013.4800000000005,-20696.978047097236,37.0,2026-07
SILVER,LONG,2026-07-17 20:13:00,2226.0,2224.4305299465545,2230.7084101603364,SHA_FLIP,2026-07-17 20:15:00,2224.4305299465545,STOP_LOSS,-47.084101603363706,206.712,-253.7961016033637,2.0,2026-07
CRUDEOIL,SHORT,2026-07-17 20:21:00,7644.0,7648.505016797031,7625.979932811875,SHA_FLIP,2026-07-17 20:24:00,7625.979932811875,TAKE_PROFIT,1802.0067188124813,705.76,1096.2467188124813,3.0,2026-07
SILVER,SHORT,2026-07-17 20:15:00,2224.0,2225.8455130623656,2218.463460812903,SHA_FLIP,2026-07-17 20:32:00,2225.8455130623656,STOP_LOSS,-55.36539187096878,206.688,-262.05339187096877,17.0,2026-07
SILVER,LONG,2026-07-17 20:32:00,2226.0,2225.2157450629043,2228.352764811287,SHA_FLIP,2026-07-17 20:34:00,2228.352764811287,TAKE_PROFIT,70.58294433861647,206.712,-136.12905566138352,2.0,2026-07
SILVER,LONG,2026-07-17 20:53:00,2229.0,2227.4626426348777,2233.612072095367,SHA_FLIP,2026-07-17 20:56:00,2227.4626426348777,STOP_LOSS,-46.12072095366784,206.748,-252.86872095366783,3.0,2026-07
GOLD,LONG,2026-07-17 20:55:00,115239.0,115153.41534999023,115495.7539500293,SHA_FLIP,2026-07-17 21:02:00,115495.7539500293,TAKE_PROFIT,25675.3950029306,5009.56,20665.8350029306,7.0,2026-07
SILVER,LONG,2026-07-17 21:08:00,2229.0,2226.750633923732,2235.748098228804,SHA_FLIP,2026-07-17 21:23:00,2235.748098228804,TAKE_PROFIT,202.4429468641165,206.748,-4.305053135883497,15.0,2026-07
GOLD,SHORT,2026-07-17 21:31:00,115169.0,115227.8855184082,114992.34344477538,SHA_FLIP,2026-07-17 21:42:00,115227.8855184082,STOP_LOSS,-5888.551840820583,5006.76,-10895.311840820583,11.0,2026-07
GOLD,SHORT,2026-07-17 21:57:00,115124.0,115181.10733629222,114952.67799112335,SHA_FLIP,2026-07-17 22:01:00,115181.10733629222,STOP_LOSS,-5710.733629221795,5004.96,-10715.693629221794,4.0,2026-07
GOLD,LONG,2026-07-17 22:35:00,115321.0,115288.21110366264,115419.36668901207,SHA_FLIP,2026-07-17 22:42:00,115288.21110366264,STOP_LOSS,-3278.8896337355254,5012.84,-8291.729633735526,7.0,2026-07
SILVER,LONG,2026-07-17 22:14:00,2233.0,2230.246240759471,2241.2612777215863,SHA_FLIP,2026-07-17 22:56:00,2230.246240759471,STOP_LOSS,-82.61277721586339,206.796,-289.4087772158634,42.0,2026-07
SILVER,SHORT,2026-07-17 22:56:00,2230.0,2232.57181043007,2222.28456870979,SHA_FLIP,2026-07-17 23:00:00,2232.57181043007,STOP_LOSS,-77.15431290209835,206.76,-283.91431290209835,4.0,2026-07
GOLD,SHORT,2026-07-17 23:28:00,115055.0,115127.33646754283,114837.9905973715,SHA_FLIP,2026-07-17 23:29:00,115127.33646754283,STOP_LOSS,-7233.646754283109,5002.2,-12235.84675428311,1.0,2026-07
SILVER,SHORT,2026-07-17 23:30:00,2229.0,2234.6602301712014,2212.0193094863957,SHA_FLIP,2026-07-20 09:00:00,2250.0,SESSION_END,-630.0,206.748,-836.748,3450.0,2026-07
GOLD,LONG,2026-07-17 23:29:00,115250.0,115148.30839479621,115555.07481561136,SHA_FLIP,2026-07-20 09:00:00,115376.0,SESSION_END,12600.0,5010.0,7590.0,3451.0,2026-07
SILVER,LONG,2026-07-20 10:26:00,2242.0,2240.896216541307,2245.3113503760796,SHA_FLIP,2026-07-20 10:27:00,2240.896216541307,STOP_LOSS,-33.11350376079645,206.904,-240.01750376079644,1.0,2026-07
SILVER,SHORT,2026-07-20 10:27:00,2238.0,2240.289945664201,2231.1301630073976,SHA_FLIP,2026-07-20 11:07:00,2231.1301630073976,TAKE_PROFIT,206.09510977807076,206.856,-0.7608902219292304,40.0,2026-07
CRUDEOIL,LONG,2026-07-20 11:58:00,7861.0,7852.606955135085,7894.572179459661,SHA_FLIP,2026-07-20 12:11:00,7852.606955135085,STOP_LOSS,-839.3044864915282,714.44,-1553.7444864915283,13.0,2026-07
SILVER,LONG,2026-07-20 12:19:00,2237.0,2236.261726566531,2239.2148203004076,SHA_FLIP,2026-07-20 12:22:00,2236.261726566531,STOP_LOSS,-22.148203004076095,206.844,-228.9922030040761,3.0,2026-07
SILVER,SHORT,2026-07-20 12:23:00,2235.0,2236.3720657290532,2230.8838028128403,SHA_FLIP,2026-07-20 12:37:00,2236.3720657290532,STOP_LOSS,-41.161971871597416,206.82,-247.9819718715974,14.0,2026-07
SILVER,SHORT,2026-07-20 12:40:00,2235.0,2236.454875405469,2230.635373783593,SHA_FLIP,2026-07-20 12:45:00,2236.454875405469,STOP_LOSS,-43.64626216407032,206.82,-250.46626216407032,5.0,2026-07
CRUDEOIL,LONG,2026-07-20 12:25:00,7856.0,7854.505498020103,7861.978007919588,SHA_FLIP,2026-07-20 12:52:00,7854.505498020103,STOP_LOSS,-149.45019798969952,714.24,-863.6901979896995,27.0,2026-07
CRUDEOIL,SHORT,2026-07-20 12:52:00,7831.0,7836.231369168894,7810.074523324423,SHA_FLIP,2026-07-20 13:00:00,7810.074523324423,TAKE_PROFIT,2092.5476675576647,713.24,1379.3076675576647,8.0,2026-07
SILVER,LONG,2026-07-20 12:56:00,2239.0,2237.3194572640587,2244.041628207824,SHA_FLIP,2026-07-20 13:28:00,2244.041628207824,TAKE_PROFIT,151.248846234721,206.868,-55.61915376527901,32.0,2026-07
SILVER,LONG,2026-07-20 13:44:00,2248.0,2244.519047565751,2258.442857302747,SHA_FLIP,2026-07-20 14:13:00,2244.519047565751,STOP_LOSS,-104.42857302747143,206.976,-311.40457302747143,29.0,2026-07
SILVER,SHORT,2026-07-20 14:20:00,2244.0,2246.007933588871,2237.9761992333874,SHA_FLIP,2026-07-20 15:02:00,2246.007933588871,STOP_LOSS,-60.23800766612567,206.928,-267.16600766612567,42.0,2026-07
SILVER,LONG,2026-07-20 15:02:00,2248.0,2246.157667660926,2253.5269970172217,SHA_FLIP,2026-07-20 15:03:00,2246.157667660926,STOP_LOSS,-55.269970172216745,206.976,-262.24597017221674,1.0,2026-07
CRUDEOIL,SHORT,2026-07-20 14:39:00,7690.0,7693.140006013298,7677.439975946807,SHA_FLIP,2026-07-20 15:15:00,7677.439975946807,TAKE_PROFIT,1256.0024053193047,707.6,548.4024053193046,36.0,2026-07
SILVER,LONG,2026-07-20 15:26:00,2248.0,2245.994616938643,2254.016149184071,SHA_FLIP,2026-07-20 15:34:00,2245.994616938643,STOP_LOSS,-60.16149184070855,206.976,-267.13749184070855,8.0,2026-07
SILVER,LONG,2026-07-20 15:36:00,2247.0,2245.797420149327,2250.6077395520188,SHA_FLIP,2026-07-20 15:37:00,2245.797420149327,STOP_LOSS,-36.077395520187565,206.964,-243.04139552018756,1.0,2026-07
SILVER,SHORT,2026-07-20 15:37:00,2245.0,2246.7089025372497,2239.873292388251,SHA_FLIP,2026-07-20 15:39:00,2246.7089025372497,STOP_LOSS,-51.26707611749225,206.94,-258.20707611749225,2.0,2026-07
SILVER,SHORT,2026-07-20 15:43:00,2244.0,2246.1002641336117,2237.6992075991648,SHA_FLIP,2026-07-20 15:44:00,2246.1002641336117,STOP_LOSS,-63.00792400835235,206.928,-269.93592400835234,1.0,2026-07
CRUDEOIL,SHORT,2026-07-20 16:34:00,7678.0,7687.050633044763,7641.797467820947,SHA_FLIP,2026-07-20 16:44:00,7687.050633044763,STOP_LOSS,-905.0633044763345,707.12,-1612.1833044763343,10.0,2026-07
CRUDEOIL,LONG,2026-07-20 18:27:00,7731.0,7728.216624833704,7742.1335006651825,SHA_FLIP,2026-07-20 18:30:00,7728.216624833704,STOP_LOSS,-278.33751662956274,709.24,-987.5775166295628,3.0,2026-07
GOLD,SHORT,2026-07-20 18:29:00,115834.0,115839.40862439515,115817.77412681456,SHA_FLIP,2026-07-20 18:53:00,115839.40862439515,STOP_LOSS,-540.8624395146035,5033.360000000001,-5574.222439514604,24.0,2026-07
GOLD,LONG,2026-07-20 18:53:00,115878.0,115863.42560378271,115921.72318865186,SHA_FLIP,2026-07-20 19:10:00,115921.72318865186,TAKE_PROFIT,4372.318865185662,5035.12,-662.8011348143382,17.0,2026-07
SILVER,LONG,2026-07-20 15:44:00,2248.0,2244.84643775087,2257.4606867473904,SHA_FLIP,2026-07-20 19:30:00,2244.84643775087,STOP_LOSS,-94.60686747390355,206.976,-301.58286747390355,226.0,2026-07
SILVER,SHORT,2026-07-20 19:30:00,2242.0,2245.3669111874497,2231.899266437651,SHA_FLIP,2026-07-20 20:08:00,2245.3669111874497,STOP_LOSS,-101.00733562348978,206.904,-307.9113356234898,38.0,2026-07
CRUDEOIL,SHORT,2026-07-20 18:30:00,7707.0,7713.611874145289,7680.552503418843,SHA_FLIP,2026-07-20 20:39:00,7680.552503418843,TAKE_PROFIT,2644.7496581156884,708.28,1936.4696581156884,129.0,2026-07
SILVER,LONG,2026-07-20 20:38:00,2247.0,2246.1064928208757,2249.680521537373,SHA_FLIP,2026-07-20 20:45:00,2246.1064928208757,STOP_LOSS,-26.80521537372897,206.964,-233.76921537372897,7.0,2026-07
GOLD,LONG,2026-07-20 20:40:00,115950.0,115909.96209055312,116070.11372834064,SHA_FLIP,2026-07-20 20:48:00,115909.96209055312,STOP_LOSS,-4003.7909446880803,5038.0,-9041.79094468808,8.0,2026-07
SILVER,LONG,2026-07-20 20:47:00,2248.0,2245.6489760813,2255.0530717560996,SHA_FLIP,2026-07-20 21:10:00,2245.6489760813,STOP_LOSS,-70.53071756099598,206.976,-277.506717560996,23.0,2026-07
GOLD,LONG,2026-07-20 21:22:00,115898.0,115886.39535254394,115932.81394236817,SHA_FLIP,2026-07-20 21:33:00,115886.39535254394,STOP_LOSS,-1160.4647456057137,5035.92,-6196.384745605714,11.0,2026-07
SILVER,SHORT,2026-07-20 21:27:00,2245.0,2246.8067972160834,2239.57960835175,SHA_FLIP,2026-07-20 21:34:00,2246.8067972160834,STOP_LOSS,-54.20391648250188,206.94,-261.1439164825019,7.0,2026-07
GOLD,SHORT,2026-07-20 21:53:00,115858.0,115863.30461441787,115842.0861567464,SHA_FLIP,2026-07-20 21:54:00,115842.0861567464,TAKE_PROFIT,1591.3843253598316,5034.320000000001,-3442.935674640169,1.0,2026-07
CRUDEOIL,LONG,2026-07-20 22:00:00,7721.0,7712.1999571442975,7756.20017142281,SHA_FLIP,2026-07-20 22:11:00,7756.20017142281,TAKE_PROFIT,3520.0171422809944,708.84,2811.1771422809943,11.0,2026-07
GOLD,SHORT,2026-07-20 22:24:00,115711.0,115744.17890305277,115611.46329084168,SHA_FLIP,2026-07-20 22:30:00,115744.17890305277,STOP_LOSS,-3317.890305277251,5028.4400000000005,-8346.330305277252,6.0,2026-07
GOLD,SHORT,2026-07-20 22:32:00,115695.0,115723.99592815796,115608.0122155261,SHA_FLIP,2026-07-20 22:35:00,115723.99592815796,STOP_LOSS,-2899.5928157964954,5027.8,-7927.392815796496,3.0,2026-07
GOLD,LONG,2026-07-20 22:51:00,115798.0,115762.57199662701,115904.28401011896,SHA_FLIP,2026-07-20 22:58:00,115762.57199662701,STOP_LOSS,-3542.8003372988314,5031.92,-8574.720337298832,7.0,2026-07
GOLD,LONG,2026-07-20 23:02:00,115837.0,115799.96124977872,115948.11625066385,SHA_FLIP,2026-07-20 23:07:00,115799.96124977872,STOP_LOSS,-3703.875022128341,5033.4800000000005,-8737.35502212834,5.0,2026-07
SILVER,LONG,2026-07-20 23:04:00,2249.0,2245.604343611577,2259.186969165269,SHA_FLIP,2026-07-20 23:24:00,2245.604343611577,STOP_LOSS,-101.86969165269147,206.988,-308.85769165269147,20.0,2026-07
SILVER,LONG,2026-07-20 23:26:00,2249.0,2245.1190981797063,2260.642705460881,SHA_FLIP,2026-07-21 09:00:00,2262.0,SESSION_END,390.0,206.988,183.012,574.0,2026-07
CRUDEOIL,LONG,2026-07-20 23:29:00,7765.0,7755.832445886691,7801.670216453236,SHA_FLIP,2026-07-21 09:24:00,7755.832445886691,STOP_LOSS,-916.7554113309052,710.6,-1627.355411330905,595.0,2026-07
CRUDEOIL,SHORT,2026-07-21 09:24:00,7720.0,7736.945213564868,7652.219145740528,SHA_FLIP,2026-07-21 09:46:00,7736.945213564868,STOP_LOSS,-1694.5213564868027,708.8,-2403.321356486803,22.0,2026-07
SILVER,LONG,2026-07-21 09:43:00,2263.0,2260.8322937565613,2269.503118730316,SHA_FLIP,2026-07-21 09:56:00,2260.8322937565613,STOP_LOSS,-65.03118730316146,207.156,-272.18718730316147,13.0,2026-07
SILVER,LONG,2026-07-21 09:58:00,2264.0,2262.0749318418516,2269.775204474445,SHA_FLIP,2026-07-21 10:00:00,2262.0749318418516,STOP_LOSS,-57.75204474445218,207.168,-264.9200447444522,2.0,2026-07
SILVER,LONG,2026-07-21 10:09:00,2263.0,2261.169139141368,2268.4925825758964,SHA_FLIP,2026-07-21 10:36:00,2261.169139141368,STOP_LOSS,-54.92582575896449,207.156,-262.0818257589645,27.0,2026-07
SILVER,SHORT,2026-07-21 10:36:00,2261.0,2262.3419732491784,2256.974080252465,SHA_FLIP,2026-07-21 10:42:00,2262.3419732491784,STOP_LOSS,-40.259197475352266,207.132,-247.39119747535227,6.0,2026-07
SILVER,LONG,2026-07-21 10:46:00,2263.0,2261.1032565326577,2268.690230402027,SHA_FLIP,2026-07-21 11:08:00,2268.690230402027,TAKE_PROFIT,170.70691206080483,207.156,-36.44908793919518,22.0,2026-07
SILVER,LONG,2026-07-21 11:29:00,2267.0,2264.9124457961675,2273.2626626114975,SHA_FLIP,2026-07-21 11:45:00,2273.2626626114975,TAKE_PROFIT,187.8798783449247,207.204,-19.324121655075317,16.0,2026-07
SILVER,LONG,2026-07-21 12:31:00,2278.0,2275.100083685872,2286.699748942384,SHA_FLIP,2026-07-21 12:33:00,2275.100083685872,STOP_LOSS,-86.99748942383849,207.336,-294.3334894238385,2.0,2026-07
SILVER,LONG,2026-07-21 12:35:00,2277.0,2274.1454911635,2285.5635265094998,SHA_FLIP,2026-07-21 12:37:00,2274.1454911635,STOP_LOSS,-85.63526509499752,207.324,-292.95926509499753,2.0,2026-07
CRUDEOIL,LONG,2026-07-21 12:40:00,7750.0,7744.599997865683,7771.600008537269,SHA_FLIP,2026-07-21 13:15:00,7744.599997865683,STOP_LOSS,-540.0002134317219,710.0,-1250.000213431722,35.0,2026-07
SILVER,LONG,2026-07-21 13:20:00,2275.0,2271.843367420332,2284.469897739004,SHA_FLIP,2026-07-21 13:56:00,2271.843367420332,STOP_LOSS,-94.69897739003954,207.3,-301.99897739003956,36.0,2026-07
SILVER,SHORT,2026-07-21 14:21:00,2273.0,2274.780320581331,2267.6590382560066,SHA_FLIP,2026-07-21 14:25:00,2274.780320581331,STOP_LOSS,-53.409617439933754,207.276,-260.68561743993376,4.0,2026-07
CRUDEOIL,LONG,2026-07-21 14:50:00,7737.0,7732.156972969831,7756.372108120675,SHA_FLIP,2026-07-21 14:57:00,7756.372108120675,TAKE_PROFIT,1937.2108120674966,709.48,1227.7308120674966,7.0,2026-07
SILVER,LONG,2026-07-21 14:46:00,2277.0,2275.9455528542876,2280.163341437137,SHA_FLIP,2026-07-21 15:09:00,2275.9455528542876,STOP_LOSS,-31.633414371372055,207.324,-238.95741437137207,23.0,2026-07
SILVER,LONG,2026-07-21 15:14:00,2278.0,2276.779858704156,2281.6604238875316,SHA_FLIP,2026-07-21 15:15:00,2276.779858704156,STOP_LOSS,-36.60423887531579,207.336,-243.9402388753158,1.0,2026-07
SILVER,SHORT,2026-07-21 15:15:00,2276.0,2277.724122456398,2270.8276326308055,SHA_FLIP,2026-07-21 15:21:00,2277.724122456398,STOP_LOSS,-51.723673691944896,207.312,-259.0356736919449,6.0,2026-07
SILVER,LONG,2026-07-21 15:22:00,2278.0,2276.2055213401936,2283.383435979419,SHA_FLIP,2026-07-21 15:30:00,2276.2055213401936,STOP_LOSS,-53.83435979419119,207.336,-261.1703597941912,8.0,2026-07
CRUDEOIL,SHORT,2026-07-21 15:41:00,7727.0,7742.1680036114,7666.327985554399,SHA_FLIP,2026-07-21 15:46:00,7742.1680036114,STOP_LOSS,-1516.8003611400309,709.08,-2225.880361140031,5.0,2026-07
SILVER,SHORT,2026-07-21 15:31:00,2276.0,2278.7831403425,2267.6505789725006,SHA_FLIP,2026-07-21 16:39:00,2267.6505789725006,TAKE_PROFIT,250.48263082498124,207.312,43.17063082498123,68.0,2026-07
SILVER,SHORT,2026-07-21 16:52:00,2270.0,2273.3801219748416,2259.8596340754752,SHA_FLIP,2026-07-21 17:05:00,2273.3801219748416,STOP_LOSS,-101.40365924524758,207.24,-308.6436592452476,13.0,2026-07
SILVER,LONG,2026-07-21 17:27:00,2274.0,2272.898312738641,2277.305061784077,SHA_FLIP,2026-07-21 17:30:00,2272.898312738641,STOP_LOSS,-33.05061784077225,207.288,-240.33861784077226,3.0,2026-07
GOLD,SHORT,2026-07-21 17:30:00,116565.0,116579.66703329196,116520.99890012412,SHA_FLIP,2026-07-21 17:50:00,116579.66703329196,STOP_LOSS,-1466.7033291960252,5062.6,-6529.3033291960255,20.0,2026-07
CRUDEOIL,LONG,2026-07-21 17:52:00,7837.0,7826.785865497382,7877.856538010474,SHA_FLIP,2026-07-21 17:57:00,7826.785865497382,STOP_LOSS,-1021.4134502618435,713.48,-1734.8934502618436,5.0,2026-07
GOLD,LONG,2026-07-21 17:50:00,116689.0,116663.36172957752,116765.91481126744,SHA_FLIP,2026-07-21 18:04:00,116663.36172957752,STOP_LOSS,-2563.8270422481583,5067.56,-7631.387042248159,14.0,2026-07
CRUDEOIL,LONG,2026-07-21 18:13:00,7850.0,7841.0313155554595,7885.874737778162,SHA_FLIP,2026-07-21 18:17:00,7841.0313155554595,STOP_LOSS,-896.8684444540486,714.0,-1610.8684444540486,4.0,2026-07
GOLD,LONG,2026-07-21 18:20:00,116699.0,116660.58416735286,116814.24749794141,SHA_FLIP,2026-07-21 18:29:00,116660.58416735286,STOP_LOSS,-3841.5832647136995,5067.96,-8909.543264713699,9.0,2026-07
CRUDEOIL,LONG,2026-07-21 18:30:00,7847.0,7838.954320942595,7879.182716229621,SHA_FLIP,2026-07-21 18:49:00,7838.954320942595,STOP_LOSS,-804.5679057405323,713.88,-1518.4479057405324,19.0,2026-07
SILVER,LONG,2026-07-21 17:34:00,2274.0,2271.9689203952194,2280.093238814342,SHA_FLIP,2026-07-21 18:53:00,2271.9689203952194,STOP_LOSS,-60.9323881434193,207.288,-268.2203881434193,79.0,2026-07
SILVER,SHORT,2026-07-21 18:53:00,2271.0,2272.877579474538,2265.367261576386,SHA_FLIP,2026-07-21 18:54:00,2272.877579474538,STOP_LOSS,-56.32738423613773,207.252,-263.57938423613774,1.0,2026-07
CRUDEOIL,LONG,2026-07-21 19:00:00,7860.0,7854.0930929739125,7883.62762810435,SHA_FLIP,2026-07-21 19:03:00,7854.0930929739125,STOP_LOSS,-590.6907026087538,714.4000000000001,-1305.0907026087539,3.0,2026-07
CRUDEOIL,LONG,2026-07-21 19:13:00,7874.0,7865.475090253234,7908.099638987063,SHA_FLIP,2026-07-21 19:28:00,7865.475090253234,STOP_LOSS,-852.4909746765843,714.96,-1567.4509746765843,15.0,2026-07
CRUDEOIL,SHORT,2026-07-21 20:00:00,7846.0,7853.925775206267,7814.296899174933,SHA_FLIP,2026-07-21 20:04:00,7853.925775206267,STOP_LOSS,-792.5775206266735,713.84,-1506.4175206266736,4.0,2026-07
CRUDEOIL,LONG,2026-07-21 20:04:00,7869.0,7859.928532036223,7905.285871855107,SHA_FLIP,2026-07-21 20:18:00,7859.928532036223,STOP_LOSS,-907.146796377674,714.76,-1621.906796377674,14.0,2026-07
CRUDEOIL,SHORT,2026-07-21 20:18:00,7806.0,7820.054633024182,7749.781467903271,SHA_FLIP,2026-07-21 20:19:00,7820.054633024182,STOP_LOSS,-1405.4633024182294,712.24,-2117.703302418229,1.0,2026-07
GOLD,LONG,2026-07-21 20:17:00,116729.0,116705.91628446734,116798.25114659798,SHA_FLIP,2026-07-21 20:23:00,116705.91628446734,STOP_LOSS,-2308.371553265897,5069.16,-7377.531553265897,6.0,2026-07
SILVER,LONG,2026-07-21 20:32:00,2277.0,2275.7580477603296,2280.725856719011,SHA_FLIP,2026-07-21 20:34:00,2275.7580477603296,STOP_LOSS,-37.258567190110625,207.324,-244.58256719011064,2.0,2026-07
SILVER,SHORT,2026-07-21 20:34:00,2274.0,2275.9328441266857,2268.201467619943,SHA_FLIP,2026-07-21 20:36:00,2275.9328441266857,STOP_LOSS,-57.98532380057168,207.288,-265.2733238005717,2.0,2026-07
GOLD,LONG,2026-07-21 20:45:00,116779.0,116759.49826654814,116837.50520035559,SHA_FLIP,2026-07-21 20:53:00,116759.49826654814,STOP_LOSS,-1950.1733451863402,5071.16,-7021.33334518634,8.0,2026-07
CRUDEOIL,SHORT,2026-07-21 20:45:00,7820.0,7828.9990707283505,7784.003717086598,SHA_FLIP,2026-07-21 20:57:00,7828.9990707283505,STOP_LOSS,-899.9070728350489,712.8,-1612.7070728350488,12.0,2026-07
GOLD,SHORT,2026-07-21 21:25:00,116689.0,116715.71912254642,116608.84263236074,SHA_FLIP,2026-07-21 21:30:00,116715.71912254642,STOP_LOSS,-2671.9122546419385,5067.56,-7739.472254641939,5.0,2026-07
SILVER,LONG,2026-07-21 20:41:00,2279.0,2275.5798983664686,2289.2603049005943,SHA_FLIP,2026-07-21 22:02:00,2275.5798983664686,STOP_LOSS,-102.60304900594292,207.348,-309.95104900594293,81.0,2026-07
SILVER,SHORT,2026-07-21 22:16:00,2275.0,2276.6435560330865,2270.0693319007405,SHA_FLIP,2026-07-21 22:17:00,2276.6435560330865,STOP_LOSS,-49.30668099259492,207.3,-256.60668099259493,1.0,2026-07
CRUDEOIL,SHORT,2026-07-21 21:24:00,7833.0,7837.695134536789,7814.219461852845,SHA_FLIP,2026-07-21 22:20:00,7837.695134536789,STOP_LOSS,-469.5134536788828,713.3199999999999,-1182.8334536788827,56.0,2026-07
CRUDEOIL,LONG,2026-07-21 22:20:00,7844.0,7841.5870156322335,7853.651937471066,SHA_FLIP,2026-07-21 22:23:00,7841.5870156322335,STOP_LOSS,-241.29843677665122,713.76,-955.0584367766512,3.0,2026-07
GOLD,SHORT,2026-07-21 22:14:00,116646.0,116681.70424485712,116538.88726542865,SHA_FLIP,2026-07-21 22:44:00,116681.70424485712,STOP_LOSS,-3570.4244857115555,5065.84,-8636.264485711556,30.0,2026-07
GOLD,SHORT,2026-07-21 22:46:00,116652.0,116667.242681183,116606.27195645102,SHA_FLIP,2026-07-21 22:52:00,116667.242681183,STOP_LOSS,-1524.2681182993692,5066.08,-6590.348118299369,6.0,2026-07
CRUDEOIL,SHORT,2026-07-21 22:42:00,7825.0,7827.782721319351,7813.8691147225945,SHA_FLIP,2026-07-21 23:00:00,7827.782721319351,STOP_LOSS,-278.2721319351367,713.0,-991.2721319351367,18.0,2026-07
GOLD,LONG,2026-07-21 22:54:00,116698.0,116664.34863109057,116798.95410672828,SHA_FLIP,2026-07-21 23:02:00,116664.34863109057,STOP_LOSS,-3365.136890942813,5067.92,-8433.056890942813,8.0,2026-07
GOLD,SHORT,2026-07-21 23:03:00,116642.0,116661.59635995002,116583.21092014993,SHA_FLIP,2026-07-21 23:04:00,116661.59635995002,STOP_LOSS,-1959.6359950024635,5065.68,-7025.315995002464,1.0,2026-07
SILVER,SHORT,2026-07-21 23:11:00,2274.0,2276.3244256276,2267.0267231172006,SHA_FLIP,2026-07-21 23:19:00,2276.3244256276,STOP_LOSS,-69.73276882799382,207.288,-277.02076882799383,8.0,2026-07
CRUDEOIL,SHORT,2026-07-21 23:07:00,7824.0,7825.638558717674,7817.445765129305,SHA_FLIP,2026-07-21 23:20:00,7825.638558717674,STOP_LOSS,-163.85587176737317,712.96,-876.8158717673732,13.0,2026-07
CRUDEOIL,LONG,2026-07-21 23:20:00,7835.0,7832.545000563232,7844.819997747072,SHA_FLIP,2026-07-21 23:21:00,7832.545000563232,STOP_LOSS,-245.49994367680483,713.4000000000001,-958.8999436768049,1.0,2026-07
CRUDEOIL,SHORT,2026-07-21 23:21:00,7813.0,7819.527666178533,7786.889335285869,SHA_FLIP,2026-07-21 23:24:00,7819.527666178533,STOP_LOSS,-652.7666178532854,712.52,-1365.2866178532854,3.0,2026-07
SILVER,SHORT,2026-07-21 23:26:00,2274.0,2276.147489106077,2267.557532681769,SHA_FLIP,2026-07-21 23:27:00,2276.147489106077,STOP_LOSS,-64.42467318231138,207.288,-271.7126731823114,1.0,2026-07
SILVER,SHORT,2026-07-21 23:28:00,2274.0,2277.057447373009,2264.827657880973,SHA_FLIP,2026-07-22 09:00:00,2298.0,SESSION_END,-720.0,207.288,-927.288,572.0,2026-07
GOLD,LONG,2026-07-21 23:04:00,116731.0,116696.21648804331,116835.35053587006,SHA_FLIP,2026-07-22 09:00:00,117702.0,SESSION_END,97100.0,5069.24,92030.76,596.0,2026-07
CRUDEOIL,LONG,2026-07-22 10:09:00,7865.0,7862.161999649912,7876.352001400352,SHA_FLIP,2026-07-22 11:14:00,7862.161999649912,STOP_LOSS,-283.80003500878956,714.6,-998.4000350087896,65.0,2026-07
CRUDEOIL,SHORT,2026-07-22 11:14:00,7860.0,7862.861466768051,7848.554132927795,SHA_FLIP,2026-07-22 11:46:00,7862.861466768051,STOP_LOSS,-286.14667680512866,714.4000000000001,-1000.5466768051288,32.0,2026-07
CRUDEOIL,LONG,2026-07-22 11:46:00,7869.0,7862.352442177889,7895.590231288443,SHA_FLIP,2026-07-22 11:57:00,7895.590231288443,TAKE_PROFIT,2659.0231288442737,714.76,1944.2631288442738,11.0,2026-07
SILVER,LONG,2026-07-22 10:06:00,2296.0,2292.384187727353,2306.847436817941,SHA_FLIP,2026-07-22 11:57:00,2292.384187727353,STOP_LOSS,-108.47436817940888,207.552,-316.0263681794089,111.0,2026-07
CRUDEOIL,LONG,2026-07-22 12:16:00,7903.0,7899.88371076668,7915.465156933278,SHA_FLIP,2026-07-22 12:26:00,7899.88371076668,STOP_LOSS,-311.62892333195487,716.12,-1027.7489233319548,10.0,2026-07
CRUDEOIL,LONG,2026-07-22 12:32:00,7910.0,7906.166039538821,7925.335841844717,SHA_FLIP,2026-07-22 12:34:00,7925.335841844717,TAKE_PROFIT,1533.5841844716924,716.4000000000001,817.1841844716923,2.0,2026-07
SILVER,SHORT,2026-07-22 12:21:00,2290.0,2292.742513872303,2281.7724583830914,SHA_FLIP,2026-07-22 12:53:00,2292.742513872303,STOP_LOSS,-82.27541616908638,207.48,-289.7554161690864,32.0,2026-07
CRUDEOIL,LONG,2026-07-22 13:25:00,7985.0,7980.221815708204,8004.112737167183,SHA_FLIP,2026-07-22 13:28:00,7980.221815708204,STOP_LOSS,-477.81842917956965,719.4000000000001,-1197.2184291795697,3.0,2026-07
SILVER,SHORT,2026-07-22 13:37:00,2286.0,2288.3939468582594,2278.818159425222,SHA_FLIP,2026-07-22 13:50:00,2288.3939468582594,STOP_LOSS,-71.81840574778107,207.43200000000002,-279.2504057477811,13.0,2026-07
CRUDEOIL,SHORT,2026-07-22 13:50:00,7950.0,7955.777151860625,7926.8913925575,SHA_FLIP,2026-07-22 14:34:00,7926.8913925575,TAKE_PROFIT,2310.8607442500215,718.0,1592.8607442500215,44.0,2026-07
CRUDEOIL,SHORT,2026-07-22 14:34:00,7923.0,7928.511202954743,7900.955188181029,SHA_FLIP,2026-07-22 14:52:00,7928.511202954743,STOP_LOSS,-551.1202954742657,716.9200000000001,-1268.0402954742658,18.0,2026-07
CRUDEOIL,SHORT,2026-07-22 15:02:00,7919.0,7922.675276416212,7904.298894335152,SHA_FLIP,2026-07-22 15:10:00,7922.675276416212,STOP_LOSS,-367.5276416212,716.76,-1084.2876416212,8.0,2026-07
SILVER,SHORT,2026-07-22 15:12:00,2290.0,2290.9099275932176,2287.270217220347,SHA_FLIP,2026-07-22 15:18:00,2290.9099275932176,STOP_LOSS,-27.29782779652851,207.48,-234.7778277965285,6.0,2026-07
CRUDEOIL,SHORT,2026-07-22 15:16:00,7917.0,7922.13890161087,7896.444393556521,SHA_FLIP,2026-07-22 15:20:00,7922.13890161087,STOP_LOSS,-513.8901610869652,716.6800000000001,-1230.5701610869653,4.0,2026-07
CRUDEOIL,LONG,2026-07-22 15:20:00,7935.0,7928.500796663545,7960.996813345821,SHA_FLIP,2026-07-22 15:29:00,7928.500796663545,STOP_LOSS,-649.9203336455139,717.4000000000001,-1367.320333645514,9.0,2026-07
SILVER,SHORT,2026-07-22 15:23:00,2290.0,2291.092271190668,2286.7231864279966,SHA_FLIP,2026-07-22 15:30:00,2291.092271190668,STOP_LOSS,-32.76813572003448,207.48,-240.24813572003447,7.0,2026-07
SILVER,LONG,2026-07-22 15:31:00,2293.0,2290.556938597061,2300.3291842088165,SHA_FLIP,2026-07-22 15:36:00,2290.556938597061,STOP_LOSS,-73.29184208816514,207.516,-280.8078420881651,5.0,2026-07
CRUDEOIL,SHORT,2026-07-22 15:30:00,7906.0,7916.317285317973,7864.730858728108,SHA_FLIP,2026-07-22 15:45:00,7916.317285317973,STOP_LOSS,-1031.7285317973074,716.24,-1747.9685317973074,15.0,2026-07
SILVER,SHORT,2026-07-22 15:48:00,2288.0,2291.212495474437,2278.3625135766883,SHA_FLIP,2026-07-22 15:51:00,2291.212495474437,STOP_LOSS,-96.37486423311657,207.45600000000002,-303.8308642331166,3.0,2026-07
SILVER,LONG,2026-07-22 15:52:00,2293.0,2289.9588724297205,2302.1233827108385,SHA_FLIP,2026-07-22 16:02:00,2289.9588724297205,STOP_LOSS,-91.23382710838541,207.516,-298.7498271083854,10.0,2026-07
CRUDEOIL,SHORT,2026-07-22 15:52:00,7907.0,7913.683959392613,7880.264162429547,SHA_FLIP,2026-07-22 16:04:00,7913.683959392613,STOP_LOSS,-668.395939261336,716.28,-1384.675939261336,12.0,2026-07
SILVER,SHORT,2026-07-22 16:08:00,2290.0,2291.9653756326293,2284.103873102112,SHA_FLIP,2026-07-22 16:22:00,2291.9653756326293,STOP_LOSS,-58.96126897887825,207.48,-266.44126897887827,14.0,2026-07
CRUDEOIL,SHORT,2026-07-22 16:07:00,7900.0,7906.647684649318,7873.409261402729,SHA_FLIP,2026-07-22 17:07:00,7906.647684649318,STOP_LOSS,-664.7684649317853,716.0,-1380.7684649317853,60.0,2026-07
SILVER,LONG,2026-07-22 16:23:00,2292.0,2290.7079692719217,2295.876092184235,SHA_FLIP,2026-07-22 17:07:00,2290.7079692719217,STOP_LOSS,-38.76092184234949,207.504,-246.26492184234948,44.0,2026-07
CRUDEOIL,LONG,2026-07-22 17:07:00,7928.0,7922.398758930781,7950.404964276877,SHA_FLIP,2026-07-22 17:10:00,7950.404964276877,TAKE_PROFIT,2240.4964276876854,717.12,1523.3764276876855,3.0,2026-07
CRUDEOIL,LONG,2026-07-22 17:35:00,7940.0,7937.548891074384,7949.804435702463,SHA_FLIP,2026-07-22 17:38:00,7937.548891074384,STOP_LOSS,-245.11089256156993,717.6,-962.71089256157,3.0,2026-07
CRUDEOIL,SHORT,2026-07-22 17:38:00,7911.0,7918.395581128763,7881.417675484947,SHA_FLIP,2026-07-22 17:48:00,7918.395581128763,STOP_LOSS,-739.5581128763297,716.44,-1455.9981128763297,10.0,2026-07
SILVER,LONG,2026-07-22 17:51:00,2292.0,2291.9619966225832,2292.1140101322503,SHA_FLIP,2026-07-22 17:53:00,2292.1140101322503,TAKE_PROFIT,3.420303967509426,207.504,-204.08369603249056,2.0,2026-07
SILVER,LONG,2026-07-22 17:53:00,2293.0,2291.958121907629,2296.125634277113,SHA_FLIP,2026-07-22 17:55:00,2296.125634277113,TAKE_PROFIT,93.76902831339066,207.516,-113.74697168660933,2.0,2026-07
GOLD,LONG,2026-07-22 18:10:00,118258.0,118238.51462105304,118316.45613684089,SHA_FLIP,2026-07-22 18:17:00,118238.51462105304,STOP_LOSS,-1948.5378946963465,5130.320000000001,-7078.857894696347,7.0,2026-07
CRUDEOIL,SHORT,2026-07-22 17:52:00,7904.0,7913.45193602726,7866.192255890961,SHA_FLIP,2026-07-22 18:18:00,7913.45193602726,STOP_LOSS,-945.1936027259762,716.1600000000001,-1661.3536027259763,26.0,2026-07
SILVER,SHORT,2026-07-22 18:23:00,2292.0,2292.755161529984,2289.734515410048,SHA_FLIP,2026-07-22 18:26:00,2289.734515410048,TAKE_PROFIT,67.96453769855816,207.504,-139.53946230144183,3.0,2026-07
GOLD,LONG,2026-07-22 18:41:00,118286.0,118234.27837660506,118441.16487018483,SHA_FLIP,2026-07-22 18:43:00,118234.27837660506,STOP_LOSS,-5172.162339494389,5131.4400000000005,-10303.60233949439,2.0,2026-07
SILVER,SHORT,2026-07-22 18:35:00,2291.0,2293.1085351273073,2284.674394618078,SHA_FLIP,2026-07-22 18:57:00,2293.1085351273073,STOP_LOSS,-63.25605381921832,207.492,-270.7480538192183,22.0,2026-07
GOLD,LONG,2026-07-22 19:43:00,118751.0,118628.06826244932,119119.79521265204,SHA_FLIP,2026-07-22 19:45:00,118628.06826244932,STOP_LOSS,-12293.173755067983,5150.04,-17443.213755067984,2.0,2026-07
CRUDEOIL,LONG,2026-07-22 20:04:00,7930.0,7928.12284979365,7937.5086008254,SHA_FLIP,2026-07-22 20:10:00,7928.12284979365,STOP_LOSS,-187.7150206350052,717.2,-904.9150206350052,6.0,2026-07
SILVER,SHORT,2026-07-22 20:11:00,2306.0,2308.4752696451997,2298.574191064401,SHA_FLIP,2026-07-22 20:43:00,2308.4752696451997,STOP_LOSS,-74.2580893559898,207.672,-281.9300893559898,32.0,2026-07
CRUDEOIL,SHORT,2026-07-22 20:10:00,7900.0,7906.7954476168225,7872.81820953271,SHA_FLIP,2026-07-22 20:45:00,7906.7954476168225,STOP_LOSS,-679.5447616822457,716.0,-1395.5447616822457,35.0,2026-07
SILVER,LONG,2026-07-22 20:46:00,2308.0,2305.9316960497263,2314.204911850821,SHA_FLIP,2026-07-22 21:56:00,2305.9316960497263,STOP_LOSS,-62.049118508211905,207.696,-269.74511850821193,70.0,2026-07
SILVER,SHORT,2026-07-22 22:06:00,2305.0,2307.411169837025,2297.7664904889243,SHA_FLIP,2026-07-22 22:20:00,2307.411169837025,STOP_LOSS,-72.33509511075681,207.66,-279.9950951107568,14.0,2026-07
SILVER,SHORT,2026-07-22 22:26:00,2305.0,2307.9274448570472,2296.2176654288583,SHA_FLIP,2026-07-22 22:27:00,2307.9274448570472,STOP_LOSS,-87.82334571141746,207.66,-295.4833457114174,1.0,2026-07
SILVER,LONG,2026-07-22 22:27:00,2308.0,2304.462881123892,2318.6113566283234,SHA_FLIP,2026-07-22 22:48:00,2304.462881123892,STOP_LOSS,-106.11356628323392,207.696,-313.80956628323395,21.0,2026-07
SILVER,LONG,2026-07-22 23:16:00,2308.0,2306.549053051577,2312.3528408452685,SHA_FLIP,2026-07-22 23:28:00,2306.549053051577,STOP_LOSS,-43.528408452684744,207.696,-251.22440845268474,12.0,2026-07
CRUDEOIL,LONG,2026-07-22 22:32:00,7913.0,7907.618916583177,7934.52433366729,SHA_FLIP,2026-07-23 09:00:00,8016.0,SESSION_END,10300.0,716.52,9583.48,628.0,2026-07
GOLD,LONG,2026-07-22 19:55:00,118750.0,118658.92219235323,119023.2334229403,SHA_FLIP,2026-07-23 09:00:00,118631.0,SESSION_END,-11900.0,5150.0,-17050.0,785.0,2026-07
SILVER,SHORT,2026-07-23 09:33:00,2296.0,2298.4538001963815,2288.6385994108555,SHA_FLIP,2026-07-23 09:39:00,2298.4538001963815,STOP_LOSS,-73.61400589144523,207.552,-281.16600589144525,6.0,2026-07
CRUDEOIL,LONG,2026-07-23 10:02:00,7990.0,7987.4154070075065,8000.338371969974,SHA_FLIP,2026-07-23 10:26:00,7987.4154070075065,STOP_LOSS,-258.4592992493526,719.6,-978.0592992493526,24.0,2026-07
CRUDEOIL,SHORT,2026-07-23 10:26:00,7976.0,7978.883337870812,7964.466648516751,SHA_FLIP,2026-07-23 10:42:00,7978.883337870812,STOP_LOSS,-288.33378708122837,719.04,-1007.3737870812283,16.0,2026-07
SILVER,SHORT,2026-07-23 10:38:00,2294.0,2296.2895059440093,2287.131482167972,SHA_FLIP,2026-07-23 10:46:00,2296.2895059440093,STOP_LOSS,-68.68517832027919,207.528,-276.2131783202792,8.0,2026-07
CRUDEOIL,SHORT,2026-07-23 11:02:00,7950.0,7957.158487611648,7921.3660495534095,SHA_FLIP,2026-07-23 11:18:00,7957.158487611648,STOP_LOSS,-715.8487611647615,718.0,-1433.8487611647615,16.0,2026-07
SILVER,SHORT,2026-07-23 11:27:00,2295.0,2297.6984335365923,2286.904699390223,SHA_FLIP,2026-07-23 11:32:00,2297.6984335365923,STOP_LOSS,-80.95300609777041,207.54,-288.4930060977704,5.0,2026-07
SILVER,LONG,2026-07-23 11:33:00,2299.0,2296.4469132922623,2306.6592601232132,SHA_FLIP,2026-07-23 11:44:00,2296.4469132922623,STOP_LOSS,-76.59260123213244,207.588,-284.1806012321324,11.0,2026-07
SILVER,LONG,2026-07-23 11:49:00,2299.0,2297.3383195323813,2303.985041402856,SHA_FLIP,2026-07-23 11:51:00,2297.3383195323813,STOP_LOSS,-49.85041402856041,207.588,-257.4384140285604,2.0,2026-07
SILVER,SHORT,2026-07-23 11:51:00,2297.0,2298.870328884567,2291.3890133462996,SHA_FLIP,2026-07-23 12:31:00,2291.3890133462996,TAKE_PROFIT,168.32959961101096,207.564,-39.23440038898903,40.0,2026-07
CRUDEOIL,LONG,2026-07-23 13:03:00,8037.0,8030.21113232349,8064.155470706039,SHA_FLIP,2026-07-23 13:19:00,8030.21113232349,STOP_LOSS,-678.8867676509653,721.48,-1400.3667676509654,16.0,2026-07
CRUDEOIL,SHORT,2026-07-23 13:39:00,8010.0,8017.185834801064,7981.256660795745,SHA_FLIP,2026-07-23 13:53:00,8017.185834801064,STOP_LOSS,-718.583480106372,720.4000000000001,-1438.983480106372,14.0,2026-07
SILVER,SHORT,2026-07-23 13:31:00,2273.0,2276.2429116249987,2263.271265125004,SHA_FLIP,2026-07-23 14:27:00,2276.2429116249987,STOP_LOSS,-97.28734874996007,207.276,-304.5633487499601,56.0,2026-07
SILVER,LONG,2026-07-23 14:47:00,2278.0,2276.89128912609,2281.3261326217294,SHA_FLIP,2026-07-23 14:51:00,2276.89128912609,STOP_LOSS,-33.26132621729357,207.336,-240.59732621729358,4.0,2026-07
SILVER,SHORT,2026-07-23 14:51:00,2276.0,2278.19994630604,2269.4001610818796,SHA_FLIP,2026-07-23 15:02:00,2269.4001610818796,TAKE_PROFIT,197.9951675436132,207.312,-9.316832456386805,11.0,2026-07
CRUDEOIL,LONG,2026-07-23 14:37:00,8052.0,8045.272134922018,8078.911460311927,SHA_FLIP,2026-07-23 15:11:00,8045.272134922018,STOP_LOSS,-672.7865077981733,722.08,-1394.8665077981732,34.0,2026-07
SILVER,LONG,2026-07-23 15:25:00,2277.0,2275.553895891486,2281.3383123255426,SHA_FLIP,2026-07-23 15:27:00,2275.553895891486,STOP_LOSS,-43.383123255425744,207.324,-250.70712325542576,2.0,2026-07
SILVER,SHORT,2026-07-23 16:04:00,2271.0,2273.5618662292463,2263.314401312261,SHA_FLIP,2026-07-23 16:06:00,2273.5618662292463,STOP_LOSS,-76.85598687739002,207.252,-284.10798687739003,2.0,2026-07
SILVER,SHORT,2026-07-23 16:08:00,2270.0,2274.6971745456494,2255.9084763630517,SHA_FLIP,2026-07-23 16:11:00,2274.6971745456494,STOP_LOSS,-140.91523636948295,207.24,-348.15523636948296,3.0,2026-07
SILVER,SHORT,2026-07-23 16:16:00,2272.0,2277.185886182242,2256.442341453274,SHA_FLIP,2026-07-23 16:20:00,2277.185886182242,STOP_LOSS,-155.57658546726088,207.264,-362.8405854672609,4.0,2026-07
SILVER,SHORT,2026-07-23 17:11:00,2267.0,2270.684581464604,2255.946255606188,SHA_FLIP,2026-07-23 17:17:00,2270.684581464604,STOP_LOSS,-110.5374439381194,207.204,-317.7414439381194,6.0,2026-07
GOLD,LONG,2026-07-23 17:41:00,117636.0,117603.31497728807,117734.05506813579,SHA_FLIP,2026-07-23 17:42:00,117603.31497728807,STOP_LOSS,-3268.502271192847,5105.4400000000005,-8373.942271192847,1.0,2026-07
CRUDEOIL,SHORT,2026-07-23 17:21:00,8040.0,8048.679102995103,8005.283588019589,SHA_FLIP,2026-07-23 17:43:00,8048.679102995103,STOP_LOSS,-867.9102995102767,721.6,-1589.5102995102766,22.0,2026-07
SILVER,LONG,2026-07-23 17:43:00,2273.0,2272.087901790969,2275.7362946270923,SHA_FLIP,2026-07-23 17:44:00,2272.087901790969,STOP_LOSS,-27.362946270923203,207.276,-234.6389462709232,1.0,2026-07
CRUDEOIL,LONG,2026-07-23 17:43:00,8075.0,8067.763761753102,8103.944952987593,SHA_FLIP,2026-07-23 17:48:00,8067.763761753102,STOP_LOSS,-723.623824689821,723.0,-1446.623824689821,5.0,2026-07
CRUDEOIL,LONG,2026-07-23 18:13:00,8099.0,8089.099252129519,8138.602991481923,SHA_FLIP,2026-07-23 18:22:00,8089.099252129519,STOP_LOSS,-990.07478704807,723.96,-1714.03478704807,9.0,2026-07
SILVER,SHORT,2026-07-23 17:59:00,2268.0,2270.681753424355,2259.954739726935,SHA_FLIP,2026-07-23 18:24:00,2259.954739726935,TAKE_PROFIT,241.35780819195588,207.216,34.141808191955874,25.0,2026-07
GOLD,SHORT,2026-07-23 17:54:00,117470.0,117548.80661056572,117233.58016830284,SHA_FLIP,2026-07-23 18:29:00,117233.58016830284,TAKE_PROFIT,23641.983169715968,5098.8,18543.18316971597,35.0,2026-07
CRUDEOIL,LONG,2026-07-23 18:31:00,8108.0,8098.2121666532485,8147.151333387006,SHA_FLIP,2026-07-23 19:05:00,8098.2121666532485,STOP_LOSS,-978.783334675154,724.3199999999999,-1703.103334675154,34.0,2026-07
CRUDEOIL,SHORT,2026-07-23 19:05:00,8085.0,8092.766947789417,8053.932208842332,SHA_FLIP,2026-07-23 19:07:00,8092.766947789417,STOP_LOSS,-776.6947789416918,723.4000000000001,-1500.0947789416919,2.0,2026-07
CRUDEOIL,LONG,2026-07-23 19:11:00,8130.0,8117.835459029467,8178.6581638821335,SHA_FLIP,2026-07-23 19:15:00,8117.835459029467,STOP_LOSS,-1216.454097053338,725.2,-1941.654097053338,4.0,2026-07
SILVER,SHORT,2026-07-23 19:18:00,2251.0,2254.6069060351656,2240.179281894503,SHA_FLIP,2026-07-23 19:26:00,2254.6069060351656,STOP_LOSS,-108.2071810549678,207.012,-315.2191810549678,8.0,2026-07
CRUDEOIL,LONG,2026-07-23 19:38:00,8160.0,8152.19407702251,8191.22369190996,SHA_FLIP,2026-07-23 19:43:00,8152.19407702251,STOP_LOSS,-780.59229774899,726.4000000000001,-1506.99229774899,5.0,2026-07
GOLD,SHORT,2026-07-23 19:50:00,116717.0,116766.77024568527,116567.68926294419,SHA_FLIP,2026-07-23 19:54:00,116766.77024568527,STOP_LOSS,-4977.024568527122,5068.68,-10045.704568527122,4.0,2026-07
SILVER,SHORT,2026-07-23 19:27:00,2251.0,2254.1553317034586,2241.534004889624,SHA_FLIP,2026-07-23 20:00:00,2254.1553317034586,STOP_LOSS,-94.65995110375843,207.012,-301.67195110375843,33.0,2026-07
SILVER,SHORT,2026-07-23 20:31:00,2253.0,2256.138025408329,2243.5859237750124,SHA_FLIP,2026-07-23 20:40:00,2243.5859237750124,TAKE_PROFIT,282.42228674962917,207.036,75.38628674962916,9.0,2026-07
CRUDEOIL,LONG,2026-07-23 19:51:00,8157.0,8145.480972147736,8203.076111409056,SHA_FLIP,2026-07-23 20:47:00,8145.480972147736,STOP_LOSS,-1151.9027852264117,726.28,-1878.1827852264116,56.0,2026-07
GOLD,SHORT,2026-07-23 20:52:00,116899.0,116940.92144255113,116773.23567234661,SHA_FLIP,2026-07-23 21:03:00,116773.23567234661,TAKE_PROFIT,12576.432765339268,5075.96,7500.472765339268,11.0,2026-07
CRUDEOIL,SHORT,2026-07-23 21:03:00,8155.0,8164.017713855402,8118.929144578393,SHA_FLIP,2026-07-23 21:09:00,8164.017713855402,STOP_LOSS,-901.771385540178,726.2,-1627.971385540178,6.0,2026-07
CRUDEOIL,SHORT,2026-07-23 21:12:00,8152.0,8160.763957046886,8116.944171812454,SHA_FLIP,2026-07-23 21:27:00,8160.763957046886,STOP_LOSS,-876.395704688639,726.08,-1602.4757046886389,15.0,2026-07
GOLD,SHORT,2026-07-23 21:18:00,116832.0,116880.44502886684,116686.66491339947,SHA_FLIP,2026-07-23 21:30:00,116880.44502886684,STOP_LOSS,-4844.502886684495,5073.280000000001,-9917.782886684496,12.0,2026-07
SILVER,LONG,2026-07-23 21:47:00,2246.0,2244.8587235660098,2249.4238293019707,SHA_FLIP,2026-07-23 22:06:00,2244.8587235660098,STOP_LOSS,-34.23829301970727,206.952,-241.19029301970727,19.0,2026-07
GOLD,LONG,2026-07-23 21:31:00,116898.0,116862.08478385283,117005.74564844152,SHA_FLIP,2026-07-23 22:20:00,116862.08478385283,STOP_LOSS,-3591.521614717203,5075.92,-8667.441614717203,49.0,2026-07
GOLD,SHORT,2026-07-23 22:20:00,116778.0,116811.85487624373,116676.43537126882,SHA_FLIP,2026-07-23 22:23:00,116811.85487624373,STOP_LOSS,-3385.487624372763,5071.12,-8456.607624372762,3.0,2026-07
GOLD,LONG,2026-07-23 22:27:00,116906.0,116869.76982034194,117014.69053897417,SHA_FLIP,2026-07-23 22:30:00,116869.76982034194,STOP_LOSS,-3623.017965805775,5076.24,-8699.257965805775,3.0,2026-07
GOLD,SHORT,2026-07-23 22:30:00,116801.0,116845.58450509889,116667.24648470334,SHA_FLIP,2026-07-23 22:34:00,116845.58450509889,STOP_LOSS,-4458.450509888644,5072.04,-9530.490509888645,4.0,2026-07
GOLD,SHORT,2026-07-23 22:41:00,116801.0,116835.02891709148,116698.91324872557,SHA_FLIP,2026-07-23 22:49:00,116835.02891709148,STOP_LOSS,-3402.8917091476615,5072.04,-8474.931709147662,8.0,2026-07
SILVER,LONG,2026-07-23 22:50:00,2249.0,2247.1657991820584,2254.5026024538247,SHA_FLIP,2026-07-23 22:53:00,2247.1657991820584,STOP_LOSS,-55.02602453824693,206.988,-262.01402453824693,3.0,2026-07
GOLD,SHORT,2026-07-23 22:53:00,116803.0,116835.42622781696,116705.72131654911,SHA_FLIP,2026-07-23 22:55:00,116835.42622781696,STOP_LOSS,-3242.6227816962637,5072.12,-8314.742781696263,2.0,2026-07
CRUDEOIL,LONG,2026-07-23 21:56:00,8180.0,8173.622466749904,8205.510133000385,SHA_FLIP,2026-07-23 22:59:00,8205.510133000385,TAKE_PROFIT,2551.0133000385395,727.2,1823.8133000385394,63.0,2026-07
GOLD,LONG,2026-07-23 22:56:00,116888.0,116851.83128221812,116996.50615334565,SHA_FLIP,2026-07-23 23:01:00,116851.83128221812,STOP_LOSS,-3616.871778188215,5075.52,-8692.391778188216,5.0,2026-07
SILVER,LONG,2026-07-23 23:02:00,2249.0,2247.202426366356,2254.3927209009316,SHA_FLIP,2026-07-23 23:05:00,2247.202426366356,STOP_LOSS,-53.92720900931636,206.988,-260.91520900931636,3.0,2026-07
CRUDEOIL,SHORT,2026-07-24 09:40:00,8071.0,8077.911774643096,8043.352901427617,SHA_FLIP,2026-07-24 09:42:00,8077.911774643096,STOP_LOSS,-691.1774643095669,722.84,-1414.017464309567,2.0,2026-07
CRUDEOIL,SHORT,2026-07-24 10:00:00,8075.0,8081.415563707845,8049.337745168621,SHA_FLIP,2026-07-24 10:02:00,8081.415563707845,STOP_LOSS,-641.556370784474,723.0,-1364.556370784474,2.0,2026-07
SILVER,SHORT,2026-07-24 10:06:00,2227.0,2229.6866532807157,2218.9400401578528,SHA_FLIP,2026-07-24 10:08:00,2229.6866532807157,STOP_LOSS,-80.59959842147236,206.724,-287.32359842147235,2.0,2026-07
SILVER,LONG,2026-07-24 10:15:00,2230.0,2227.1110472351684,2238.666858294495,SHA_FLIP,2026-07-24 10:40:00,2238.666858294495,TAKE_PROFIT,260.0057488348466,206.76,53.24574883484661,25.0,2026-07
CRUDEOIL,LONG,2026-07-24 10:45:00,8099.0,8096.023256734962,8110.906973060151,SHA_FLIP,2026-07-24 10:52:00,8096.023256734962,STOP_LOSS,-297.67432650378396,723.96,-1021.634326503784,7.0,2026-07
SILVER,LONG,2026-07-24 11:01:00,2238.0,2237.13816165122,2240.5855150463403,SHA_FLIP,2026-07-24 11:08:00,2237.13816165122,STOP_LOSS,-25.855150463403334,206.856,-232.71115046340333,7.0,2026-07
SILVER,LONG,2026-07-24 11:12:00,2239.0,2237.4180914843064,2243.745725547081,SHA_FLIP,2026-07-24 11:13:00,2237.4180914843064,STOP_LOSS,-47.45725547080838,206.868,-254.32525547080837,1.0,2026-07
SILVER,LONG,2026-07-24 11:20:00,2239.0,2237.1024981239443,2244.692505628167,SHA_FLIP,2026-07-24 11:24:00,2237.1024981239443,STOP_LOSS,-56.92505628167055,206.868,-263.79305628167054,4.0,2026-07
SILVER,SHORT,2026-07-24 11:24:00,2235.0,2237.5044849596447,2227.486545121066,SHA_FLIP,2026-07-24 11:45:00,2237.5044849596447,STOP_LOSS,-75.13454878934226,206.82,-281.95454878934225,21.0,2026-07
CRUDEOIL,SHORT,2026-07-24 12:05:00,8038.0,8044.270773671281,8012.916905314876,SHA_FLIP,2026-07-24 12:11:00,8044.270773671281,STOP_LOSS,-627.0773671280949,721.52,-1348.597367128095,6.0,2026-07
CRUDEOIL,SHORT,2026-07-24 12:19:00,8040.0,8044.136965585846,8023.452137656615,SHA_FLIP,2026-07-24 12:30:00,8023.452137656615,TAKE_PROFIT,1654.7862343384622,721.6,933.1862343384622,11.0,2026-07
BANKNIFTY,LONG,2026-07-24 12:31:00,56710.8,56612.906144288805,56955.534639278,ARMED_STOP,2026-07-24 12:34:00,56612.906144288805,STOP_LOSS,-2936.815671335935,640.2648,-3577.080471335935,3.0,2026-07
SILVER,LONG,2026-07-24 12:15:00,2247.0,2243.841830932196,2256.474507203412,SHA_FLIP,2026-07-24 12:38:00,2256.474507203412,TAKE_PROFIT,284.23521610236094,206.964,77.27121610236094,23.0,2026-07
CRUDEOIL,SHORT,2026-07-24 12:43:00,8022.0,8025.1412585100215,8009.434965959914,SHA_FLIP,2026-07-24 12:55:00,8009.434965959914,TAKE_PROFIT,1256.5034040086175,720.88,535.6234040086175,12.0,2026-07
CRUDEOIL,SHORT,2026-07-24 13:21:00,8010.0,8013.754984463887,7994.980062144452,SHA_FLIP,2026-07-24 13:35:00,8013.754984463887,STOP_LOSS,-375.49844638870127,720.4000000000001,-1095.8984463887014,14.0,2026-07
SILVER,SHORT,2026-07-24 13:51:00,2255.0,2257.569238569989,2247.292284290033,SHA_FLIP,2026-07-24 13:53:00,2257.569238569989,STOP_LOSS,-77.07715709967033,207.06,-284.13715709967033,2.0,2026-07
CRUDEOIL,SHORT,2026-07-24 14:32:00,7953.0,7959.2779377559045,7927.888248976382,SHA_FLIP,2026-07-24 14:40:00,7927.888248976382,TAKE_PROFIT,2511.1751023618126,718.12,1793.0551023618127,8.0,2026-07
CRUDEOIL,LONG,2026-07-24 15:38:00,8002.0,7990.072240835126,8049.711036659497,SHA_FLIP,2026-07-24 15:43:00,7990.072240835126,STOP_LOSS,-1192.775916487426,720.08,-1912.855916487426,5.0,2026-07
SILVER,LONG,2026-07-24 15:23:00,2262.0,2259.490962488203,2269.527112535391,SHA_FLIP,2026-07-24 15:45:00,2269.527112535391,TAKE_PROFIT,225.81337606173292,207.144,18.66937606173292,22.0,2026-07
CRUDEOIL,LONG,2026-07-24 16:04:00,8006.0,7995.043829088457,8049.824683646173,SHA_FLIP,2026-07-24 16:07:00,8049.824683646173,TAKE_PROFIT,4382.468364617307,720.24,3662.2283646173073,3.0,2026-07
CRUDEOIL,LONG,2026-07-24 16:25:00,8025.0,8012.6140237428,8074.5439050288005,SHA_FLIP,2026-07-24 16:31:00,8012.6140237428,STOP_LOSS,-1238.5976257200127,721.0,-1959.5976257200127,6.0,2026-07
SILVER,SHORT,2026-07-24 16:48:00,2264.0,2264.933049060329,2261.2008528190136,SHA_FLIP,2026-07-24 16:57:00,2264.933049060329,STOP_LOSS,-27.99147180986438,207.168,-235.15947180986439,9.0,2026-07
SILVER,LONG,2026-07-24 16:57:00,2266.0,2265.0759542089254,2268.772137373224,SHA_FLIP,2026-07-24 17:02:00,2265.0759542089254,STOP_LOSS,-27.721373732238135,207.192,-234.91337373223814,5.0,2026-07
SILVER,SHORT,2026-07-24 17:03:00,2263.0,2264.258233638696,2259.2252990839124,SHA_FLIP,2026-07-24 17:11:00,2259.2252990839124,TAKE_PROFIT,113.24102748262703,207.156,-93.91497251737297,8.0,2026-07
CRUDEOIL,LONG,2026-07-24 17:14:00,8011.0,8003.329835692619,8041.6806572295245,SHA_FLIP,2026-07-24 17:21:00,8003.329835692619,STOP_LOSS,-767.0164307381128,720.44,-1487.4564307381129,7.0,2026-07
GOLD,SHORT,2026-07-24 17:37:00,116710.0,116756.89347318314,116569.31958045058,SHA_FLIP,2026-07-24 17:39:00,116756.89347318314,STOP_LOSS,-4689.347318313958,5068.400000000001,-9757.74731831396,2.0,2026-07
SILVER,LONG,2026-07-24 18:23:00,2265.0,2262.9689878887475,2271.0930363337575,SHA_FLIP,2026-07-24 18:27:00,2262.9689878887475,STOP_LOSS,-60.93036333757482,207.18,-268.1103633375748,4.0,2026-07
SILVER,SHORT,2026-07-24 18:27:00,2260.0,2262.723609617965,2251.829171146105,SHA_FLIP,2026-07-24 18:38:00,2251.829171146105,TAKE_PROFIT,245.12486561684455,207.12,38.00486561684454,11.0,2026-07
GOLD,SHORT,2026-07-24 18:36:00,116650.0,116704.39783751899,116486.80648744303,SHA_FLIP,2026-07-24 18:41:00,116486.80648744303,TAKE_PROFIT,16319.351255697256,5066.0,11253.351255697256,5.0,2026-07
CRUDEOIL,LONG,2026-07-24 18:57:00,8001.0,7999.421341583177,8007.314633667291,SHA_FLIP,2026-07-24 19:03:00,7999.421341583177,STOP_LOSS,-157.8658416822691,720.04,-877.905841682269,6.0,2026-07
CRUDEOIL,LONG,2026-07-24 19:06:00,8001.0,7998.253183087843,8011.987267648627,SHA_FLIP,2026-07-24 19:20:00,7998.253183087843,STOP_LOSS,-274.6816912156646,720.04,-994.7216912156646,14.0,2026-07
CRUDEOIL,LONG,2026-07-24 19:47:00,8010.0,8007.375432062694,8020.498271749224,SHA_FLIP,2026-07-24 19:49:00,8007.375432062694,STOP_LOSS,-262.4567937305983,720.4000000000001,-982.8567937305984,2.0,2026-07
SILVER,LONG,2026-07-24 19:56:00,2268.0,2262.5094481244514,2284.4716556266458,SHA_FLIP,2026-07-24 20:07:00,2262.5094481244514,STOP_LOSS,-164.7165562664577,207.216,-371.9325562664577,11.0,2026-07
GOLD,LONG,2026-07-24 19:56:00,116979.0,116926.9073063128,117135.2780810616,SHA_FLIP,2026-07-24 20:09:00,116926.9073063128,STOP_LOSS,-5209.269368719833,5079.16,-10288.429368719833,13.0,2026-07
SILVER,LONG,2026-07-24 20:21:00,2265.0,2263.1581046099045,2270.5256861702865,SHA_FLIP,2026-07-24 20:24:00,2263.1581046099045,STOP_LOSS,-55.256861702864626,207.18,-262.43686170286463,3.0,2026-07
SILVER,SHORT,2026-07-24 20:26:00,2263.0,2264.401327229728,2258.796018310816,SHA_FLIP,2026-07-24 20:27:00,2264.401327229728,STOP_LOSS,-42.0398168918382,207.156,-249.1958168918382,1.0,2026-07
SILVER,LONG,2026-07-24 20:27:00,2266.0,2263.7855164009025,2272.6434507972926,SHA_FLIP,2026-07-24 20:36:00,2263.7855164009025,STOP_LOSS,-66.43450797292644,207.192,-273.62650797292645,9.0,2026-07
CRUDEOIL,LONG,2026-07-24 20:30:00,8000.0,7995.554554243193,8017.781783027229,SHA_FLIP,2026-07-24 20:41:00,7995.554554243193,STOP_LOSS,-444.5445756807203,720.0,-1164.5445756807203,11.0,2026-07
GOLD,LONG,2026-07-24 21:02:00,117080.0,117051.44426510067,117165.667204698,SHA_FLIP,2026-07-24 21:05:00,117051.44426510067,STOP_LOSS,-2855.5734899331583,5083.2,-7938.773489933158,3.0,2026-07
GOLD,SHORT,2026-07-24 21:30:00,116982.0,116999.05665142594,116930.83004572218,SHA_FLIP,2026-07-24 21:41:00,116999.05665142594,STOP_LOSS,-1705.66514259408,5079.280000000001,-6784.945142594081,11.0,2026-07
GOLD,SHORT,2026-07-24 21:45:00,116950.0,116963.1787103776,116910.4638688672,SHA_FLIP,2026-07-24 21:51:00,116963.1787103776,STOP_LOSS,-1317.871037760051,5078.0,-6395.871037760051,6.0,2026-07
GOLD,SHORT,2026-07-24 22:07:00,116900.0,116921.94958549642,116834.15124351074,SHA_FLIP,2026-07-24 22:10:00,116834.15124351074,TAKE_PROFIT,6584.875648925663,5076.0,1508.875648925663,3.0,2026-07
GOLD,SHORT,2026-07-24 22:32:00,116848.0,116862.80320118736,116803.59039643792,SHA_FLIP,2026-07-24 22:47:00,116803.59039643792,TAKE_PROFIT,4440.960356207506,5073.92,-632.9596437924938,15.0,2026-07
GOLD,SHORT,2026-07-24 23:06:00,116805.0,116829.65984206474,116731.0204738058,SHA_FLIP,2026-07-24 23:08:00,116829.65984206474,STOP_LOSS,-2465.984206473513,5072.2,-7538.184206473513,2.0,2026-07
GOLD,LONG,2026-07-24 23:09:00,116880.0,116838.92068947667,117003.23793157,SHA_FLIP,2026-07-24 23:15:00,116838.92068947667,STOP_LOSS,-4107.9310523331515,5075.2,-9183.131052333152,6.0,2026-07
GOLD,SHORT,2026-07-24 23:19:00,116818.0,116840.62484701398,116750.12545895805,SHA_FLIP,2026-07-24 23:22:00,116840.62484701398,STOP_LOSS,-2262.4847013983526,5072.72,-7335.204701398353,3.0,2026-07
CRUDEOIL,LONG,2026-07-24 23:02:00,7964.0,7957.19691621038,7991.212335158481,SHA_FLIP,2026-07-24 23:28:00,7957.19691621038,STOP_LOSS,-680.3083789620359,718.56,-1398.8683789620359,26.0,2026-07
SILVER,SHORT,2026-07-24 21:25:00,2267.0,2270.4532655840335,2256.6402032478995,SHA_FLIP,2026-07-27 09:00:00,2276.0,SESSION_END,-270.0,207.204,-477.204,3575.0,2026-07
SILVER,LONG,2026-07-27 09:32:00,2282.0,2278.8558487616497,2291.432453715051,SHA_FLIP,2026-07-27 09:40:00,2278.8558487616497,STOP_LOSS,-94.32453715050997,207.38400000000001,-301.70853715051,8.0,2026-07
SILVER,SHORT,2026-07-27 09:40:00,2277.0,2280.647774122165,2266.0566776335045,SHA_FLIP,2026-07-27 09:41:00,2280.647774122165,STOP_LOSS,-109.43322366495522,207.324,-316.75722366495523,1.0,2026-07
CRUDEOIL,SHORT,2026-07-27 09:30:00,7713.0,7720.835332776647,7681.658668893411,SHA_FLIP,2026-07-27 10:12:00,7681.658668893411,TAKE_PROFIT,3134.133110658877,708.52,2425.613110658877,42.0,2026-07
SILVER,SHORT,2026-07-27 10:22:00,2278.0,2279.3622493192006,2273.913252042398,SHA_FLIP,2026-07-27 10:23:00,2279.3622493192006,STOP_LOSS,-40.86747957601801,207.336,-248.20347957601803,1.0,2026-07
SILVER,LONG,2026-07-27 10:25:00,2281.0,2279.2791520728047,2286.162543781586,SHA_FLIP,2026-07-27 10:31:00,2279.2791520728047,STOP_LOSS,-51.625437815860096,207.372,-258.9974378158601,6.0,2026-07
CRUDEOIL,SHORT,2026-07-27 10:49:00,7688.0,7690.302782082495,7678.788871670022,SHA_FLIP,2026-07-27 11:14:00,7678.788871670022,TAKE_PROFIT,921.1128329978237,707.52,213.59283299782373,25.0,2026-07
CRUDEOIL,SHORT,2026-07-27 12:09:00,7601.0,7604.797519301085,7585.809922795659,SHA_FLIP,2026-07-27 12:23:00,7585.809922795659,TAKE_PROFIT,1519.0077204340923,704.04,814.9677204340924,14.0,2026-07
CRUDEOIL,LONG,2026-07-27 12:59:00,7615.0,7607.1056280751945,7646.577487699222,SHA_FLIP,2026-07-27 13:18:00,7646.577487699222,TAKE_PROFIT,3157.748769922182,704.6,2453.148769922182,19.0,2026-07
SILVER,LONG,2026-07-27 11:31:00,2281.0,2278.655287900038,2288.0341362998865,SHA_FLIP,2026-07-27 13:21:00,2278.655287900038,STOP_LOSS,-70.3413629988654,207.372,-277.7133629988654,110.0,2026-07
CRUDEOIL,LONG,2026-07-27 13:30:00,7662.0,7645.218690548251,7729.125237806995,SHA_FLIP,2026-07-27 13:37:00,7645.218690548251,STOP_LOSS,-1678.1309451748712,706.48,-2384.610945174871,7.0,2026-07
SILVER,SHORT,2026-07-27 13:57:00,2276.0,2277.972508402642,2270.0824747920747,SHA_FLIP,2026-07-27 14:00:00,2277.972508402642,STOP_LOSS,-59.17525207925337,207.312,-266.4872520792534,3.0,2026-07
SILVER,LONG,2026-07-27 14:03:00,2279.0,2277.513181119522,2283.460456641434,SHA_FLIP,2026-07-27 14:05:00,2277.513181119522,STOP_LOSS,-44.60456641434121,207.348,-251.95256641434122,2.0,2026-07
SILVER,SHORT,2026-07-27 14:05:00,2277.0,2279.11133731392,2270.6659880582397,SHA_FLIP,2026-07-27 14:18:00,2279.11133731392,STOP_LOSS,-63.34011941760309,207.324,-270.6641194176031,13.0,2026-07
CRUDEOIL,SHORT,2026-07-27 14:55:00,7507.0,7517.300946471279,7465.7962141148855,SHA_FLIP,2026-07-27 15:07:00,7517.300946471279,STOP_LOSS,-1030.0946471278621,700.28,-1730.374647127862,12.0,2026-07
SILVER,LONG,2026-07-27 15:30:00,2281.0,2278.873869374027,2287.378391877919,SHA_FLIP,2026-07-27 15:36:00,2278.873869374027,STOP_LOSS,-63.78391877919057,207.372,-271.1559187791906,6.0,2026-07
CRUDEOIL,LONG,2026-07-27 16:21:00,7572.0,7565.388704265306,7598.445182938776,SHA_FLIP,2026-07-27 16:25:00,7565.388704265306,STOP_LOSS,-661.1295734694068,702.88,-1364.0095734694069,4.0,2026-07
SILVER,LONG,2026-07-27 16:42:00,2280.0,2278.7527675267515,2283.7416974197454,SHA_FLIP,2026-07-27 16:59:00,2278.7527675267515,STOP_LOSS,-37.41697419745378,207.36,-244.7769741974538,17.0,2026-07
SILVER,SHORT,2026-07-27 17:00:00,2278.0,2278.672681902523,2275.981954292431,SHA_FLIP,2026-07-27 17:12:00,2278.672681902523,STOP_LOSS,-20.180457075689446,207.336,-227.51645707568946,12.0,2026-07
SILVER,LONG,2026-07-27 17:13:00,2281.0,2279.5767770040075,2285.2696689879776,SHA_FLIP,2026-07-27 17:15:00,2279.5767770040075,STOP_LOSS,-42.696689879776386,207.372,-250.0686898797764,2.0,2026-07
SILVER,SHORT,2026-07-27 17:16:00,2276.0,2278.504243236206,2268.4872702913817,SHA_FLIP,2026-07-27 17:21:00,2278.504243236206,STOP_LOSS,-75.12729708618281,207.312,-282.4392970861828,5.0,2026-07
SILVER,SHORT,2026-07-27 17:35:00,2276.0,2277.300019655555,2272.099941033335,SHA_FLIP,2026-07-27 17:41:00,2272.099941033335,TAKE_PROFIT,117.00176899994403,207.312,-90.31023100005598,6.0,2026-07
CRUDEOIL,LONG,2026-07-27 17:36:00,7613.0,7608.4543116063,7631.182753574802,SHA_FLIP,2026-07-27 17:41:00,7631.182753574802,TAKE_PROFIT,1818.275357480161,704.52,1113.755357480161,5.0,2026-07
GOLD,SHORT,2026-07-27 18:02:00,117279.0,117347.08808068658,117074.73575794027,SHA_FLIP,2026-07-27 18:05:00,117347.08808068658,STOP_LOSS,-6808.808068657527,5091.16,-11899.968068657527,3.0,2026-07
SILVER,SHORT,2026-07-27 18:03:00,2268.0,2272.737553114064,2253.7873406578074,SHA_FLIP,2026-07-27 18:05:00,2272.737553114064,STOP_LOSS,-142.12659342192637,207.216,-349.3425934219264,2.0,2026-07
SILVER,LONG,2026-07-27 18:16:00,2274.0,2268.8321180116773,2289.503645964968,SHA_FLIP,2026-07-27 18:20:00,2268.8321180116773,STOP_LOSS,-155.036459649682,207.288,-362.324459649682,4.0,2026-07
CRUDEOIL,LONG,2026-07-27 18:15:00,7642.0,7637.627739047638,7659.489043809448,SHA_FLIP,2026-07-27 18:21:00,7659.489043809448,TAKE_PROFIT,1748.9043809448049,705.6800000000001,1043.2243809448048,6.0,2026-07
GOLD,LONG,2026-07-27 18:28:00,117399.0,117377.83022658057,117462.5093202583,SHA_FLIP,2026-07-27 18:38:00,117377.83022658057,STOP_LOSS,-2116.9773419431294,5095.96,-7212.9373419431295,10.0,2026-07
SILVER,LONG,2026-07-27 18:46:00,2272.0,2269.6486147990854,2279.054155602744,SHA_FLIP,2026-07-27 18:48:00,2269.6486147990854,STOP_LOSS,-70.54155602743776,207.264,-277.8055560274378,2.0,2026-07
SILVER,SHORT,2026-07-27 18:48:00,2269.0,2271.7217071064647,2260.834878680606,SHA_FLIP,2026-07-27 19:09:00,2271.7217071064647,STOP_LOSS,-81.65121319394075,207.228,-288.87921319394076,21.0,2026-07
GOLD,SHORT,2026-07-27 19:56:00,117000.0,117034.20001468636,116897.39995594093,SHA_FLIP,2026-07-27 20:00:00,116897.39995594093,TAKE_PROFIT,10260.004405907239,5080.0,5180.004405907239,4.0,2026-07
SILVER,SHORT,2026-07-27 19:26:00,2261.0,2265.9408666251747,2246.1774001244758,SHA_FLIP,2026-07-27 20:30:00,2265.9408666251747,STOP_LOSS,-148.22599875524247,207.132,-355.3579987552425,64.0,2026-07
SILVER,LONG,2026-07-27 20:42:00,2261.0,2258.1930503323215,2269.4208490030355,SHA_FLIP,2026-07-27 20:44:00,2258.1930503323215,STOP_LOSS,-84.20849003035528,207.132,-291.3404900303553,2.0,2026-07
SILVER,SHORT,2026-07-27 20:47:00,2258.0,2260.0234084121303,2251.929774763609,SHA_FLIP,2026-07-27 20:48:00,2260.0234084121303,STOP_LOSS,-60.702252363907974,207.096,-267.798252363908,1.0,2026-07
GOLD,LONG,2026-07-27 20:42:00,117058.0,117009.6430849801,117203.07074505971,SHA_FLIP,2026-07-27 20:56:00,117009.6430849801,STOP_LOSS,-4835.691501990368,5082.320000000001,-9918.011501990368,14.0,2026-07
SILVER,LONG,2026-07-27 20:48:00,2262.0,2258.9130460428205,2271.2608618715385,SHA_FLIP,2026-07-27 21:02:00,2258.9130460428205,STOP_LOSS,-92.60861871538509,207.144,-299.7526187153851,14.0,2026-07
GOLD,SHORT,2026-07-27 21:18:00,116911.0,116928.90695837817,116857.2791248655,SHA_FLIP,2026-07-27 21:20:00,116928.90695837817,STOP_LOSS,-1790.6958378167474,5076.4400000000005,-6867.135837816748,2.0,2026-07
SILVER,LONG,2026-07-27 21:39:00,2262.0,2260.298561686109,2267.1043149416723,SHA_FLIP,2026-07-27 21:47:00,2260.298561686109,STOP_LOSS,-51.04314941672328,207.144,-258.1871494167233,8.0,2026-07
SILVER,SHORT,2026-07-27 21:47:00,2259.0,2260.5415430096737,2254.375370970979,SHA_FLIP,2026-07-27 21:49:00,2260.5415430096737,STOP_LOSS,-46.2462902902098,207.108,-253.3542902902098,2.0,2026-07
SILVER,LONG,2026-07-27 21:49:00,2269.0,2264.508796583845,2282.4736102484644,SHA_FLIP,2026-07-27 21:52:00,2264.508796583845,STOP_LOSS,-134.7361024846441,207.228,-341.9641024846441,3.0,2026-07
CRUDEOIL,SHORT,2026-07-27 19:38:00,7615.0,7623.12611387843,7582.495544486279,SHA_FLIP,2026-07-27 21:55:00,7582.495544486279,TAKE_PROFIT,3250.445551372104,704.6,2545.845551372104,137.0,2026-07
GOLD,LONG,2026-07-27 21:57:00,117153.0,117116.9562037287,117261.13138881391,SHA_FLIP,2026-07-27 22:01:00,117261.13138881391,TAKE_PROFIT,10813.138881391205,5086.12,5727.0188813912055,4.0,2026-07
GOLD,SHORT,2026-07-27 23:10:00,117043.0,117106.97468677178,116851.07593968467,SHA_FLIP,2026-07-27 23:14:00,117106.97468677178,STOP_LOSS,-6397.468677177676,5081.72,-11479.188677177677,4.0,2026-07
SILVER,SHORT,2026-07-27 22:54:00,2259.0,2264.1084936269667,2243.6745191191,SHA_FLIP,2026-07-28 09:00:00,2229.0,SESSION_END,900.0,207.108,692.892,606.0,2026-07
CRUDEOIL,LONG,2026-07-27 23:24:00,7568.0,7561.1006402018575,7595.59743919257,SHA_FLIP,2026-07-28 09:00:00,7471.0,SESSION_END,-9700.0,702.72,-10402.72,576.0,2026-07
GOLD,LONG,2026-07-27 23:26:00,117150.0,117096.23335510308,117311.29993469077,SHA_FLIP,2026-07-28 09:00:00,116511.0,SESSION_END,-63900.0,5086.0,-68986.0,574.0,2026-07
CRUDEOIL,LONG,2026-07-28 10:05:00,7531.0,7525.72368310849,7552.105267566039,SHA_FLIP,2026-07-28 10:17:00,7525.72368310849,STOP_LOSS,-527.631689150985,701.24,-1228.871689150985,12.0,2026-07
SILVER,SHORT,2026-07-28 10:51:00,2228.0,2229.3889448033324,2223.833165590003,SHA_FLIP,2026-07-28 10:52:00,2229.3889448033324,STOP_LOSS,-41.668344099971364,206.736,-248.40434409997135,1.0,2026-07
SILVER,LONG,2026-07-28 10:52:00,2230.0,2228.1295811704454,2235.611256488664,SHA_FLIP,2026-07-28 10:53:00,2228.1295811704454,STOP_LOSS,-56.11256488663912,206.76,-262.8725648866391,1.0,2026-07
CRUDEOIL,SHORT,2026-07-28 10:53:00,7504.0,7507.324718952884,7490.701124188465,SHA_FLIP,2026-07-28 11:03:00,7507.324718952884,STOP_LOSS,-332.47189528838135,700.1600000000001,-1032.6318952883814,10.0,2026-07
SILVER,SHORT,2026-07-28 10:53:00,2227.0,2229.621029652281,2219.1369110431574,SHA_FLIP,2026-07-28 11:33:00,2229.621029652281,STOP_LOSS,-78.63088956842603,206.724,-285.354889568426,40.0,2026-07
CRUDEOIL,SHORT,2026-07-28 11:57:00,7546.0,7550.721026513785,7527.115893944861,SHA_FLIP,2026-07-28 12:03:00,7527.115893944861,TAKE_PROFIT,1888.4106055138545,701.84,1186.5706055138544,6.0,2026-07
SILVER,LONG,2026-07-28 12:11:00,2234.0,2230.298127207575,2245.1056183772753,SHA_FLIP,2026-07-28 12:44:00,2230.298127207575,STOP_LOSS,-111.05618377275277,206.808,-317.86418377275277,33.0,2026-07
CRUDEOIL,SHORT,2026-07-28 13:21:00,7459.0,7462.518817347085,7444.9247306116595,SHA_FLIP,2026-07-28 13:28:00,7444.9247306116595,TAKE_PROFIT,1407.526938834053,698.36,709.166938834053,7.0,2026-07
SILVER,SHORT,2026-07-28 13:28:00,2232.0,2233.3636036974794,2227.9091889075617,SHA_FLIP,2026-07-28 13:30:00,2233.3636036974794,STOP_LOSS,-40.908110924383436,206.784,-247.69211092438343,2.0,2026-07
SILVER,LONG,2026-07-28 13:32:00,2236.0,2233.1285751070873,2244.614274678738,SHA_FLIP,2026-07-28 13:42:00,2233.1285751070873,STOP_LOSS,-86.14274678738184,206.832,-292.97474678738183,10.0,2026-07
CRUDEOIL,SHORT,2026-07-28 13:42:00,7430.0,7439.257581662925,7392.9696733483,SHA_FLIP,2026-07-28 13:49:00,7439.257581662925,STOP_LOSS,-925.7581662925077,697.2,-1622.9581662925077,7.0,2026-07
CRUDEOIL,SHORT,2026-07-28 13:55:00,7424.0,7433.448969014179,7386.204123943284,SHA_FLIP,2026-07-28 14:03:00,7433.448969014179,STOP_LOSS,-944.8969014179056,696.96,-1641.8569014179056,8.0,2026-07
CRUDEOIL,SHORT,2026-07-28 14:16:00,7410.0,7420.2801002801425,7368.87959887943,SHA_FLIP,2026-07-28 14:25:00,7420.2801002801425,STOP_LOSS,-1028.0100280142506,696.4000000000001,-1724.4100280142507,9.0,2026-07
SILVER,SHORT,2026-07-28 14:06:00,2233.0,2234.941806719289,2227.1745798421325,SHA_FLIP,2026-07-28 14:28:00,2227.1745798421325,TAKE_PROFIT,174.7626047360245,206.796,-32.03339526397548,22.0,2026-07
SILVER,SHORT,2026-07-28 14:58:00,2227.0,2228.155904316674,2223.532287049978,SHA_FLIP,2026-07-28 15:07:00,2223.532287049978,TAKE_PROFIT,104.03138850065716,206.724,-102.69261149934283,9.0,2026-07
SILVER,SHORT,2026-07-28 15:46:00,2221.0,2223.2980731727766,2214.10578048167,SHA_FLIP,2026-07-28 17:01:00,2223.2980731727766,STOP_LOSS,-68.94219518329919,206.652,-275.5941951832992,75.0,2026-07
SILVER,SHORT,2026-07-28 17:41:00,2220.0,2221.830561812944,2214.5083145611684,SHA_FLIP,2026-07-28 17:43:00,2221.830561812944,STOP_LOSS,-54.916854388316096,206.64,-261.5568543883161,2.0,2026-07
GOLD,SHORT,2026-07-28 17:44:00,115752.0,115766.26300745123,115709.21097764632,SHA_FLIP,2026-07-28 17:49:00,115766.26300745123,STOP_LOSS,-1426.3007451227168,5030.08,-6456.380745122717,5.0,2026-07
GOLD,LONG,2026-07-28 17:49:00,115814.0,115794.62616648481,115872.12150054556,SHA_FLIP,2026-07-28 18:04:00,115794.62616648481,STOP_LOSS,-1937.3833515186561,5032.56,-6969.9433515186565,15.0,2026-07
CRUDEOIL,LONG,2026-07-28 17:06:00,7500.0,7487.090005487971,7551.639978048115,SHA_FLIP,2026-07-28 18:06:00,7487.090005487971,STOP_LOSS,-1290.9994512028788,700.0,-1990.9994512028788,60.0,2026-07
GOLD,LONG,2026-07-28 18:11:00,115880.0,115846.16289511297,115981.5113146611,SHA_FLIP,2026-07-28 18:26:00,115846.16289511297,STOP_LOSS,-3383.7104887032183,5035.2,-8418.910488703219,15.0,2026-07
SILVER,LONG,2026-07-28 17:44:00,2223.0,2220.9417053916927,2229.174883824922,SHA_FLIP,2026-07-28 18:49:00,2220.9417053916927,STOP_LOSS,-61.74883824921835,206.676,-268.42483824921834,65.0,2026-07
CRUDEOIL,SHORT,2026-07-28 19:04:00,7446.0,7454.580250034915,7411.678999860342,SHA_FLIP,2026-07-28 19:06:00,7454.580250034915,STOP_LOSS,-858.025003491457,697.84,-1555.8650034914572,2.0,2026-07
CRUDEOIL,LONG,2026-07-28 19:32:00,7499.0,7492.2083315081145,7526.166673967542,SHA_FLIP,2026-07-28 19:41:00,7492.2083315081145,STOP_LOSS,-679.1668491885503,699.96,-1379.1268491885503,9.0,2026-07
CRUDEOIL,SHORT,2026-07-28 20:23:00,7470.0,7474.06769747961,7453.729210081561,SHA_FLIP,2026-07-28 20:32:00,7453.729210081561,TAKE_PROFIT,1627.0789918438822,698.8,928.2789918438823,9.0,2026-07
GOLD,LONG,2026-07-28 20:40:00,115847.0,115820.24872799598,115927.25381601207,SHA_FLIP,2026-07-28 20:41:00,115820.24872799598,STOP_LOSS,-2675.127200402494,5033.88,-7709.007200402494,1.0,2026-07
SILVER,SHORT,2026-07-28 19:48:00,2214.0,2217.1885066282025,2204.4344801153925,SHA_FLIP,2026-07-28 20:46:00,2217.1885066282025,STOP_LOSS,-95.65519884607511,206.568,-302.2231988460751,58.0,2026-07
SILVER,LONG,2026-07-28 21:11:00,2219.0,2217.0820876195135,2224.7537371414596,SHA_FLIP,2026-07-28 21:12:00,2217.0820876195135,STOP_LOSS,-57.53737141459624,206.628,-264.1653714145962,1.0,2026-07
GOLD,LONG,2026-07-28 21:07:00,115981.0,115941.9640104679,116098.1079685963,SHA_FLIP,2026-07-28 21:24:00,116098.1079685963,TAKE_PROFIT,11710.7968596305,5039.24,6671.5568596305,17.0,2026-07
CRUDEOIL,SHORT,2026-07-28 21:22:00,7294.0,7309.08532063296,7233.658717468159,SHA_FLIP,2026-07-28 22:03:00,7233.658717468159,TAKE_PROFIT,6034.128253184099,691.76,5342.368253184099,41.0,2026-07
SILVER,LONG,2026-07-28 21:38:00,2223.0,2220.992790922247,2229.021627233259,SHA_FLIP,2026-07-28 22:09:00,2220.992790922247,STOP_LOSS,-60.21627233259096,206.676,-266.89227233259095,31.0,2026-07
GOLD,LONG,2026-07-28 22:07:00,116044.0,116009.51333165988,116147.46000502036,SHA_FLIP,2026-07-28 22:10:00,116009.51333165988,STOP_LOSS,-3448.666834011965,5041.76,-8490.426834011965,3.0,2026-07
GOLD,SHORT,2026-07-28 22:15:00,116000.0,116019.06717649137,115942.79847052589,SHA_FLIP,2026-07-28 22:17:00,115942.79847052589,TAKE_PROFIT,5720.152947411407,5040.0,680.1529474114068,2.0,2026-07
SILVER,SHORT,2026-07-28 22:47:00,2218.0,2219.413527152508,2213.7594185424764,SHA_FLIP,2026-07-28 22:48:00,2219.413527152508,STOP_LOSS,-42.405814575236036,206.61599999999999,-249.02181457523602,1.0,2026-07
CRUDEOIL,LONG,2026-07-28 22:41:00,7285.0,7274.963189689969,7325.147241240124,SHA_FLIP,2026-07-28 22:50:00,7274.963189689969,STOP_LOSS,-1003.6810310030887,691.4000000000001,-1695.0810310030888,9.0,2026-07
SILVER,LONG,2026-07-28 22:48:00,2221.0,2218.7749431344932,2227.6751705965203,SHA_FLIP,2026-07-28 22:50:00,2218.7749431344932,STOP_LOSS,-66.75170596520275,206.652,-273.40370596520273,2.0,2026-07
GOLD,SHORT,2026-07-28 22:44:00,115869.0,115911.35793307277,115741.9262007817,SHA_FLIP,2026-07-28 22:51:00,115911.35793307277,STOP_LOSS,-4235.793307276617,5034.76,-9270.553307276617,7.0,2026-07
CRUDEOIL,LONG,2026-07-28 23:02:00,7306.0,7297.781390731246,7338.874437075017,SHA_FLIP,2026-07-28 23:07:00,7297.781390731246,STOP_LOSS,-821.8609268754335,692.24,-1514.1009268754335,5.0,2026-07
GOLD,SHORT,2026-07-28 23:17:00,115670.0,115738.37978178416,115464.86065464753,SHA_FLIP,2026-07-28 23:23:00,115738.37978178416,STOP_LOSS,-6837.978178415506,5026.8,-11864.778178415505,6.0,2026-07
CRUDEOIL,LONG,2026-07-28 23:23:00,7311.0,7305.457732658539,7333.169069365846,SHA_FLIP,2026-07-29 09:00:00,7538.0,SESSION_END,22700.0,692.44,22007.56,577.0,2026-07
SILVER,SHORT,2026-07-28 22:51:00,2217.0,2220.8928740543756,2205.321377836873,SHA_FLIP,2026-07-29 09:00:00,2220.0,SESSION_END,-90.0,206.604,-296.60400000000004,609.0,2026-07
SILVER,LONG,2026-07-29 09:30:00,2221.0,2218.841063804095,2227.476808587715,SHA_FLIP,2026-07-29 09:31:00,2218.841063804095,STOP_LOSS,-64.76808587714913,206.652,-271.4200858771491,1.0,2026-07
SILVER,SHORT,2026-07-29 09:31:00,2218.0,2222.4436175779365,2204.6691472661905,SHA_FLIP,2026-07-29 10:32:00,2222.4436175779365,STOP_LOSS,-133.3085273380948,206.61599999999999,-339.9245273380948,61.0,2026-07
SILVER,LONG,2026-07-29 11:12:00,2231.0,2227.850548963539,2240.448353109383,SHA_FLIP,2026-07-29 11:26:00,2227.850548963539,STOP_LOSS,-94.48353109382879,206.772,-301.2555310938288,14.0,2026-07
CRUDEOIL,LONG,2026-07-29 11:10:00,7497.0,7493.533430120872,7510.866279516511,SHA_FLIP,2026-07-29 11:41:00,7510.866279516511,TAKE_PROFIT,1386.6279516510986,699.88,686.7479516510986,31.0,2026-07
SILVER,SHORT,2026-07-29 11:53:00,2227.0,2230.1837602313813,2217.4487193058562,SHA_FLIP,2026-07-29 12:26:00,2230.1837602313813,STOP_LOSS,-95.5128069414377,206.724,-302.2368069414377,33.0,2026-07
SILVER,LONG,2026-07-29 12:41:00,2232.0,2229.8801989503904,2238.3594031488287,SHA_FLIP,2026-07-29 13:20:00,2229.8801989503904,STOP_LOSS,-63.59403148828733,206.784,-270.3780314882873,39.0,2026-07
SILVER,SHORT,2026-07-29 13:51:00,2225.0,2227.5124771277247,2217.462568616826,SHA_FLIP,2026-07-29 14:25:00,2227.5124771277247,STOP_LOSS,-75.37431383173953,206.7,-282.0743138317395,34.0,2026-07
CRUDEOIL,LONG,2026-07-29 14:15:00,7482.0,7476.59959524138,7503.601619034482,SHA_FLIP,2026-07-29 14:29:00,7476.59959524138,STOP_LOSS,-540.0404758620425,699.28,-1239.3204758620425,14.0,2026-07
SILVER,LONG,2026-07-29 14:47:00,2227.0,2226.310323472811,2229.069029581567,SHA_FLIP,2026-07-29 14:48:00,2226.310323472811,STOP_LOSS,-20.690295815670652,206.724,-227.41429581567064,1.0,2026-07
SILVER,SHORT,2026-07-29 14:48:00,2225.0,2226.264386323564,2221.206841029308,SHA_FLIP,2026-07-29 14:50:00,2226.264386323564,STOP_LOSS,-37.9315897069182,206.7,-244.6315897069182,2.0,2026-07
SILVER,LONG,2026-07-29 14:50:00,2228.0,2226.050305383634,2233.8490838490975,SHA_FLIP,2026-07-29 14:57:00,2226.050305383634,STOP_LOSS,-58.490838490974966,206.736,-265.22683849097496,7.0,2026-07
CRUDEOIL,LONG,2026-07-29 14:58:00,7493.0,7489.366444860107,7507.534220559573,SHA_FLIP,2026-07-29 15:04:00,7507.534220559573,TAKE_PROFIT,1453.4220559573441,699.72,753.7020559573441,6.0,2026-07
SILVER,SHORT,2026-07-29 15:15:00,2224.0,2225.4649351766484,2219.605194470055,SHA_FLIP,2026-07-29 15:20:00,2225.4649351766484,STOP_LOSS,-43.94805529945188,206.688,-250.63605529945187,5.0,2026-07
SILVER,LONG,2026-07-29 15:22:00,2228.0,2225.799776805716,2234.6006695828514,SHA_FLIP,2026-07-29 15:29:00,2225.799776805716,STOP_LOSS,-66.00669582851424,206.736,-272.74269582851423,7.0,2026-07
CRUDEOIL,LONG,2026-07-29 15:27:00,7521.0,7515.950006559423,7541.199973762308,SHA_FLIP,2026-07-29 15:30:00,7515.950006559423,STOP_LOSS,-504.99934405770546,700.84,-1205.8393440577056,3.0,2026-07
SILVER,SHORT,2026-07-29 15:29:00,2224.0,2226.5102783649436,2216.4691649051692,SHA_FLIP,2026-07-29 16:12:00,2216.4691649051692,TAKE_PROFIT,225.9250528449229,206.688,19.237052844922914,43.0,2026-07
CRUDEOIL,LONG,2026-07-29 15:36:00,7540.0,7529.738092613655,7581.047629545381,SHA_FLIP,2026-07-29 16:12:00,7581.047629545381,TAKE_PROFIT,4104.762954538091,701.6,3403.1629545380915,36.0,2026-07
SILVER,SHORT,2026-07-29 16:23:00,2215.0,2218.1234143289275,2205.6297570132174,SHA_FLIP,2026-07-29 16:40:00,2218.1234143289275,STOP_LOSS,-93.70242986782614,206.58,-300.2824298678262,17.0,2026-07
CRUDEOIL,LONG,2026-07-29 16:49:00,7593.0,7590.729402258354,7602.082390966585,SHA_FLIP,2026-07-29 16:58:00,7590.729402258354,STOP_LOSS,-227.05977416462702,703.72,-930.779774164627,9.0,2026-07
CRUDEOIL,SHORT,2026-07-29 16:58:00,7578.0,7581.626338403279,7563.494646386884,SHA_FLIP,2026-07-29 17:17:00,7563.494646386884,TAKE_PROFIT,1450.5353613116313,703.12,747.4153613116313,19.0,2026-07
SILVER,LONG,2026-07-29 17:09:00,2222.0,2220.1226939978496,2227.631918006451,SHA_FLIP,2026-07-29 17:21:00,2220.1226939978496,STOP_LOSS,-56.319180064510874,206.664,-262.98318006451086,12.0,2026-07
SILVER,SHORT,2026-07-29 17:44:00,2218.0,2219.1603543060346,2214.518937081896,SHA_FLIP,2026-07-29 17:46:00,2214.518937081896,TAKE_PROFIT,104.4318875431145,206.61599999999999,-102.18411245688549,2.0,2026-07
GOLD,SHORT,2026-07-29 17:41:00,115681.0,115715.60939693278,115577.17180920167,SHA_FLIP,2026-07-29 17:49:00,115577.17180920167,TAKE_PROFIT,10382.81907983328,5027.24,5355.57907983328,8.0,2026-07
SILVER,SHORT,2026-07-29 18:26:00,2209.0,2211.5163421680863,2201.450973495741,SHA_FLIP,2026-07-29 18:30:00,2211.5163421680863,STOP_LOSS,-75.49026504259018,206.508,-281.9982650425902,4.0,2026-07
GOLD,SHORT,2026-07-29 18:19:00,115537.0,115560.0255884436,115467.92323466919,SHA_FLIP,2026-07-29 18:31:00,115560.0255884436,STOP_LOSS,-2302.5588443604647,5021.4800000000005,-7324.038844360465,12.0,2026-07
GOLD,SHORT,2026-07-29 18:36:00,115480.0,115521.46567786463,115355.6029664061,SHA_FLIP,2026-07-29 18:42:00,115355.6029664061,TAKE_PROFIT,12439.703359389387,5019.2,7420.503359389387,6.0,2026-07
CRUDEOIL,LONG,2026-07-29 19:03:00,7650.0,7645.299892535163,7668.800429859348,SHA_FLIP,2026-07-29 19:10:00,7645.299892535163,STOP_LOSS,-470.0107464836947,706.0,-1176.0107464836947,7.0,2026-07
GOLD,SHORT,2026-07-29 19:00:00,115366.0,115408.40609422291,115238.78171733127,SHA_FLIP,2026-07-29 19:21:00,115238.78171733127,TAKE_PROFIT,12721.82826687349,5014.64,7707.18826687349,21.0,2026-07
CRUDEOIL,LONG,2026-07-29 19:17:00,7665.0,7654.256363622439,7707.974545510246,SHA_FLIP,2026-07-29 19:52:00,7654.256363622439,STOP_LOSS,-1074.3636377561415,706.6,-1780.9636377561415,35.0,2026-07
CRUDEOIL,LONG,2026-07-29 19:58:00,7675.0,7670.283799227195,7693.864803091219,SHA_FLIP,2026-07-29 20:00:00,7693.864803091219,TAKE_PROFIT,1886.4803091219073,707.0,1179.4803091219073,2.0,2026-07
SILVER,LONG,2026-07-29 20:03:00,2209.0,2205.338967677916,2219.9830969662517,SHA_FLIP,2026-07-29 20:09:00,2205.338967677916,STOP_LOSS,-109.83096966251651,206.508,-316.33896966251655,6.0,2026-07
GOLD,SHORT,2026-07-29 19:59:00,115064.0,115103.40869270857,114945.77392187428,SHA_FLIP,2026-07-29 20:13:00,114945.77392187428,TAKE_PROFIT,11822.607812572096,5002.56,6820.047812572096,14.0,2026-07
SILVER,SHORT,2026-07-29 20:49:00,2203.0,2205.0578069852586,2196.826579044224,SHA_FLIP,2026-07-29 20:52:00,2205.0578069852586,STOP_LOSS,-61.73420955775782,206.436,-268.17020955775786,3.0,2026-07
CRUDEOIL,SHORT,2026-07-29 20:56:00,7718.0,7722.266357310736,7700.934570757057,SHA_FLIP,2026-07-29 20:58:00,7700.934570757057,TAKE_PROFIT,1706.5429242942628,708.72,997.8229242942627,2.0,2026-07
SILVER,LONG,2026-07-29 21:10:00,2208.0,2206.1967811310096,2213.409656606971,SHA_FLIP,2026-07-29 21:11:00,2206.1967811310096,STOP_LOSS,-54.096566069711116,206.496,-260.5925660697111,1.0,2026-07
GOLD,LONG,2026-07-29 21:14:00,115290.0,115252.22961724357,115403.31114826928,SHA_FLIP,2026-07-29 21:16:00,115252.22961724357,STOP_LOSS,-3777.0382756425533,5011.6,-8788.638275642554,2.0,2026-07
SILVER,LONG,2026-07-29 21:22:00,2207.0,2204.898863338401,2213.303409984797,SHA_FLIP,2026-07-29 21:26:00,2204.898863338401,STOP_LOSS,-63.03409984796872,206.484,-269.51809984796876,4.0,2026-07
CRUDEOIL,LONG,2026-07-29 21:47:00,7732.0,7727.765296398802,7748.938814404792,SHA_FLIP,2026-07-29 21:48:00,7727.765296398802,STOP_LOSS,-423.4703601197907,709.28,-1132.7503601197907,1.0,2026-07
SILVER,SHORT,2026-07-29 21:46:00,2203.0,2204.8249572760296,2197.525128171911,SHA_FLIP,2026-07-29 21:49:00,2204.8249572760296,STOP_LOSS,-54.74871828088908,206.436,-261.1847182808891,3.0,2026-07
CRUDEOIL,SHORT,2026-07-29 21:48:00,7704.0,7713.2700764543715,7666.919694182514,SHA_FLIP,2026-07-29 22:09:00,7713.2700764543715,STOP_LOSS,-927.007645437152,708.1600000000001,-1635.167645437152,21.0,2026-07
GOLD,LONG,2026-07-29 22:14:00,115281.0,115255.05295741826,115358.84112774523,SHA_FLIP,2026-07-29 22:18:00,115255.05295741826,STOP_LOSS,-2594.70425817417,5011.24,-7605.94425817417,4.0,2026-07
SILVER,LONG,2026-07-29 21:53:00,2206.0,2203.9981125550808,2212.0056623347577,SHA_FLIP,2026-07-29 22:25:00,2212.0056623347577,TAKE_PROFIT,180.16987004273233,206.472,-26.30212995726768,32.0,2026-07
GOLD,LONG,2026-07-29 22:22:00,115334.0,115294.02856289936,115453.91431130192,SHA_FLIP,2026-07-29 22:27:00,115453.91431130192,TAKE_PROFIT,11991.431130192359,5013.360000000001,6978.071130192358,5.0,2026-07
CRUDEOIL,SHORT,2026-07-29 22:34:00,7702.0,7704.738995666052,7691.044017335793,SHA_FLIP,2026-07-29 22:49:00,7704.738995666052,STOP_LOSS,-273.8995666051778,708.08,-981.9795666051779,15.0,2026-07
CRUDEOIL,SHORT,2026-07-29 22:59:00,7700.0,7702.192382598727,7691.230469605092,SHA_FLIP,2026-07-29 23:02:00,7702.192382598727,STOP_LOSS,-219.23825987269083,708.0,-927.2382598726908,3.0,2026-07
CRUDEOIL,LONG,2026-07-29 23:03:00,7715.0,7711.163128110573,7730.3474875577085,SHA_FLIP,2026-07-29 23:09:00,7711.163128110573,STOP_LOSS,-383.68718894271296,708.6,-1092.2871889427129,6.0,2026-07
GOLD,LONG,2026-07-29 23:11:00,115698.0,115644.1763962834,115859.47081114982,SHA_FLIP,2026-07-29 23:13:00,115644.1763962834,STOP_LOSS,-5382.360371660616,5027.92,-10410.280371660616,2.0,2026-07
CRUDEOIL,LONG,2026-07-29 23:19:00,7710.0,7702.989347628728,7738.042609485088,SHA_FLIP,2026-07-29 23:20:00,7702.989347628728,STOP_LOSS,-701.0652371272045,708.4000000000001,-1409.4652371272045,1.0,2026-07
CRUDEOIL,SHORT,2026-07-29 23:20:00,7695.0,7704.075898721769,7658.696405112925,SHA_FLIP,2026-07-29 23:29:00,7704.075898721769,STOP_LOSS,-907.5898721768681,707.8,-1615.389872176868,9.0,2026-07
GOLD,LONG,2026-07-29 23:26:00,115779.0,115693.95239648022,116034.14281055934,SHA_FLIP,2026-07-30 09:00:00,115826.0,SESSION_END,4700.0,5031.16,-331.15999999999985,574.0,2026-07
SILVER,LONG,2026-07-29 23:29:00,2222.0,2219.7483705574155,2228.7548883277536,SHA_FLIP,2026-07-30 09:00:00,2220.0,SESSION_END,-60.0,206.664,-266.664,571.0,2026-07
CRUDEOIL,LONG,2026-07-29 23:29:00,7720.0,7713.178151834723,7747.287392661106,SHA_FLIP,2026-07-30 09:00:00,7653.0,SESSION_END,-6700.0,708.8,-7408.8,571.0,2026-07
CRUDEOIL,SHORT,2026-07-30 09:34:00,7634.0,7639.222001326826,7613.111994692696,SHA_FLIP,2026-07-30 10:21:00,7639.222001326826,STOP_LOSS,-522.2001326826103,705.36,-1227.5601326826104,47.0,2026-07
SILVER,SHORT,2026-07-30 09:27:00,2216.0,2219.0810753620085,2206.7567739139745,SHA_FLIP,2026-07-30 10:37:00,2206.7567739139745,TAKE_PROFIT,277.29678258076547,206.592,70.70478258076545,70.0,2026-07
CRUDEOIL,LONG,2026-07-30 10:21:00,7645.0,7642.793735515188,7653.825057939248,SHA_FLIP,2026-07-30 10:40:00,7653.825057939248,TAKE_PROFIT,882.5057939247927,705.8,176.70579392479272,19.0,2026-07
SILVER,SHORT,2026-07-30 10:49:00,2206.0,2209.0964097590368,2196.7107707228897,SHA_FLIP,2026-07-30 10:51:00,2209.0964097590368,STOP_LOSS,-92.8922927711028,206.472,-299.3642927711028,2.0,2026-07
CRUDEOIL,LONG,2026-07-30 11:25:00,7735.0,7725.435312438555,7773.258750245779,SHA_FLIP,2026-07-30 11:32:00,7725.435312438555,STOP_LOSS,-956.4687561444771,709.4000000000001,-1665.8687561444772,7.0,2026-07
SILVER,SHORT,2026-07-30 11:07:00,2206.0,2210.040871946671,2193.8773841599873,SHA_FLIP,2026-07-30 11:55:00,2210.040871946671,STOP_LOSS,-121.22615840012713,206.472,-327.6981584001271,48.0,2026-07
SILVER,LONG,2026-07-30 12:13:00,2211.0,2209.6734974116075,2214.9795077651775,SHA_FLIP,2026-07-30 12:26:00,2209.6734974116075,STOP_LOSS,-39.79507765177459,206.532,-246.3270776517746,13.0,2026-07
SILVER,SHORT,2026-07-30 12:27:00,2208.0,2209.9911815518294,2202.0264553445118,SHA_FLIP,2026-07-30 12:30:00,2209.9911815518294,STOP_LOSS,-59.7354465548824,206.496,-266.2314465548824,3.0,2026-07
CRUDEOIL,SHORT,2026-07-30 12:03:00,7717.0,7723.499043804243,7691.003824783027,SHA_FLIP,2026-07-30 12:31:00,7691.003824783027,TAKE_PROFIT,2599.6175216972915,708.6800000000001,1890.9375216972915,28.0,2026-07
CRUDEOIL,SHORT,2026-07-30 12:31:00,7660.0,7670.207252073394,7619.170991706425,SHA_FLIP,2026-07-30 12:47:00,7670.207252073394,STOP_LOSS,-1020.7252073393647,706.4000000000001,-1727.1252073393648,16.0,2026-07
CRUDEOIL,SHORT,2026-07-30 12:50:00,7659.0,7667.436472778138,7625.25410888745,SHA_FLIP,2026-07-30 13:00:00,7667.436472778138,STOP_LOSS,-843.6472778137613,706.36,-1550.0072778137614,10.0,2026-07
SILVER,LONG,2026-07-30 12:32:00,2211.0,2208.8923960205125,2217.3228119384626,SHA_FLIP,2026-07-30 13:08:00,2208.8923960205125,STOP_LOSS,-63.22811938462564,206.532,-269.7601193846257,36.0,2026-07
SILVER,LONG,2026-07-30 14:18:00,2221.0,2218.828884844734,2227.5133454657976,SHA_FLIP,2026-07-30 14:19:00,2218.828884844734,STOP_LOSS,-65.13345465797556,206.652,-271.78545465797555,1.0,2026-07
SILVER,LONG,2026-07-30 14:31:00,2219.0,2217.9389071939295,2222.1832784182116,SHA_FLIP,2026-07-30 14:34:00,2222.1832784182116,TAKE_PROFIT,95.49835254634672,206.628,-111.12964745365326,3.0,2026-07
CRUDEOIL,SHORT,2026-07-30 14:36:00,7615.0,7622.954279556675,7583.1828817733,SHA_FLIP,2026-07-30 15:30:00,7622.954279556675,STOP_LOSS,-795.4279556674919,704.6,-1500.0279556674918,54.0,2026-07
CRUDEOIL,SHORT,2026-07-30 15:50:00,7600.0,7608.770257739009,7564.918969043963,SHA_FLIP,2026-07-30 15:51:00,7608.770257739009,STOP_LOSS,-877.0257739009139,704.0,-1581.025773900914,1.0,2026-07
SILVER,LONG,2026-07-30 14:46:00,2221.0,2217.999866065004,2230.000401804988,SHA_FLIP,2026-07-30 16:01:00,2230.000401804988,TAKE_PROFIT,270.0120541496426,206.652,63.36005414964262,75.0,2026-07
CRUDEOIL,SHORT,2026-07-30 17:02:00,7565.0,7571.828243925034,7537.687024299863,SHA_FLIP,2026-07-30 17:29:00,7571.828243925034,STOP_LOSS,-682.8243925034258,702.6,-1385.4243925034257,27.0,2026-07
GOLD,LONG,2026-07-30 17:35:00,116351.0,116316.32374761168,116455.02875716497,SHA_FLIP,2026-07-30 17:45:00,116316.32374761168,STOP_LOSS,-3467.625238832261,5054.04,-8521.665238832262,10.0,2026-07
GOLD,LONG,2026-07-30 17:55:00,116418.0,116369.14742573,116564.55772281,SHA_FLIP,2026-07-30 17:59:00,116369.14742573,STOP_LOSS,-4885.257427000033,5056.72,-9941.977427000034,4.0,2026-07
GOLD,LONG,2026-07-30 18:08:00,116360.0,116285.31188425171,116584.06434724486,SHA_FLIP,2026-07-30 18:22:00,116285.31188425171,STOP_LOSS,-7468.811574828578,5054.400000000001,-12523.21157482858,14.0,2026-07
GOLD,LONG,2026-07-30 19:07:00,116499.0,116425.52251116071,116719.43246651786,SHA_FLIP,2026-07-30 19:09:00,116425.52251116071,STOP_LOSS,-7347.74888392858,5059.96,-12407.708883928579,2.0,2026-07
SILVER,SHORT,2026-07-30 18:16:00,2229.0,2231.456859796903,2221.6294206092916,SHA_FLIP,2026-07-30 19:18:00,2231.456859796903,STOP_LOSS,-73.70579390708372,206.748,-280.4537939070837,62.0,2026-07
CRUDEOIL,SHORT,2026-07-30 19:09:00,7565.0,7566.063467881734,7560.746128473063,SHA_FLIP,2026-07-30 19:31:00,7566.063467881734,STOP_LOSS,-106.3467881734141,702.6,-808.9467881734141,22.0,2026-07
CRUDEOIL,LONG,2026-07-30 19:31:00,7568.0,7567.354346883527,7570.582612465892,SHA_FLIP,2026-07-30 19:33:00,7567.354346883527,STOP_LOSS,-64.56531164731132,702.72,-767.2853116473113,2.0,2026-07
CRUDEOIL,SHORT,2026-07-30 19:33:00,7560.0,7562.084957229707,7551.660171081174,SHA_FLIP,2026-07-30 19:34:00,7551.660171081174,TAKE_PROFIT,833.9828918826242,702.4000000000001,131.58289188262415,1.0,2026-07
SILVER,LONG,2026-07-30 20:22:00,2232.0,2229.0194262660534,2240.9417212018398,SHA_FLIP,2026-07-30 20:36:00,2229.0194262660534,STOP_LOSS,-89.41721201839755,206.784,-296.20121201839754,14.0,2026-07
CRUDEOIL,LONG,2026-07-30 19:56:00,7579.0,7572.995271202239,7603.018915191045,SHA_FLIP,2026-07-30 20:43:00,7603.018915191045,TAKE_PROFIT,2401.891519104538,703.1600000000001,1698.731519104538,47.0,2026-07
SILVER,LONG,2026-07-30 20:49:00,2232.0,2229.651863887668,2239.0444083369966,SHA_FLIP,2026-07-30 21:34:00,2239.0444083369966,TAKE_PROFIT,211.33225010989918,206.784,4.548250109899186,45.0,2026-07
GOLD,LONG,2026-07-30 21:30:00,116649.0,116636.21214884626,116687.36355346123,SHA_FLIP,2026-07-30 21:35:00,116687.36355346123,TAKE_PROFIT,3836.355346122582,5065.96,-1229.604653877418,5.0,2026-07
GOLD,LONG,2026-07-30 21:44:00,116662.0,116613.42341832707,116807.72974501878,SHA_FLIP,2026-07-30 22:07:00,116613.42341832707,STOP_LOSS,-4857.658167292539,5066.4800000000005,-9924.138167292538,23.0,2026-07
GOLD,LONG,2026-07-30 22:50:00,116714.0,116677.15068275304,116824.54795174088,SHA_FLIP,2026-07-30 22:51:00,116677.15068275304,STOP_LOSS,-3684.931724696071,5068.56,-8753.491724696072,1.0,2026-07
SILVER,SHORT,2026-07-30 22:38:00,2234.0,2235.1406079402773,2230.578176179168,SHA_FLIP,2026-07-30 22:54:00,2235.1406079402773,STOP_LOSS,-34.218238208318326,206.808,-241.02623820831832,16.0,2026-07
GOLD,LONG,2026-07-30 22:54:00,116739.0,116696.29269432316,116867.12191703053,SHA_FLIP,2026-07-30 22:59:00,116696.29269432316,STOP_LOSS,-4270.7305676842225,5069.56,-9340.290567684224,5.0,2026-07
GOLD,SHORT,2026-07-30 23:01:00,116655.0,116720.20037248929,116459.39888253214,SHA_FLIP,2026-07-30 23:02:00,116720.20037248929,STOP_LOSS,-6520.0372489285655,5066.2,-11586.237248928566,1.0,2026-07
SILVER,SHORT,2026-07-30 23:05:00,2232.0,2235.4271289511594,2221.718613146522,SHA_FLIP,2026-07-30 23:06:00,2235.4271289511594,STOP_LOSS,-102.81386853478125,206.784,-309.59786853478124,1.0,2026-07
CRUDEOIL,LONG,2026-07-30 22:07:00,7580.0,7574.162740423383,7603.349038306467,SHA_FLIP,2026-07-30 23:07:00,7603.349038306467,TAKE_PROFIT,2334.9038306467264,703.2,1631.7038306467264,60.0,2026-07
CRUDEOIL,LONG,2026-07-30 23:07:00,7615.0,7609.063852981137,7638.744588075453,SHA_FLIP,2026-07-30 23:09:00,7609.063852981137,STOP_LOSS,-593.6147018863267,704.6,-1298.2147018863266,2.0,2026-07
GOLD,LONG,2026-07-30 23:21:00,116767.0,116722.56909526681,116900.29271419958,SHA_FLIP,2026-07-30 23:23:00,116722.56909526681,STOP_LOSS,-4443.090473319171,5070.68,-9513.770473319171,2.0,2026-07
CRUDEOIL,SHORT,2026-07-30 23:21:00,7586.0,7596.057369472238,7545.770522111048,SHA_FLIP,2026-07-30 23:28:00,7596.057369472238,STOP_LOSS,-1005.7369472237951,703.44,-1709.1769472237952,7.0,2026-07
GOLD,SHORT,2026-07-30 23:28:00,116701.0,116741.1455971086,116580.56320867421,SHA_FLIP,2026-07-31 09:00:00,116250.0,SESSION_END,45100.0,5068.04,40031.96,572.0,2026-07
SILVER,LONG,2026-07-30 23:07:00,2237.0,2232.2702898100183,2251.189130569945,SHA_FLIP,2026-07-31 09:00:00,2229.0,SESSION_END,-240.0,206.844,-446.844,593.0,2026-07
CRUDEOIL,SHORT,2026-07-31 10:06:00,7466.0,7467.99290888743,7458.0283644502815,SHA_FLIP,2026-07-31 10:08:00,7467.99290888743,STOP_LOSS,-199.29088874296212,698.64,-897.9308887429621,2.0,2026-07
SILVER,LONG,2026-07-31 10:28:00,2236.0,2233.180574636828,2244.4582760895155,SHA_FLIP,2026-07-31 10:45:00,2233.180574636828,STOP_LOSS,-84.58276089515493,206.832,-291.4147608951549,17.0,2026-07
SILVER,LONG,2026-07-31 10:54:00,2236.0,2234.351977794868,2240.9440666153955,SHA_FLIP,2026-07-31 10:55:00,2234.351977794868,STOP_LOSS,-49.440666153955135,206.832,-256.27266615395513,1.0,2026-07
CRUDEOIL,SHORT,2026-07-31 10:54:00,7434.0,7438.285898581933,7416.856405672268,SHA_FLIP,2026-07-31 11:01:00,7416.856405672268,TAKE_PROFIT,1714.359432773199,697.36,1016.9994327731989,7.0,2026-07
SILVER,SHORT,2026-07-31 10:55:00,2234.0,2236.0837981031113,2227.748605690666,SHA_FLIP,2026-07-31 11:05:00,2236.0837981031113,STOP_LOSS,-62.51394309334046,206.808,-269.32194309334045,10.0,2026-07
SILVER,LONG,2026-07-31 11:05:00,2237.0,2234.545274760052,2244.364175719844,SHA_FLIP,2026-07-31 11:14:00,2234.545274760052,STOP_LOSS,-73.64175719843843,206.844,-280.4857571984384,9.0,2026-07
CRUDEOIL,LONG,2026-07-31 11:50:00,7458.0,7450.505792502188,7487.976829991247,SHA_FLIP,2026-07-31 12:02:00,7450.505792502188,STOP_LOSS,-749.4207497811658,698.3199999999999,-1447.7407497811657,12.0,2026-07
SILVER,LONG,2026-07-31 11:58:00,2234.0,2231.9163026123197,2240.251092163041,SHA_FLIP,2026-07-31 12:11:00,2231.9163026123197,STOP_LOSS,-62.51092163040994,206.808,-269.31892163040993,13.0,2026-07
SILVER,SHORT,2026-07-31 12:53:00,2227.0,2229.5020743645473,2219.493776906358,SHA_FLIP,2026-07-31 13:15:00,2229.5020743645473,STOP_LOSS,-75.06223093641893,206.724,-281.7862309364189,22.0,2026-07
CRUDEOIL,SHORT,2026-07-31 13:26:00,7459.0,7467.857036522685,7423.5718539092595,SHA_FLIP,2026-07-31 13:53:00,7467.857036522685,STOP_LOSS,-885.7036522685121,698.36,-1584.0636522685122,27.0,2026-07
CRUDEOIL,LONG,2026-07-31 14:43:00,7515.0,7510.971006897285,7531.115972410858,SHA_FLIP,2026-07-31 14:50:00,7531.115972410858,TAKE_PROFIT,1611.5972410858376,700.6,910.9972410858376,7.0,2026-07
CRUDEOIL,LONG,2026-07-31 15:03:00,7554.0,7543.643482812239,7595.426068751043,SHA_FLIP,2026-07-31 15:33:00,7595.426068751043,TAKE_PROFIT,4142.60687510432,702.1600000000001,3440.4468751043205,30.0,2026-07
CRUDEOIL,LONG,2026-07-31 16:05:00,7590.0,7586.891289929628,7602.434840281487,SHA_FLIP,2026-07-31 16:08:00,7602.434840281487,TAKE_PROFIT,1243.4840281486686,703.6,539.8840281486686,3.0,2026-07
CRUDEOIL,LONG,2026-07-31 16:28:00,7608.0,7598.897896715278,7644.408413138888,SHA_FLIP,2026-07-31 16:33:00,7598.897896715278,STOP_LOSS,-910.2103284722034,704.3199999999999,-1614.5303284722033,5.0,2026-07
CRUDEOIL,LONG,2026-07-31 16:35:00,7607.0,7596.85278620095,7647.588855196202,SHA_FLIP,2026-07-31 16:43:00,7596.85278620095,STOP_LOSS,-1014.7213799050405,704.28,-1719.0013799050405,8.0,2026-07
CRUDEOIL,LONG,2026-07-31 16:46:00,7625.0,7611.342378269706,7679.630486921174,SHA_FLIP,2026-07-31 18:27:00,7679.630486921174,TAKE_PROFIT,5463.048692117445,705.0,4758.048692117445,101.0,2026-07
SILVER,SHORT,2026-07-31 14:00:00,2225.0,2228.607532687993,2214.1774019360205,SHA_FLIP,2026-07-31 18:30:00,2214.1774019360205,TAKE_PROFIT,324.6779419193854,206.7,117.97794191938539,270.0,2026-07
CRUDEOIL,LONG,2026-07-31 18:39:00,7677.0,7668.914749723079,7709.341001107685,SHA_FLIP,2026-07-31 18:40:00,7668.914749723079,STOP_LOSS,-808.5250276921215,707.08,-1515.6050276921214,1.0,2026-07
CRUDEOIL,LONG,2026-07-31 18:44:00,7675.0,7666.829026724518,7707.6838931019265,SHA_FLIP,2026-07-31 19:00:00,7666.829026724518,STOP_LOSS,-817.0973275481629,707.0,-1524.0973275481629,16.0,2026-07
CRUDEOIL,SHORT,2026-07-31 19:00:00,7663.0,7667.938955811307,7643.244176754772,SHA_FLIP,2026-07-31 19:12:00,7667.938955811307,STOP_LOSS,-493.8955811307096,706.52,-1200.4155811307096,12.0,2026-07
CRUDEOIL,LONG,2026-07-31 19:12:00,7695.0,7687.713129397109,7724.147482411565,SHA_FLIP,2026-07-31 19:14:00,7687.713129397109,STOP_LOSS,-728.6870602891213,707.8,-1436.4870602891212,2.0,2026-07
CRUDEOIL,SHORT,2026-07-31 19:27:00,7659.0,7664.716884240211,7636.132463039157,SHA_FLIP,2026-07-31 19:39:00,7636.132463039157,TAKE_PROFIT,2286.75369608427,706.36,1580.3936960842698,12.0,2026-07
GOLD,SHORT,2026-07-31 19:36:00,115702.0,115752.83569610969,115549.49291167094,SHA_FLIP,2026-07-31 19:49:00,115752.83569610969,STOP_LOSS,-5083.569610968698,5028.08,-10111.649610968698,13.0,2026-07
SILVER,SHORT,2026-07-31 19:00:00,2212.0,2215.931196782928,2200.206409651216,SHA_FLIP,2026-07-31 20:07:00,2215.931196782928,STOP_LOSS,-117.93590348784164,206.544,-324.4799034878416,67.0,2026-07
SILVER,SHORT,2026-07-31 20:43:00,2215.0,2216.5635465381906,2210.309360385428,SHA_FLIP,2026-07-31 20:45:00,2216.5635465381906,STOP_LOSS,-46.906396145718645,206.58,-253.48639614571866,2.0,2026-07
SILVER,LONG,2026-07-31 20:45:00,2218.0,2215.8256028224255,2224.5231915327236,SHA_FLIP,2026-07-31 20:48:00,2215.8256028224255,STOP_LOSS,-65.23191532723558,206.61599999999999,-271.84791532723557,3.0,2026-07
CRUDEOIL,LONG,2026-07-31 20:17:00,7673.0,7664.333927000968,7707.664291996127,SHA_FLIP,2026-07-31 20:49:00,7664.333927000968,STOP_LOSS,-866.6072999031712,706.9200000000001,-1573.5272999031713,32.0,2026-07
GOLD,LONG,2026-07-31 20:47:00,115990.0,115957.84138338188,116086.47584985437,SHA_FLIP,2026-07-31 20:50:00,115957.84138338188,STOP_LOSS,-3215.8616618122323,5039.6,-8255.461661812233,3.0,2026-07
GOLD,SHORT,2026-07-31 20:51:00,115917.0,115947.79619257739,115824.61142226784,SHA_FLIP,2026-07-31 21:03:00,115824.61142226784,TAKE_PROFIT,9238.857773215568,5036.68,4202.177773215568,12.0,2026-07
SILVER,LONG,2026-07-31 21:09:00,2217.0,2214.6353325483624,2224.094002354913,SHA_FLIP,2026-07-31 21:16:00,2214.6353325483624,STOP_LOSS,-70.94002354912845,206.604,-277.5440235491285,7.0,2026-07
GOLD,LONG,2026-07-31 21:31:00,115930.0,115917.37801206243,115967.86596381271,SHA_FLIP,2026-07-31 21:35:00,115917.37801206243,STOP_LOSS,-1262.1987937571248,5037.2,-6299.398793757125,4.0,2026-07
GOLD,SHORT,2026-07-31 21:37:00,115884.0,115897.55304691139,115843.34085926584,SHA_FLIP,2026-07-31 21:41:00,115897.55304691139,STOP_LOSS,-1355.3046911387355,5035.360000000001,-6390.664691138736,4.0,2026-07
GOLD,LONG,2026-07-31 21:42:00,115959.0,115939.02586146914,116018.92241559258,SHA_FLIP,2026-07-31 21:43:00,115939.02586146914,STOP_LOSS,-1997.4138530858909,5038.360000000001,-7035.7738530858915,1.0,2026-07
SILVER,LONG,2026-07-31 21:42:00,2217.0,2215.2227849344536,2222.3316451966393,SHA_FLIP,2026-07-31 21:44:00,2215.2227849344536,STOP_LOSS,-53.31645196639329,206.604,-259.92045196639333,2.0,2026-07
SILVER,SHORT,2026-07-31 21:44:00,2215.0,2217.0015526492325,2208.9953420523025,SHA_FLIP,2026-07-31 21:54:00,2217.0015526492325,STOP_LOSS,-60.04657947697524,206.58,-266.6265794769753,10.0,2026-07
GOLD,LONG,2026-07-31 21:54:00,115944.0,115927.06763324683,115994.79710025951,SHA_FLIP,2026-07-31 22:06:00,115927.06763324683,STOP_LOSS,-1693.2366753171664,5037.76,-6730.996675317167,12.0,2026-07
SILVER,LONG,2026-07-31 21:54:00,2218.0,2216.6103822684727,2222.168853194582,SHA_FLIP,2026-07-31 22:11:00,2216.6103822684727,STOP_LOSS,-41.688531945819705,206.61599999999999,-248.3045319458197,17.0,2026-07
CRUDEOIL,LONG,2026-07-31 22:31:00,7623.0,7619.11443059505,7638.542277619799,SHA_FLIP,2026-07-31 22:35:00,7619.11443059505,STOP_LOSS,-388.556940494982,704.9200000000001,-1093.476940494982,4.0,2026-07
SILVER,SHORT,2026-07-31 22:35:00,2213.0,2215.0421106387853,2206.873668083644,SHA_FLIP,2026-07-31 22:42:00,2215.0421106387853,STOP_LOSS,-61.26331916355866,206.556,-267.8193191635587,7.0,2026-07
CRUDEOIL,SHORT,2026-07-31 22:55:00,7600.0,7605.653144388805,7577.387422444779,SHA_FLIP,2026-07-31 23:06:00,7605.653144388805,STOP_LOSS,-565.3144388805231,704.0,-1269.314438880523,11.0,2026-07
SILVER,LONG,2026-08-03 09:29:00,2230.0,2227.8612743608983,2236.416176917305,SHA_FLIP,2026-08-03 10:19:00,2236.416176917305,TAKE_PROFIT,192.48530751915496,206.76,-14.274692480845033,50.0,2026-08
CRUDEOIL,SHORT,2026-08-03 10:12:00,7289.0,7291.4063792644665,7279.374482942134,SHA_FLIP,2026-08-03 10:20:00,7279.374482942134,TAKE_PROFIT,962.5517057866091,691.56,270.99170578660915,8.0,2026-08
SILVER,LONG,2026-08-03 10:19:00,2237.0,2234.918085328032,2243.2457440159046,SHA_FLIP,2026-08-03 10:22:00,2234.918085328032,STOP_LOSS,-62.4574401590462,206.844,-269.3014401590462,3.0,2026-08
SILVER,SHORT,2026-08-03 10:23:00,2231.0,2233.9641790606634,2222.10746281801,SHA_FLIP,2026-08-03 11:10:00,2222.10746281801,TAKE_PROFIT,266.77611545970194,206.772,60.00411545970195,47.0,2026-08
SILVER,LONG,2026-08-03 11:25:00,2228.0,2226.2404028852907,2233.278791344128,SHA_FLIP,2026-08-03 11:53:00,2233.278791344128,TAKE_PROFIT,158.363740323839,206.736,-48.37225967616098,28.0,2026-08
CRUDEOIL,SHORT,2026-08-03 12:02:00,7265.0,7268.860198288165,7249.559206847342,SHA_FLIP,2026-08-03 12:05:00,7268.860198288165,STOP_LOSS,-386.0198288164611,690.6,-1076.619828816461,3.0,2026-08
CRUDEOIL,SHORT,2026-08-03 12:13:00,7260.0,7265.4910014613615,7238.035994154554,SHA_FLIP,2026-08-03 12:18:00,7265.4910014613615,STOP_LOSS,-549.100146136152,690.4000000000001,-1239.5001461361521,5.0,2026-08
CRUDEOIL,LONG,2026-08-03 12:32:00,7280.0,7273.328195070705,7306.68721971718,SHA_FLIP,2026-08-03 12:46:00,7306.68721971718,TAKE_PROFIT,2668.7219717179687,691.2,1977.5219717179687,14.0,2026-08
CRUDEOIL,LONG,2026-08-03 13:10:00,7340.0,7330.183724687564,7379.2651012497445,SHA_FLIP,2026-08-03 13:16:00,7330.183724687564,STOP_LOSS,-981.6275312436119,693.6,-1675.2275312436118,6.0,2026-08
SILVER,LONG,2026-08-03 13:37:00,2230.0,2228.5452009940104,2234.3643970179687,SHA_FLIP,2026-08-03 13:47:00,2228.5452009940104,STOP_LOSS,-43.64397017968713,206.76,-250.40397017968712,10.0,2026-08
SILVER,SHORT,2026-08-03 13:48:00,2227.0,2228.384172216946,2222.8474833491623,SHA_FLIP,2026-08-03 13:50:00,2228.384172216946,STOP_LOSS,-41.52516650837697,206.724,-248.24916650837696,2.0,2026-08
SILVER,LONG,2026-08-03 14:29:00,2231.0,2229.6597504746155,2235.0207485761534,SHA_FLIP,2026-08-03 14:31:00,2229.6597504746155,STOP_LOSS,-40.20748576153437,206.772,-246.97948576153436,2.0,2026-08
SILVER,SHORT,2026-08-03 14:33:00,2229.0,2230.256866502608,2225.2294004921764,SHA_FLIP,2026-08-03 14:40:00,2230.256866502608,STOP_LOSS,-37.7059950782359,206.748,-244.4539950782359,7.0,2026-08
SILVER,LONG,2026-08-03 14:41:00,2231.0,2230.0221799385713,2233.933460184286,SHA_FLIP,2026-08-03 14:42:00,2230.0221799385713,STOP_LOSS,-29.334601842861048,206.772,-236.10660184286104,1.0,2026-08
CRUDEOIL,LONG,2026-08-03 15:21:00,7324.0,7319.397027747908,7342.411889008366,SHA_FLIP,2026-08-03 15:30:00,7342.411889008366,TAKE_PROFIT,1841.1889008366416,692.96,1148.2289008366415,9.0,2026-08
SILVER,LONG,2026-08-03 15:13:00,2230.0,2228.5967560881504,2234.2097317355488,SHA_FLIP,2026-08-03 15:32:00,2228.5967560881504,STOP_LOSS,-42.097317355487576,206.76,-248.85731735548757,19.0,2026-08
CRUDEOIL,SHORT,2026-08-03 15:42:00,7308.0,7314.58412883636,7281.66348465456,SHA_FLIP,2026-08-03 15:57:00,7314.58412883636,STOP_LOSS,-658.4128836359923,692.3199999999999,-1350.7328836359923,15.0,2026-08
SILVER,LONG,2026-08-03 15:40:00,2230.0,2228.3542022124716,2234.937393362585,SHA_FLIP,2026-08-03 15:57:00,2228.3542022124716,STOP_LOSS,-49.37393362585226,206.76,-256.13393362585225,17.0,2026-08
CRUDEOIL,LONG,2026-08-03 15:58:00,7330.0,7325.4607515842135,7348.156993663146,SHA_FLIP,2026-08-03 16:05:00,7325.4607515842135,STOP_LOSS,-453.924841578646,693.2,-1147.124841578646,7.0,2026-08
CRUDEOIL,SHORT,2026-08-03 16:11:00,7308.0,7312.710999587239,7289.156001651045,SHA_FLIP,2026-08-03 16:22:00,7312.710999587239,STOP_LOSS,-471.09995872388026,692.3199999999999,-1163.4199587238802,11.0,2026-08
CRUDEOIL,LONG,2026-08-03 16:24:00,7325.0,7321.513965433508,7338.944138265968,SHA_FLIP,2026-08-03 17:14:00,7321.513965433508,STOP_LOSS,-348.60345664919805,693.0,-1041.603456649198,50.0,2026-08
CRUDEOIL,SHORT,2026-08-03 17:15:00,7312.0,7315.811473507522,7296.754105969911,SHA_FLIP,2026-08-03 17:20:00,7296.754105969911,TAKE_PROFIT,1524.5894030089403,692.48,832.1094030089403,5.0,2026-08
SILVER,SHORT,2026-08-03 16:47:00,2225.0,2226.2753479453127,2221.173956164062,SHA_FLIP,2026-08-03 17:20:00,2226.2753479453127,STOP_LOSS,-38.260438359379805,206.7,-244.9604383593798,33.0,2026-08
CRUDEOIL,SHORT,2026-08-03 18:03:00,7270.0,7276.3452128024,7244.6191487904,SHA_FLIP,2026-08-03 18:07:00,7276.3452128024,STOP_LOSS,-634.5212802400056,690.8,-1325.3212802400055,4.0,2026-08
CRUDEOIL,LONG,2026-08-03 18:19:00,7283.0,7274.148310553789,7318.406757784844,SHA_FLIP,2026-08-03 18:25:00,7274.148310553789,STOP_LOSS,-885.1689446210912,691.3199999999999,-1576.4889446210912,6.0,2026-08
GOLD,SHORT,2026-08-03 18:32:00,115700.0,115756.77636321413,115529.67091035761,SHA_FLIP,2026-08-03 18:40:00,115756.77636321413,STOP_LOSS,-5677.636321412865,5028.0,-10705.636321412865,8.0,2026-08
GOLD,SHORT,2026-08-03 19:19:00,115570.0,115619.958228851,115420.125313447,SHA_FLIP,2026-08-03 19:22:00,115619.958228851,STOP_LOSS,-4995.822885099915,5022.8,-10018.622885099914,3.0,2026-08
GOLD,LONG,2026-08-03 19:22:00,115684.0,115629.82393221166,115846.52820336503,SHA_FLIP,2026-08-03 19:25:00,115629.82393221166,STOP_LOSS,-5417.606778834306,5027.360000000001,-10444.966778834307,3.0,2026-08
CRUDEOIL,SHORT,2026-08-03 19:02:00,7261.0,7269.053388162013,7228.786447351948,SHA_FLIP,2026-08-03 19:27:00,7269.053388162013,STOP_LOSS,-805.3388162013107,690.44,-1495.7788162013107,25.0,2026-08
GOLD,LONG,2026-08-03 19:37:00,115685.0,115636.89294876945,115829.32115369164,SHA_FLIP,2026-08-03 19:39:00,115636.89294876945,STOP_LOSS,-4810.705123054504,5027.400000000001,-9838.105123054505,2.0,2026-08
GOLD,SHORT,2026-08-03 19:39:00,115537.0,115602.73374070205,115339.79877789384,SHA_FLIP,2026-08-03 19:41:00,115602.73374070205,STOP_LOSS,-6573.374070205318,5021.4800000000005,-11594.854070205318,2.0,2026-08
GOLD,LONG,2026-08-03 19:46:00,115696.0,115648.25358517836,115839.23924446492,SHA_FLIP,2026-08-03 19:50:00,115648.25358517836,STOP_LOSS,-4774.641482163861,5027.84,-9802.481482163861,4.0,2026-08
CRUDEOIL,LONG,2026-08-03 20:01:00,7300.0,7291.505163987097,7333.979344051611,SHA_FLIP,2026-08-03 20:04:00,7291.505163987097,STOP_LOSS,-849.4836012902852,692.0,-1541.4836012902852,3.0,2026-08
GOLD,LONG,2026-08-03 20:03:00,115685.0,115659.59834883087,115761.20495350739,SHA_FLIP,2026-08-03 20:33:00,115659.59834883087,STOP_LOSS,-2540.1651169129764,5027.400000000001,-7567.565116912977,30.0,2026-08
CRUDEOIL,LONG,2026-08-03 20:30:00,7315.0,7309.0276875114405,7338.889249954238,SHA_FLIP,2026-08-03 20:37:00,7309.0276875114405,STOP_LOSS,-597.231248855951,692.6,-1289.831248855951,7.0,2026-08
CRUDEOIL,LONG,2026-08-03 20:55:00,7324.0,7315.821868435952,7356.712526256193,SHA_FLIP,2026-08-03 20:57:00,7315.821868435952,STOP_LOSS,-817.8131564048272,692.96,-1510.7731564048272,2.0,2026-08
GOLD,SHORT,2026-08-03 20:56:00,115595.0,115618.42359719661,115524.72920841016,SHA_FLIP,2026-08-03 21:06:00,115618.42359719661,STOP_LOSS,-2342.359719661181,5023.8,-7366.159719661181,10.0,2026-08
SILVER,SHORT,2026-08-03 18:32:00,2208.0,2213.356676958573,2191.9299691242804,SHA_FLIP,2026-08-03 21:16:00,2213.356676958573,STOP_LOSS,-160.70030875719567,206.496,-367.19630875719565,164.0,2026-08
CRUDEOIL,SHORT,2026-08-03 21:07:00,7287.0,7298.758647571288,7239.965409714849,SHA_FLIP,2026-08-03 21:35:00,7298.758647571288,STOP_LOSS,-1175.8647571287838,691.48,-1867.3447571287838,28.0,2026-08
CRUDEOIL,LONG,2026-08-03 21:35:00,7313.0,7305.334440659517,7343.662237361932,SHA_FLIP,2026-08-03 21:38:00,7305.334440659517,STOP_LOSS,-766.5559340483014,692.52,-1459.0759340483014,3.0,2026-08
SILVER,LONG,2026-08-03 21:49:00,2214.0,2212.9602446855242,2217.1192659434273,SHA_FLIP,2026-08-03 21:57:00,2212.9602446855242,STOP_LOSS,-31.192659434273082,206.568,-237.7606594342731,8.0,2026-08
SILVER,LONG,2026-08-03 22:04:00,2216.0,2214.10824141046,2221.6752757686204,SHA_FLIP,2026-08-03 22:16:00,2214.10824141046,STOP_LOSS,-56.75275768620395,206.592,-263.34475768620393,12.0,2026-08
CRUDEOIL,LONG,2026-08-03 22:04:00,7306.0,7298.196132912972,7337.215468348113,SHA_FLIP,2026-08-03 22:28:00,7298.196132912972,STOP_LOSS,-780.3867087028266,692.24,-1472.6267087028266,24.0,2026-08
SILVER,LONG,2026-08-03 22:30:00,2217.0,2215.5695915862593,2221.291225241222,SHA_FLIP,2026-08-03 22:34:00,2215.5695915862593,STOP_LOSS,-42.91225241222037,206.604,-249.51625241222038,4.0,2026-08
GOLD,LONG,2026-08-03 22:49:00,115697.0,115670.89611525083,115775.31165424752,SHA_FLIP,2026-08-03 22:58:00,115670.89611525083,STOP_LOSS,-2610.388474917272,5027.88,-7638.268474917272,9.0,2026-08
CRUDEOIL,LONG,2026-08-03 22:35:00,7305.0,7301.350789069938,7319.596843720246,SHA_FLIP,2026-08-03 23:00:00,7301.350789069938,STOP_LOSS,-364.92109300615994,692.2,-1057.12109300616,25.0,2026-08
GOLD,SHORT,2026-08-03 23:02:00,115607.0,115644.75942755204,115493.72171734388,SHA_FLIP,2026-08-03 23:03:00,115644.75942755204,STOP_LOSS,-3775.9427552038687,5024.280000000001,-8800.22275520387,1.0,2026-08
GOLD,LONG,2026-08-03 23:15:00,115695.0,115647.7682419001,115836.69527429968,SHA_FLIP,2026-08-03 23:16:00,115647.7682419001,STOP_LOSS,-4723.175809989334,5027.8,-9750.975809989333,1.0,2026-08
SILVER,LONG,2026-08-03 23:06:00,2218.0,2215.498898635431,2225.503304093707,SHA_FLIP,2026-08-03 23:20:00,2215.498898635431,STOP_LOSS,-75.03304093706902,206.61599999999999,-281.649040937069,14.0,2026-08
GOLD,SHORT,2026-08-03 23:16:00,115617.0,115673.73419035324,115446.79742894029,SHA_FLIP,2026-08-03 23:20:00,115673.73419035324,STOP_LOSS,-5673.4190353236045,5024.68,-10698.099035323605,4.0,2026-08
CRUDEOIL,LONG,2026-08-03 23:25:00,7300.0,7296.259033637891,7314.963865448437,SHA_FLIP,2026-08-03 23:29:00,7296.259033637891,STOP_LOSS,-374.09663621092477,692.0,-1066.0966362109248,4.0,2026-08
CRUDEOIL,LONG,2026-08-04 09:33:00,7384.0,7381.43047870375,7394.278085185,SHA_FLIP,2026-08-04 09:36:00,7381.43047870375,STOP_LOSS,-256.9521296250059,695.36,-952.3121296250059,3.0,2026-08
CRUDEOIL,LONG,2026-08-04 09:45:00,7388.0,7385.1712935840405,7399.314825663838,SHA_FLIP,2026-08-04 09:55:00,7385.1712935840405,STOP_LOSS,-282.8706415959459,695.52,-978.3906415959459,10.0,2026-08
SILVER,LONG,2026-08-04 09:49:00,2229.0,2227.7654688210455,2232.7035935368635,SHA_FLIP,2026-08-04 09:56:00,2227.7654688210455,STOP_LOSS,-37.035935368635364,206.748,-243.78393536863535,7.0,2026-08
CRUDEOIL,SHORT,2026-08-04 09:56:00,7369.0,7373.639418731286,7350.442325074855,SHA_FLIP,2026-08-04 10:08:00,7373.639418731286,STOP_LOSS,-463.94187312862414,694.76,-1158.7018731286241,12.0,2026-08
SILVER,LONG,2026-08-04 10:00:00,2231.0,2227.7260342535933,2240.82189723922,SHA_FLIP,2026-08-04 10:45:00,2227.7260342535933,STOP_LOSS,-98.21897239220107,206.772,-304.99097239220106,45.0,2026-08
SILVER,LONG,2026-08-04 11:21:00,2233.0,2231.4356678406552,2237.6929964780343,SHA_FLIP,2026-08-04 11:23:00,2231.4356678406552,STOP_LOSS,-46.92996478034274,206.796,-253.72596478034274,2.0,2026-08
CRUDEOIL,LONG,2026-08-04 11:19:00,7400.0,7398.5017843657115,7405.992862537154,SHA_FLIP,2026-08-04 11:26:00,7398.5017843657115,STOP_LOSS,-149.8215634288499,696.0,-845.8215634288499,7.0,2026-08
SILVER,SHORT,2026-08-04 11:26:00,2230.0,2231.4492188713607,2225.652343385918,SHA_FLIP,2026-08-04 11:27:00,2231.4492188713607,STOP_LOSS,-43.47656614082098,206.76,-250.23656614082097,1.0,2026-08
SILVER,LONG,2026-08-04 11:27:00,2233.0,2230.7440103114873,2239.767969065538,SHA_FLIP,2026-08-04 11:29:00,2230.7440103114873,STOP_LOSS,-67.67969065538182,206.796,-274.4756906553818,2.0,2026-08
CRUDEOIL,SHORT,2026-08-04 11:26:00,7370.0,7376.550223300289,7343.799106798844,SHA_FLIP,2026-08-04 12:30:00,7343.799106798844,TAKE_PROFIT,2620.089320115585,694.8,1925.289320115585,64.0,2026-08
SILVER,SHORT,2026-08-04 12:26:00,2230.0,2231.0604141049694,2226.818757685092,SHA_FLIP,2026-08-04 12:31:00,2231.0604141049694,STOP_LOSS,-31.81242314908104,206.76,-238.57242314908103,5.0,2026-08
CRUDEOIL,LONG,2026-08-04 13:18:00,7379.0,7375.66539578286,7392.338416868559,SHA_FLIP,2026-08-04 13:31:00,7375.66539578286,STOP_LOSS,-333.4604217139713,695.1600000000001,-1028.6204217139714,13.0,2026-08
CRUDEOIL,SHORT,2026-08-04 13:31:00,7354.0,7359.518945209619,7331.924219161523,SHA_FLIP,2026-08-04 13:33:00,7359.518945209619,STOP_LOSS,-551.8945209619233,694.1600000000001,-1246.0545209619233,2.0,2026-08
SILVER,LONG,2026-08-04 12:53:00,2233.0,2231.763181256518,2236.7104562304467,SHA_FLIP,2026-08-04 13:58:00,2231.763181256518,STOP_LOSS,-37.104562304466526,206.796,-243.90056230446652,65.0,2026-08
CRUDEOIL,LONG,2026-08-04 13:40:00,7390.0,7383.399670283757,7416.401318864973,SHA_FLIP,2026-08-04 14:02:00,7416.401318864973,TAKE_PROFIT,2640.131886497329,695.6,1944.5318864973292,22.0,2026-08
CRUDEOIL,LONG,2026-08-04 14:57:00,7472.0,7469.235702035023,7483.057191859909,SHA_FLIP,2026-08-04 14:58:00,7469.235702035023,STOP_LOSS,-276.42979649772315,698.88,-975.3097964977231,1.0,2026-08
CRUDEOIL,LONG,2026-08-04 15:16:00,7473.0,7466.574515363457,7498.701938546172,SHA_FLIP,2026-08-04 15:35:00,7466.574515363457,STOP_LOSS,-642.5484636542933,698.9200000000001,-1341.4684636542934,19.0,2026-08
CRUDEOIL,SHORT,2026-08-04 15:36:00,7450.0,7455.828379872466,7426.686480510136,SHA_FLIP,2026-08-04 15:50:00,7455.828379872466,STOP_LOSS,-582.837987246603,698.0,-1280.837987246603,14.0,2026-08
SILVER,SHORT,2026-08-04 15:50:00,2226.0,2226.9528421192244,2223.1414736423267,SHA_FLIP,2026-08-04 15:53:00,2226.9528421192244,STOP_LOSS,-28.58526357673327,206.712,-235.29726357673326,3.0,2026-08
CRUDEOIL,SHORT,2026-08-04 16:04:00,7449.0,7453.760096667927,7429.95961332829,SHA_FLIP,2026-08-04 16:09:00,7453.760096667927,STOP_LOSS,-476.0096667927428,697.96,-1173.9696667927428,5.0,2026-08
SILVER,LONG,2026-08-04 15:57:00,2229.0,2227.884232691847,2232.347301924459,SHA_FLIP,2026-08-04 16:11:00,2227.884232691847,STOP_LOSS,-33.47301924458861,206.748,-240.2210192445886,14.0,2026-08
SILVER,LONG,2026-08-04 16:15:00,2233.0,2230.361146464767,2240.916560605699,SHA_FLIP,2026-08-04 16:30:00,2230.361146464767,STOP_LOSS,-79.16560605699033,206.796,-285.9616060569903,15.0,2026-08
SILVER,LONG,2026-08-04 16:43:00,2231.0,2230.359018919727,2232.9229432408188,SHA_FLIP,2026-08-04 16:47:00,2232.9229432408188,TAKE_PROFIT,57.68829722456303,206.772,-149.08370277543696,4.0,2026-08
SILVER,LONG,2026-08-04 17:13:00,2237.0,2234.759917131302,2243.7202486060946,SHA_FLIP,2026-08-04 17:57:00,2243.7202486060946,TAKE_PROFIT,201.60745818283885,206.844,-5.2365418171611395,44.0,2026-08
GOLD,SHORT,2026-08-04 17:32:00,116110.0,116197.49877858887,115847.5036642334,SHA_FLIP,2026-08-04 18:00:00,116197.49877858887,STOP_LOSS,-8749.877858886612,5044.400000000001,-13794.277858886613,28.0,2026-08
CRUDEOIL,SHORT,2026-08-04 18:03:00,7171.0,7179.742133883127,7136.031464467491,SHA_FLIP,2026-08-04 18:11:00,7179.742133883127,STOP_LOSS,-874.2133883127281,686.84,-1561.0533883127282,8.0,2026-08
SILVER,LONG,2026-08-04 18:23:00,2250.0,2247.447924535566,2257.656226393302,SHA_FLIP,2026-08-04 18:30:00,2247.447924535566,STOP_LOSS,-76.5622639330195,207.0,-283.5622639330195,7.0,2026-08
CRUDEOIL,SHORT,2026-08-04 18:21:00,7164.0,7170.053857384242,7139.784570463031,SHA_FLIP,2026-08-04 18:30:00,7170.053857384242,STOP_LOSS,-605.3857384242292,686.56,-1291.9457384242291,9.0,2026-08
CRUDEOIL,SHORT,2026-08-04 18:37:00,7166.0,7171.313191360637,7144.747234557453,SHA_FLIP,2026-08-04 18:38:00,7171.313191360637,STOP_LOSS,-531.3191360636665,686.64,-1217.9591360636664,1.0,2026-08
CRUDEOIL,LONG,2026-08-04 18:38:00,7180.0,7172.595234154115,7209.6190633835395,SHA_FLIP,2026-08-04 18:49:00,7172.595234154115,STOP_LOSS,-740.4765845884867,687.2,-1427.6765845884868,11.0,2026-08
CRUDEOIL,SHORT,2026-08-04 18:50:00,7130.0,7143.788148018608,7074.847407925568,SHA_FLIP,2026-08-04 19:00:00,7074.847407925568,TAKE_PROFIT,5515.2592074431595,685.2,4830.05920744316,10.0,2026-08
SILVER,SHORT,2026-08-04 18:31:00,2246.0,2249.3065192369063,2236.080442289281,SHA_FLIP,2026-08-04 19:04:00,2249.3065192369063,STOP_LOSS,-99.19557710718891,206.952,-306.1475771071889,33.0,2026-08
GOLD,LONG,2026-08-04 19:20:00,116334.0,116292.8799045565,116457.36028633051,SHA_FLIP,2026-08-04 19:27:00,116292.8799045565,STOP_LOSS,-4112.00954435044,5053.360000000001,-9165.36954435044,7.0,2026-08
GOLD,LONG,2026-08-04 19:30:00,116317.0,116279.6292175895,116429.11234723148,SHA_FLIP,2026-08-04 19:31:00,116279.6292175895,STOP_LOSS,-3737.078241049312,5052.68,-8789.758241049312,1.0,2026-08
CRUDEOIL,SHORT,2026-08-04 19:42:00,7040.0,7050.234569075407,6999.061723698371,SHA_FLIP,2026-08-04 19:44:00,7050.234569075407,STOP_LOSS,-1023.4569075407308,681.6,-1705.0569075407307,2.0,2026-08
SILVER,LONG,2026-08-04 19:22:00,2248.0,2244.8588074228755,2257.4235777313734,SHA_FLIP,2026-08-04 19:47:00,2244.8588074228755,STOP_LOSS,-94.2357773137337,206.976,-301.2117773137337,25.0,2026-08
GOLD,SHORT,2026-08-04 19:52:00,116179.0,116209.44145345456,116087.6756396363,SHA_FLIP,2026-08-04 20:04:00,116209.44145345456,STOP_LOSS,-3044.1453454564908,5047.16,-8091.305345456491,12.0,2026-08
GOLD,LONG,2026-08-04 20:21:00,116256.0,116223.72330807231,116352.83007578307,SHA_FLIP,2026-08-04 20:24:00,116223.72330807231,STOP_LOSS,-3227.669192769099,5050.24,-8277.909192769099,3.0,2026-08
CRUDEOIL,LONG,2026-08-04 20:30:00,7095.0,7093.0208892370365,7102.916443051854,SHA_FLIP,2026-08-04 20:31:00,7102.916443051854,TAKE_PROFIT,791.6443051854003,683.8,107.84430518540034,1.0,2026-08
CRUDEOIL,SHORT,2026-08-04 21:00:00,7077.0,7084.847670118534,7045.609319525865,SHA_FLIP,2026-08-04 21:05:00,7045.609319525865,TAKE_PROFIT,3139.068047413457,683.08,2455.988047413457,5.0,2026-08
SILVER,SHORT,2026-08-04 19:48:00,2245.0,2248.530789406475,2234.4076317805752,SHA_FLIP,2026-08-04 21:27:00,2248.530789406475,STOP_LOSS,-105.9236821942477,206.94,-312.8636821942477,99.0,2026-08
GOLD,LONG,2026-08-04 21:32:00,116299.0,116279.3763628082,116357.87091157542,SHA_FLIP,2026-08-04 21:34:00,116279.3763628082,STOP_LOSS,-1962.3637191805756,5051.96,-7014.323719180576,2.0,2026-08
GOLD,LONG,2026-08-04 21:58:00,116252.0,116228.22571757625,116323.32284727125,SHA_FLIP,2026-08-04 22:08:00,116228.22571757625,STOP_LOSS,-2377.4282423750265,5050.08,-7427.508242375026,10.0,2026-08
GOLD,SHORT,2026-08-04 22:10:00,116136.0,116177.87707405658,116010.36877783026,SHA_FLIP,2026-08-04 22:16:00,116177.87707405658,STOP_LOSS,-4187.707405658148,5045.4400000000005,-9233.147405658148,6.0,2026-08
CRUDEOIL,LONG,2026-08-04 22:03:00,7040.0,7035.022798707463,7059.908805170147,SHA_FLIP,2026-08-04 22:20:00,7059.908805170147,TAKE_PROFIT,1990.8805170147389,681.6,1309.280517014739,17.0,2026-08
GOLD,LONG,2026-08-04 22:19:00,116252.0,116211.27854170324,116374.16437489027,SHA_FLIP,2026-08-04 22:29:00,116211.27854170324,STOP_LOSS,-4072.145829675719,5050.08,-9122.225829675719,10.0,2026-08
GOLD,LONG,2026-08-04 22:47:00,116349.0,116300.64431972183,116494.0670408345,SHA_FLIP,2026-08-04 23:02:00,116300.64431972183,STOP_LOSS,-4835.568027816771,5053.96,-9889.52802781677,15.0,2026-08
CRUDEOIL,SHORT,2026-08-04 23:02:00,7009.0,7018.061501561221,6972.7539937551155,SHA_FLIP,2026-08-04 23:22:00,7018.061501561221,STOP_LOSS,-906.1501561221121,680.36,-1586.5101561221122,20.0,2026-08
GOLD,SHORT,2026-08-04 23:22:00,116305.0,116345.53842483985,116183.38472548046,SHA_FLIP,2026-08-04 23:29:00,116183.38472548046,TAKE_PROFIT,12161.527451954316,5052.2,7109.3274519543165,7.0,2026-08
SILVER,LONG,2026-08-04 21:52:00,2247.0,2244.2821032521183,2255.153690243645,SHA_FLIP,2026-08-05 09:00:00,2265.0,SESSION_END,540.0,206.964,333.036,668.0,2026-08
SILVER,LONG,2026-08-05 09:51:00,2271.0,2268.228822190892,2279.313533427324,SHA_FLIP,2026-08-05 10:01:00,2268.228822190892,STOP_LOSS,-83.13533427323819,207.252,-290.3873342732382,10.0,2026-08
CRUDEOIL,LONG,2026-08-05 10:08:00,6982.0,6978.0691826444745,6997.723269422102,SHA_FLIP,2026-08-05 10:26:00,6997.723269422102,TAKE_PROFIT,1572.326942210202,679.28,893.0469422102021,18.0,2026-08
CRUDEOIL,LONG,2026-08-05 11:34:00,7009.0,7001.1852510406725,7040.25899583731,SHA_FLIP,2026-08-05 11:50:00,7001.1852510406725,STOP_LOSS,-781.4748959327517,680.36,-1461.8348959327518,16.0,2026-08
CRUDEOIL,LONG,2026-08-05 11:59:00,7011.0,7006.681837107127,7028.272651571493,SHA_FLIP,2026-08-05 12:02:00,7028.272651571493,TAKE_PROFIT,1727.2651571493043,680.44,1046.8251571493042,3.0,2026-08
CRUDEOIL,LONG,2026-08-05 12:36:00,7037.0,7024.171535178407,7088.3138592863725,SHA_FLIP,2026-08-05 13:01:00,7088.3138592863725,TAKE_PROFIT,5131.385928637246,681.48,4449.905928637247,25.0,2026-08
CRUDEOIL,LONG,2026-08-05 13:42:00,7095.0,7084.731159812838,7136.075360748648,SHA_FLIP,2026-08-05 13:46:00,7084.731159812838,STOP_LOSS,-1026.8840187161913,683.8,-1710.6840187161913,4.0,2026-08
CRUDEOIL,LONG,2026-08-05 14:09:00,7100.0,7092.698227934197,7129.207088263211,SHA_FLIP,2026-08-05 14:11:00,7092.698227934197,STOP_LOSS,-730.1772065802652,684.0,-1414.1772065802652,2.0,2026-08
CRUDEOIL,LONG,2026-08-05 14:15:00,7114.0,7103.136127374647,7157.455490501412,SHA_FLIP,2026-08-05 14:30:00,7103.136127374647,STOP_LOSS,-1086.3872625352997,684.56,-1770.9472625352996,15.0,2026-08
CRUDEOIL,SHORT,2026-08-05 14:32:00,7089.0,7098.829521304235,7049.681914783061,SHA_FLIP,2026-08-05 14:51:00,7098.829521304235,STOP_LOSS,-982.9521304234731,683.56,-1666.512130423473,19.0,2026-08
SILVER,LONG,2026-08-05 11:40:00,2284.0,2279.4108421566134,2297.76747353016,SHA_FLIP,2026-08-05 15:43:00,2279.4108421566134,STOP_LOSS,-137.67473530159805,207.40800000000002,-345.08273530159806,243.0,2026-08
CRUDEOIL,LONG,2026-08-05 15:56:00,7127.0,7122.356606441054,7145.573574235783,SHA_FLIP,2026-08-05 16:02:00,7122.356606441054,STOP_LOSS,-464.3393558945718,685.08,-1149.4193558945717,6.0,2026-08
SILVER,SHORT,2026-08-05 15:57:00,2281.0,2284.0188767001923,2271.943369899423,SHA_FLIP,2026-08-05 16:33:00,2284.0188767001923,STOP_LOSS,-90.56630100576967,207.372,-297.9383010057697,36.0,2026-08
SILVER,LONG,2026-08-05 16:57:00,2289.0,2287.4486306513722,2293.6541080458833,SHA_FLIP,2026-08-05 17:00:00,2287.4486306513722,STOP_LOSS,-46.54108045883277,207.468,-254.00908045883276,3.0,2026-08
CRUDEOIL,SHORT,2026-08-05 16:05:00,7093.0,7100.239267876403,7064.042928494389,SHA_FLIP,2026-08-05 17:07:00,7064.042928494389,TAKE_PROFIT,2895.7071505610656,683.72,2211.9871505610654,62.0,2026-08
CRUDEOIL,LONG,2026-08-05 17:18:00,7081.0,7075.459910220065,7103.160359119742,SHA_FLIP,2026-08-05 17:29:00,7075.459910220065,STOP_LOSS,-554.0089779935442,683.24,-1237.2489779935443,11.0,2026-08
CRUDEOIL,SHORT,2026-08-05 17:30:00,7060.0,7064.634814076278,7041.460743694886,SHA_FLIP,2026-08-05 17:35:00,7064.634814076278,STOP_LOSS,-463.4814076278417,682.4000000000001,-1145.8814076278418,5.0,2026-08
CRUDEOIL,SHORT,2026-08-05 17:47:00,7047.0,7053.309714277864,7021.761142888543,SHA_FLIP,2026-08-05 17:51:00,7053.309714277864,STOP_LOSS,-630.9714277864259,681.88,-1312.851427786426,4.0,2026-08
CRUDEOIL,LONG,2026-08-05 17:58:00,7089.0,7081.570568878534,7118.717724485865,SHA_FLIP,2026-08-05 18:20:00,7081.570568878534,STOP_LOSS,-742.9431121466223,683.56,-1426.5031121466222,22.0,2026-08
CRUDEOIL,LONG,2026-08-05 18:23:00,7087.0,7083.448120237312,7101.207519050753,SHA_FLIP,2026-08-05 18:30:00,7083.448120237312,STOP_LOSS,-355.1879762688259,683.48,-1038.667976268826,7.0,2026-08
SILVER,SHORT,2026-08-05 18:44:00,2291.0,2293.9962192856415,2282.0113421430756,SHA_FLIP,2026-08-05 18:49:00,2293.9962192856415,STOP_LOSS,-89.8865785692442,207.492,-297.37857856924416,5.0,2026-08
GOLD,LONG,2026-08-05 18:52:00,118271.0,118186.61918672388,118524.14243982836,SHA_FLIP,2026-08-05 19:09:00,118186.61918672388,STOP_LOSS,-8438.081327611872,5130.84,-13568.921327611872,17.0,2026-08
SILVER,LONG,2026-08-05 18:49:00,2294.0,2290.7789560530387,2303.663131840884,SHA_FLIP,2026-08-05 19:35:00,2303.663131840884,TAKE_PROFIT,289.89395522652103,207.528,82.36595522652104,46.0,2026-08
CRUDEOIL,SHORT,2026-08-05 19:35:00,6998.0,7007.778811408946,6958.884754364215,SHA_FLIP,2026-08-05 19:41:00,7007.778811408946,STOP_LOSS,-977.881140894624,679.9200000000001,-1657.801140894624,6.0,2026-08
CRUDEOIL,SHORT,2026-08-05 20:11:00,6975.0,6979.311097785499,6957.755608858002,SHA_FLIP,2026-08-05 20:13:00,6979.311097785499,STOP_LOSS,-431.10977854994417,679.0,-1110.1097785499442,2.0,2026-08
SILVER,LONG,2026-08-05 20:15:00,2304.0,2300.1551550994104,2315.5345347017687,SHA_FLIP,2026-08-05 20:19:00,2300.1551550994104,STOP_LOSS,-115.34534701768735,207.648,-322.99334701768737,4.0,2026-08
GOLD,LONG,2026-08-05 20:14:00,118908.0,118840.9457795916,119109.16266122521,SHA_FLIP,2026-08-05 20:23:00,118840.9457795916,STOP_LOSS,-6705.422040840494,5156.320000000001,-11861.742040840494,9.0,2026-08
GOLD,LONG,2026-08-05 20:27:00,119027.0,118930.18522074177,119317.4443377747,SHA_FLIP,2026-08-05 20:29:00,118930.18522074177,STOP_LOSS,-9681.477925823128,5161.08,-14842.557925823128,2.0,2026-08
CRUDEOIL,SHORT,2026-08-05 20:28:00,6985.0,6989.397965740641,6967.408137037437,SHA_FLIP,2026-08-05 20:31:00,6967.408137037437,TAKE_PROFIT,1759.1862962563027,679.4000000000001,1079.7862962563026,3.0,2026-08
SILVER,SHORT,2026-08-05 20:37:00,2299.0,2302.033270478814,2289.9001885635585,SHA_FLIP,2026-08-05 20:44:00,2302.033270478814,STOP_LOSS,-90.99811436441541,207.588,-298.5861143644154,7.0,2026-08
CRUDEOIL,LONG,2026-08-05 20:38:00,6999.0,6990.05135718826,7034.794571246959,SHA_FLIP,2026-08-05 20:47:00,7034.794571246959,TAKE_PROFIT,3579.4571246959094,679.96,2899.4971246959094,9.0,2026-08
CRUDEOIL,SHORT,2026-08-05 21:00:00,6973.0,6984.9260445886885,6925.295821645246,SHA_FLIP,2026-08-05 21:06:00,6984.9260445886885,STOP_LOSS,-1192.6044588688455,678.9200000000001,-1871.5244588688456,6.0,2026-08
CRUDEOIL,LONG,2026-08-05 21:49:00,7030.0,7022.236527425111,7061.053890299558,SHA_FLIP,2026-08-05 21:56:00,7022.236527425111,STOP_LOSS,-776.347257488942,681.2,-1457.547257488942,7.0,2026-08
CRUDEOIL,LONG,2026-08-05 22:08:00,7030.0,7026.629317091297,7043.482731634813,SHA_FLIP,2026-08-05 22:12:00,7026.629317091297,STOP_LOSS,-337.0682908703202,681.2,-1018.2682908703202,4.0,2026-08
SILVER,LONG,2026-08-05 22:09:00,2298.0,2296.47407998711,2302.5777600386696,SHA_FLIP,2026-08-05 22:15:00,2296.47407998711,STOP_LOSS,-45.77760038669567,207.576,-253.35360038669566,6.0,2026-08
GOLD,LONG,2026-08-05 22:06:00,119033.0,118974.12804406941,119209.61586779177,SHA_FLIP,2026-08-05 22:18:00,118974.12804406941,STOP_LOSS,-5887.195593059005,5161.320000000001,-11048.515593059004,12.0,2026-08
CRUDEOIL,SHORT,2026-08-05 22:13:00,7005.0,7010.981413622019,6981.074345511923,SHA_FLIP,2026-08-05 22:21:00,6981.074345511923,TAKE_PROFIT,2392.565448807727,680.2,1712.365448807727,8.0,2026-08
GOLD,LONG,2026-08-05 22:24:00,119060.0,119011.83063807673,119204.5080857698,SHA_FLIP,2026-08-05 22:25:00,119011.83063807673,STOP_LOSS,-4816.93619232683,5162.400000000001,-9979.336192326831,1.0,2026-08
GOLD,LONG,2026-08-05 22:40:00,119060.0,119027.2745678101,119158.17629656968,SHA_FLIP,2026-08-05 22:42:00,119027.2745678101,STOP_LOSS,-3272.543218989449,5162.400000000001,-8434.94321898945,2.0,2026-08
GOLD,SHORT,2026-08-05 22:44:00,118978.0,119009.71395691409,118882.85812925774,SHA_FLIP,2026-08-05 22:45:00,119009.71395691409,STOP_LOSS,-3171.395691408543,5159.12,-8330.515691408542,1.0,2026-08
SILVER,SHORT,2026-08-05 22:50:00,2293.0,2296.9271818875222,2281.2184543374333,SHA_FLIP,2026-08-05 23:00:00,2296.9271818875222,STOP_LOSS,-117.81545662566714,207.516,-325.3314566256671,10.0,2026-08
CRUDEOIL,SHORT,2026-08-05 23:18:00,6958.0,6961.827876917684,6942.688492329264,SHA_FLIP,2026-08-05 23:20:00,6961.827876917684,STOP_LOSS,-382.78769176840797,678.3199999999999,-1061.107691768408,2.0,2026-08
CRUDEOIL,LONG,2026-08-05 23:20:00,6980.0,6972.724839115162,7009.100643539354,SHA_FLIP,2026-08-05 23:21:00,6972.724839115162,STOP_LOSS,-727.5160884838442,679.2,-1406.7160884838443,1.0,2026-08
GOLD,SHORT,2026-08-05 23:29:00,119049.0,119158.12138788903,118721.63583633292,SHA_FLIP,2026-08-06 09:00:00,119450.0,SESSION_END,-40100.0,5161.96,-45261.96,571.0,2026-08
SILVER,LONG,2026-08-05 23:09:00,2297.0,2293.8900294560412,2306.3299116318763,SHA_FLIP,2026-08-06 09:00:00,2292.0,SESSION_END,-150.0,207.564,-357.56399999999996,591.0,2026-08
CRUDEOIL,SHORT,2026-08-06 09:55:00,6988.0,6989.391127083589,6982.435491665645,SHA_FLIP,2026-08-06 09:56:00,6982.435491665645,TAKE_PROFIT,556.4508334355196,679.52,-123.06916656448038,1.0,2026-08
SILVER,LONG,2026-08-06 09:52:00,2308.0,2304.952533633361,2317.1423990999174,SHA_FLIP,2026-08-06 09:56:00,2304.952533633361,STOP_LOSS,-91.42399099917384,207.696,-299.11999099917387,4.0,2026-08
CRUDEOIL,LONG,2026-08-06 10:13:00,6993.0,6991.346741780117,6999.613032879533,SHA_FLIP,2026-08-06 10:33:00,6999.613032879533,TAKE_PROFIT,661.3032879533421,679.72,-18.41671204665795,20.0,2026-08
CRUDEOIL,SHORT,2026-08-06 10:46:00,6981.0,6987.400952262681,6955.3961909492755,SHA_FLIP,2026-08-06 11:00:00,6987.400952262681,STOP_LOSS,-640.095226268113,679.24,-1319.335226268113,14.0,2026-08
CRUDEOIL,LONG,2026-08-06 11:07:00,7005.0,7000.616202830419,7022.535188678325,SHA_FLIP,2026-08-06 11:32:00,7022.535188678325,TAKE_PROFIT,1753.518867832463,680.2,1073.318867832463,25.0,2026-08
CRUDEOIL,LONG,2026-08-06 12:07:00,7060.0,7054.971129706374,7080.115481174504,SHA_FLIP,2026-08-06 12:29:00,7054.971129706374,STOP_LOSS,-502.8870293625914,682.4000000000001,-1185.2870293625915,22.0,2026-08
SILVER,SHORT,2026-08-06 12:22:00,2290.0,2294.148377120338,2277.554868638986,SHA_FLIP,2026-08-06 12:37:00,2294.148377120338,STOP_LOSS,-124.45131361013864,207.48,-331.93131361013866,15.0,2026-08
SILVER,LONG,2026-08-06 13:06:00,2298.0,2296.7435092497335,2301.7694722507995,SHA_FLIP,2026-08-06 13:07:00,2296.7435092497335,STOP_LOSS,-37.69472250799481,207.576,-245.2707225079948,1.0,2026-08
CRUDEOIL,LONG,2026-08-06 13:09:00,7049.0,7045.176834723305,7064.292661106781,SHA_FLIP,2026-08-06 13:12:00,7045.176834723305,STOP_LOSS,-382.3165276695363,681.96,-1064.2765276695363,3.0,2026-08
SILVER,SHORT,2026-08-06 13:07:00,2294.0,2296.4222919835643,2286.733124049307,SHA_FLIP,2026-08-06 13:26:00,2296.4222919835643,STOP_LOSS,-72.66875950692793,207.528,-280.19675950692795,19.0,2026-08
CRUDEOIL,LONG,2026-08-06 13:43:00,7050.0,7046.937372218812,7062.250511124752,SHA_FLIP,2026-08-06 13:51:00,7046.937372218812,STOP_LOSS,-306.26277811879845,682.0,-988.2627781187985,8.0,2026-08
SILVER,LONG,2026-08-06 14:02:00,2297.0,2296.190459391,2299.4286218270004,SHA_FLIP,2026-08-06 14:22:00,2299.4286218270004,TAKE_PROFIT,72.8586548100111,207.564,-134.7053451899889,20.0,2026-08
SILVER,LONG,2026-08-06 14:23:00,2300.0,2298.794791461932,2303.6156256142035,SHA_FLIP,2026-08-06 14:28:00,2303.6156256142035,TAKE_PROFIT,108.46876842610527,207.6,-99.13123157389472,5.0,2026-08
CRUDEOIL,SHORT,2026-08-06 13:59:00,7021.0,7033.335058849983,6971.659764600066,SHA_FLIP,2026-08-06 14:33:00,7033.335058849983,STOP_LOSS,-1233.5058849983398,680.84,-1914.34588499834,34.0,2026-08
CRUDEOIL,SHORT,2026-08-06 15:01:00,7015.0,7021.148678555865,6990.405285776538,SHA_FLIP,2026-08-06 15:08:00,7021.148678555865,STOP_LOSS,-614.8678555865445,680.6,-1295.4678555865444,7.0,2026-08
SILVER,LONG,2026-08-06 14:46:00,2305.0,2302.1798844532723,2313.460346640183,SHA_FLIP,2026-08-06 15:10:00,2302.1798844532723,STOP_LOSS,-84.60346640183161,207.66,-292.2634664018316,24.0,2026-08
SILVER,SHORT,2026-08-06 15:10:00,2302.0,2303.169849009021,2298.4904529729365,SHA_FLIP,2026-08-06 15:44:00,2298.4904529729365,TAKE_PROFIT,105.28641081190472,207.624,-102.33758918809528,34.0,2026-08
SILVER,SHORT,2026-08-06 16:11:00,2298.0,2299.4651396942495,2293.6045809172515,SHA_FLIP,2026-08-06 16:20:00,2299.4651396942495,STOP_LOSS,-43.954190827485036,207.576,-251.53019082748503,9.0,2026-08
CRUDEOIL,LONG,2026-08-06 16:23:00,7080.0,7077.443110438927,7090.227558244293,SHA_FLIP,2026-08-06 16:25:00,7077.443110438927,STOP_LOSS,-255.68895610731488,683.2,-938.8889561073149,2.0,2026-08
SILVER,SHORT,2026-08-06 16:27:00,2299.0,2299.9785889126365,2296.0642332620905,SHA_FLIP,2026-08-06 16:29:00,2296.0642332620905,TAKE_PROFIT,88.07300213728467,207.588,-119.51499786271532,2.0,2026-08
SILVER,SHORT,2026-08-06 16:50:00,2295.0,2297.550891478704,2287.3473255638874,SHA_FLIP,2026-08-06 16:58:00,2297.550891478704,STOP_LOSS,-76.52674436112648,207.54,-284.06674436112644,8.0,2026-08
CRUDEOIL,LONG,2026-08-06 16:55:00,7078.0,7076.40776857208,7084.3689257116785,SHA_FLIP,2026-08-06 17:09:00,7076.40776857208,STOP_LOSS,-159.22314279196144,683.12,-842.3431427919614,14.0,2026-08
SILVER,LONG,2026-08-06 16:58:00,2298.0,2295.6023585009148,2305.1929244972557,SHA_FLIP,2026-08-06 17:13:00,2295.6023585009148,STOP_LOSS,-71.92924497255717,207.576,-279.5052449725572,15.0,2026-08
SILVER,SHORT,2026-08-06 17:13:00,2295.0,2296.4939768520753,2290.518069443774,SHA_FLIP,2026-08-06 17:14:00,2296.4939768520753,STOP_LOSS,-44.819305562259615,207.54,-252.3593055622596,1.0,2026-08
CRUDEOIL,SHORT,2026-08-06 17:09:00,7059.0,7062.845875995383,7043.616496018469,SHA_FLIP,2026-08-06 17:22:00,7062.845875995383,STOP_LOSS,-384.5875995382812,682.36,-1066.9475995382813,13.0,2026-08
CRUDEOIL,LONG,2026-08-06 17:23:00,7088.0,7082.267956712297,7110.928173150813,SHA_FLIP,2026-08-06 17:27:00,7082.267956712297,STOP_LOSS,-573.2043287703164,683.52,-1256.7243287703163,4.0,2026-08
CRUDEOIL,SHORT,2026-08-06 17:31:00,7065.0,7070.687909120539,7042.248363517843,SHA_FLIP,2026-08-06 17:32:00,7070.687909120539,STOP_LOSS,-568.7909120539189,682.6,-1251.3909120539188,1.0,2026-08
CRUDEOIL,LONG,2026-08-06 17:33:00,7077.0,7070.647748260573,7102.409006957707,SHA_FLIP,2026-08-06 17:36:00,7070.647748260573,STOP_LOSS,-635.225173942672,683.08,-1318.305173942672,3.0,2026-08
GOLD,SHORT,2026-08-06 17:39:00,119979.0,120020.64777443312,119854.05667670064,SHA_FLIP,2026-08-06 17:45:00,119854.05667670064,TAKE_PROFIT,12494.332329936151,5199.16,7295.172329936151,6.0,2026-08
GOLD,SHORT,2026-08-06 17:57:00,119914.0,119967.44387244208,119753.66838267377,SHA_FLIP,2026-08-06 18:00:00,119967.44387244208,STOP_LOSS,-5344.38724420761,5196.56,-10540.947244207611,3.0,2026-08
SILVER,SHORT,2026-08-06 17:35:00,2295.0,2297.386406156403,2287.8407815307905,SHA_FLIP,2026-08-06 18:02:00,2297.386406156403,STOP_LOSS,-71.59218469209463,207.54,-279.1321846920946,27.0,2026-08
SILVER,LONG,2026-08-06 18:02:00,2299.0,2295.7607586369454,2308.7177240891638,SHA_FLIP,2026-08-06 18:10:00,2295.7607586369454,STOP_LOSS,-97.17724089163767,207.588,-304.76524089163763,8.0,2026-08
GOLD,LONG,2026-08-06 18:01:00,120120.0,120046.40512709496,120340.78461871513,SHA_FLIP,2026-08-06 18:11:00,120046.40512709496,STOP_LOSS,-7359.48729050433,5204.8,-12564.28729050433,10.0,2026-08
CRUDEOIL,LONG,2026-08-06 17:52:00,7092.0,7085.562218175284,7117.751127298863,SHA_FLIP,2026-08-06 18:18:00,7085.562218175284,STOP_LOSS,-643.7781824715785,683.6800000000001,-1327.4581824715785,26.0,2026-08
SILVER,SHORT,2026-08-06 18:11:00,2293.0,2295.517032832501,2285.4489015024965,SHA_FLIP,2026-08-06 18:20:00,2285.4489015024965,TAKE_PROFIT,226.5329549251055,207.516,19.016954925105523,9.0,2026-08
CRUDEOIL,LONG,2026-08-06 18:27:00,7096.0,7091.999387805741,7112.002448777035,SHA_FLIP,2026-08-06 18:29:00,7091.999387805741,STOP_LOSS,-400.06121942587924,683.84,-1083.9012194258794,2.0,2026-08
SILVER,SHORT,2026-08-06 18:55:00,2282.0,2286.4227003644555,2268.7318989066334,SHA_FLIP,2026-08-06 19:01:00,2286.4227003644555,STOP_LOSS,-132.68101093366568,207.38400000000001,-340.0650109336657,6.0,2026-08
CRUDEOIL,SHORT,2026-08-06 19:23:00,7090.0,7094.001691560877,7073.993233756493,SHA_FLIP,2026-08-06 19:30:00,7094.001691560877,STOP_LOSS,-400.16915608766794,683.6,-1083.7691560876679,7.0,2026-08
GOLD,SHORT,2026-08-06 19:47:00,119835.0,119908.20626635339,119615.38120093984,SHA_FLIP,2026-08-06 19:48:00,119908.20626635339,STOP_LOSS,-7320.626635338704,5193.400000000001,-12514.026635338705,1.0,2026-08
GOLD,LONG,2026-08-06 19:50:00,119966.0,119898.31609861381,120169.05170415857,SHA_FLIP,2026-08-06 19:53:00,119898.31609861381,STOP_LOSS,-6768.390138618997,5198.64,-11967.030138618997,3.0,2026-08
SILVER,LONG,2026-08-06 19:25:00,2290.0,2287.876333737824,2296.3709987865277,SHA_FLIP,2026-08-06 19:56:00,2287.876333737824,STOP_LOSS,-63.70998786527707,207.48,-271.1899878652771,31.0,2026-08
GOLD,SHORT,2026-08-06 19:53:00,119850.0,119920.25971299125,119639.22086102626,SHA_FLIP,2026-08-06 20:00:00,119920.25971299125,STOP_LOSS,-7025.971299124649,5194.0,-12219.971299124649,7.0,2026-08
GOLD,LONG,2026-08-06 20:01:00,119994.0,119935.2152246604,120170.35432601882,SHA_FLIP,2026-08-06 20:02:00,119935.2152246604,STOP_LOSS,-5878.47753396054,5199.76,-11078.23753396054,1.0,2026-08
GOLD,SHORT,2026-08-06 20:19:00,119798.0,119871.29229459414,119578.12311621758,SHA_FLIP,2026-08-06 20:22:00,119871.29229459414,STOP_LOSS,-7329.229459413909,5191.92,-12521.14945941391,3.0,2026-08
SILVER,LONG,2026-08-06 20:29:00,2292.0,2290.552541371323,2296.342375886031,SHA_FLIP,2026-08-06 20:33:00,2290.552541371323,STOP_LOSS,-43.423758860308226,207.504,-250.92775886030822,4.0,2026-08
GOLD,SHORT,2026-08-06 20:39:00,119764.0,119820.5088916157,119594.47332515291,SHA_FLIP,2026-08-06 20:40:00,119820.5088916157,STOP_LOSS,-5650.889161569648,5190.56,-10841.44916156965,1.0,2026-08
CRUDEOIL,LONG,2026-08-06 20:45:00,7140.0,7135.580860847748,7157.676556609007,SHA_FLIP,2026-08-06 20:49:00,7157.676556609007,TAKE_PROFIT,1767.6556609007093,685.6,1082.0556609007094,4.0,2026-08
SILVER,SHORT,2026-08-06 20:43:00,2290.0,2291.809059477353,2284.572821567941,SHA_FLIP,2026-08-06 21:23:00,2284.572821567941,TAKE_PROFIT,162.81535296177026,207.48,-44.66464703822973,40.0,2026-08
CRUDEOIL,LONG,2026-08-06 21:23:00,7186.0,7177.017037956274,7221.931848174903,SHA_FLIP,2026-08-06 21:24:00,7221.931848174903,TAKE_PROFIT,3593.184817490328,687.44,2905.744817490328,1.0,2026-08
GOLD,SHORT,2026-08-06 21:00:00,119609.0,119719.30167375281,119278.09497874157,SHA_FLIP,2026-08-06 21:25:00,119278.09497874157,TAKE_PROFIT,33090.50212584261,5184.360000000001,27906.142125842613,25.0,2026-08
GOLD,SHORT,2026-08-06 21:44:00,119358.0,119454.26534827793,119069.20395516622,SHA_FLIP,2026-08-06 22:09:00,119454.26534827793,STOP_LOSS,-9626.534827792784,5174.320000000001,-14800.854827792784,25.0,2026-08
CRUDEOIL,LONG,2026-08-06 22:13:00,7235.0,7228.9556703942435,7259.177318423026,SHA_FLIP,2026-08-06 22:18:00,7228.9556703942435,STOP_LOSS,-604.4329605756502,689.4000000000001,-1293.8329605756503,5.0,2026-08
GOLD,SHORT,2026-08-06 23:12:00,119468.0,119473.58508484624,119451.24474546127,SHA_FLIP,2026-08-06 23:15:00,119451.24474546127,TAKE_PROFIT,1675.5254538729787,5178.72,-3503.1945461270216,3.0,2026-08
SILVER,LONG,2026-08-06 22:20:00,2286.0,2284.2792914349748,2291.1621256950757,SHA_FLIP,2026-08-06 23:23:00,2291.1621256950757,TAKE_PROFIT,154.86377085227105,207.43200000000002,-52.56822914772897,63.0,2026-08
CRUDEOIL,SHORT,2026-08-06 23:23:00,7200.0,7202.844076575185,7188.623693699261,SHA_FLIP,2026-08-06 23:27:00,7202.844076575185,STOP_LOSS,-284.4076575184772,688.0,-972.4076575184772,4.0,2026-08
SILVER,LONG,2026-08-06 23:23:00,2293.0,2288.6098290520827,2306.170512843752,SHA_FLIP,2026-08-06 23:29:00,2288.6098290520827,STOP_LOSS,-131.70512843752022,207.516,-339.2211284375202,6.0,2026-08
CRUDEOIL,LONG,2026-08-07 09:28:00,7267.0,7262.492440976216,7285.0302360951355,SHA_FLIP,2026-08-07 09:31:00,7262.492440976216,STOP_LOSS,-450.75590237838696,690.6800000000001,-1141.435902378387,3.0,2026-08
CRUDEOIL,SHORT,2026-08-07 10:57:00,7277.0,7278.783098936851,7269.867604252595,SHA_FLIP,2026-08-07 11:03:00,7278.783098936851,STOP_LOSS,-178.30989368512746,691.08,-869.3898936851275,6.0,2026-08
SILVER,LONG,2026-08-07 10:02:00,2310.0,2306.746610336899,2319.7601689893036,SHA_FLIP,2026-08-07 11:26:00,2319.7601689893036,TAKE_PROFIT,292.80506967910696,207.72,85.08506967910697,84.0,2026-08
CRUDEOIL,SHORT,2026-08-07 11:21:00,7270.0,7273.173929478273,7257.304282086909,SHA_FLIP,2026-08-07 11:34:00,7257.304282086909,TAKE_PROFIT,1269.5717913091357,690.8,578.7717913091358,13.0,2026-08
CRUDEOIL,LONG,2026-08-07 12:41:00,7256.0,7254.4137896230695,7262.344841507722,SHA_FLIP,2026-08-07 12:42:00,7254.4137896230695,STOP_LOSS,-158.62103769304667,690.24,-848.8610376930467,1.0,2026-08
CRUDEOIL,SHORT,2026-08-07 12:42:00,7240.0,7244.574715660006,7221.701137359974,SHA_FLIP,2026-08-07 13:00:00,7221.701137359974,TAKE_PROFIT,1829.8862640025618,689.6,1140.286264002562,18.0,2026-08
SILVER,LONG,2026-08-07 12:04:00,2332.0,2325.746670875196,2350.7599873744125,SHA_FLIP,2026-08-07 13:42:00,2350.7599873744125,TAKE_PROFIT,562.7996212323751,207.984,354.81562123237507,98.0,2026-08
CRUDEOIL,SHORT,2026-08-07 14:05:00,7220.0,7224.573427652003,7201.7062893919865,SHA_FLIP,2026-08-07 14:15:00,7224.573427652003,STOP_LOSS,-457.34276520033745,688.8,-1146.1427652003374,10.0,2026-08
CRUDEOIL,LONG,2026-08-07 14:16:00,7241.0,7236.4124222838,7259.3503108648,SHA_FLIP,2026-08-07 14:25:00,7236.4124222838,STOP_LOSS,-458.75777162000304,689.64,-1148.397771620003,9.0,2026-08
CRUDEOIL,SHORT,2026-08-07 14:26:00,7220.0,7224.736741726837,7201.053033092652,SHA_FLIP,2026-08-07 14:50:00,7201.053033092652,TAKE_PROFIT,1894.6966907347814,688.8,1205.8966907347815,24.0,2026-08
CRUDEOIL,SHORT,2026-08-07 15:06:00,7186.0,7190.685954735988,7167.256181056047,SHA_FLIP,2026-08-07 15:14:00,7167.256181056047,TAKE_PROFIT,1874.3818943952647,687.44,1186.9418943952646,8.0,2026-08
CRUDEOIL,SHORT,2026-08-07 15:30:00,7170.0,7173.712090697736,7155.1516372090555,SHA_FLIP,2026-08-07 15:37:00,7173.712090697736,STOP_LOSS,-371.209069773613,686.8,-1058.009069773613,7.0,2026-08
CRUDEOIL,SHORT,2026-08-07 15:44:00,7165.0,7169.286662570498,7147.853349718007,SHA_FLIP,2026-08-07 15:46:00,7169.286662570498,STOP_LOSS,-428.6662570498265,686.6,-1115.2662570498264,2.0,2026-08
CRUDEOIL,LONG,2026-08-07 15:47:00,7189.0,7182.049541431887,7216.801834272454,SHA_FLIP,2026-08-07 15:48:00,7182.049541431887,STOP_LOSS,-695.045856811339,687.56,-1382.605856811339,1.0,2026-08
CRUDEOIL,SHORT,2026-08-07 15:49:00,7170.0,7179.260566657827,7132.95773336869,SHA_FLIP,2026-08-07 15:57:00,7179.260566657827,STOP_LOSS,-926.056665782744,686.8,-1612.856665782744,8.0,2026-08
CRUDEOIL,LONG,2026-08-07 15:57:00,7189.0,7182.758694717743,7213.965221129027,SHA_FLIP,2026-08-07 16:00:00,7182.758694717743,STOP_LOSS,-624.130528225669,687.56,-1311.690528225669,3.0,2026-08
CRUDEOIL,SHORT,2026-08-07 16:02:00,7168.0,7174.206324888448,7143.174700446209,SHA_FLIP,2026-08-07 16:35:00,7143.174700446209,TAKE_PROFIT,2482.529955379141,686.72,1795.809955379141,33.0,2026-08
SILVER,LONG,2026-08-07 14:01:00,2352.0,2345.7944706932417,2370.616587920275,SHA_FLIP,2026-08-07 16:46:00,2345.7944706932417,STOP_LOSS,-186.16587920274924,208.224,-394.3898792027492,165.0,2026-08
SILVER,SHORT,2026-08-07 17:08:00,2348.0,2351.8510829058373,2336.446751282488,SHA_FLIP,2026-08-07 17:10:00,2351.8510829058373,STOP_LOSS,-115.53248717511906,208.176,-323.70848717511905,2.0,2026-08
SILVER,SHORT,2026-08-07 17:12:00,2348.0,2352.182309751209,2335.4530707463737,SHA_FLIP,2026-08-07 18:00:00,2352.182309751209,STOP_LOSS,-125.46929253626331,208.176,-333.6452925362633,48.0,2026-08
GOLD,SHORT,2026-08-07 17:45:00,121100.0,121165.39323893723,120903.8202831883,SHA_FLIP,2026-08-07 18:00:00,121165.39323893723,STOP_LOSS,-6539.3238937234855,5244.0,-11783.323893723486,15.0,2026-08
GOLD,LONG,2026-08-07 18:00:00,121700.0,121504.85394174431,122285.43817476707,SHA_FLIP,2026-08-07 18:11:00,122285.43817476707,TAKE_PROFIT,58543.817476707045,5268.0,53275.817476707045,11.0,2026-08
GOLD,LONG,2026-08-07 18:30:00,122186.0,122029.41089048059,122655.76732855823,SHA_FLIP,2026-08-07 18:31:00,122029.41089048059,STOP_LOSS,-15658.910951940925,5287.4400000000005,-20946.350951940927,1.0,2026-08
SILVER,LONG,2026-08-07 18:00:00,2362.0,2351.806298509029,2392.5811044729126,SHA_FLIP,2026-08-07 18:43:00,2351.806298509029,STOP_LOSS,-305.81104472912557,208.344,-514.1550447291256,43.0,2026-08
SILVER,SHORT,2026-08-07 19:03:00,2351.0,2357.483679825741,2331.5489605227767,SHA_FLIP,2026-08-07 19:09:00,2357.483679825741,STOP_LOSS,-194.51039477223276,208.212,-402.72239477223275,6.0,2026-08
SILVER,LONG,2026-08-07 19:09:00,2358.0,2351.8690454530806,2376.392863640758,SHA_FLIP,2026-08-07 19:27:00,2351.8690454530806,STOP_LOSS,-183.9286364075815,208.296,-392.2246364075815,18.0,2026-08
CRUDEOIL,LONG,2026-08-07 18:51:00,7150.0,7140.959288523101,7186.162845907595,SHA_FLIP,2026-08-07 19:32:00,7186.162845907595,TAKE_PROFIT,3616.28459075946,686.0,2930.28459075946,41.0,2026-08
CRUDEOIL,LONG,2026-08-07 20:02:00,7206.0,7203.125932435731,7217.496270257077,SHA_FLIP,2026-08-07 20:06:00,7203.125932435731,STOP_LOSS,-287.4067564269353,688.24,-975.6467564269353,4.0,2026-08
CRUDEOIL,SHORT,2026-08-07 20:07:00,7195.0,7198.3119291103085,7181.752283558766,SHA_FLIP,2026-08-07 20:08:00,7198.3119291103085,STOP_LOSS,-331.19291103084834,687.8,-1018.9929110308483,1.0,2026-08
SILVER,SHORT,2026-08-07 20:03:00,2348.0,2350.210939544867,2341.367181365399,SHA_FLIP,2026-08-07 20:19:00,2341.367181365399,TAKE_PROFIT,198.98455903802642,208.176,-9.19144096197357,16.0,2026-08
CRUDEOIL,LONG,2026-08-07 20:15:00,7203.0,7201.0586088409245,7210.765564636302,SHA_FLIP,2026-08-07 20:21:00,7210.765564636302,TAKE_PROFIT,776.556463630186,688.12,88.43646363018604,6.0,2026-08
GOLD,LONG,2026-08-07 20:38:00,121915.0,121870.01299100576,122049.96102698272,SHA_FLIP,2026-08-07 20:40:00,121870.01299100576,STOP_LOSS,-4498.700899424148,5276.6,-9775.300899424148,2.0,2026-08
SILVER,SHORT,2026-08-07 21:11:00,2344.0,2345.648202696778,2339.0553919096665,SHA_FLIP,2026-08-07 21:12:00,2345.648202696778,STOP_LOSS,-49.446080903335314,208.128,-257.5740809033353,1.0,2026-08
GOLD,LONG,2026-08-07 21:05:00,122054.0,122005.6825144303,122198.9524567091,SHA_FLIP,2026-08-07 21:21:00,122005.6825144303,STOP_LOSS,-4831.748556969978,5282.16,-10113.908556969978,16.0,2026-08
CRUDEOIL,SHORT,2026-08-07 21:41:00,7270.0,7275.672679949416,7247.309280202335,SHA_FLIP,2026-08-07 21:44:00,7275.672679949416,STOP_LOSS,-567.2679949416306,690.8,-1258.0679949416306,3.0,2026-08
GOLD,SHORT,2026-08-07 21:48:00,121967.0,121984.729507018,121913.81147894601,SHA_FLIP,2026-08-07 21:50:00,121984.729507018,STOP_LOSS,-1772.9507017997093,5278.68,-7051.63070179971,2.0,2026-08
GOLD,LONG,2026-08-07 21:51:00,122068.0,122019.8507475797,122212.44775726092,SHA_FLIP,2026-08-07 21:52:00,122019.8507475797,STOP_LOSS,-4814.925242030586,5282.72,-10097.645242030587,1.0,2026-08
CRUDEOIL,SHORT,2026-08-07 22:04:00,7283.0,7286.031965378789,7270.872138484843,SHA_FLIP,2026-08-07 22:28:00,7286.031965378789,STOP_LOSS,-303.19653787892094,691.3199999999999,-994.5165378789209,24.0,2026-08
GOLD,SHORT,2026-08-07 21:54:00,121926.0,121988.12204668664,121739.63385994009,SHA_FLIP,2026-08-07 22:59:00,121988.12204668664,STOP_LOSS,-6212.204668663617,5277.04,-11489.244668663618,65.0,2026-08
CRUDEOIL,SHORT,2026-08-07 22:33:00,7275.0,7278.663384411191,7260.346462355235,SHA_FLIP,2026-08-07 23:03:00,7260.346462355235,TAKE_PROFIT,1465.3537644764583,691.0,774.3537644764583,30.0,2026-08
GOLD,LONG,2026-08-07 23:09:00,121980.0,121939.21677569745,122102.34967290764,SHA_FLIP,2026-08-07 23:10:00,121939.21677569745,STOP_LOSS,-4078.322430254775,5279.2,-9357.522430254776,1.0,2026-08
GOLD,LONG,2026-08-07 23:26:00,122000.0,121962.39461199855,122112.81616400435,SHA_FLIP,2026-08-07 23:29:00,122112.81616400435,TAKE_PROFIT,11281.61640043545,5280.0,6001.6164004354505,3.0,2026-08
SILVER,SHORT,2026-08-07 21:54:00,2340.0,2343.316407897734,2330.0507763067985,SHA_FLIP,2026-08-10 09:00:00,2341.0,SESSION_END,-30.0,208.08,-238.08,3546.0,2026-08
CRUDEOIL,LONG,2026-08-10 09:37:00,7349.0,7345.409734406674,7363.361062373304,SHA_FLIP,2026-08-10 09:52:00,7345.409734406674,STOP_LOSS,-359.02655933259666,693.96,-1052.9865593325967,15.0,2026-08
SILVER,LONG,2026-08-10 09:41:00,2355.0,2352.2375460105636,2363.287361968309,SHA_FLIP,2026-08-10 11:09:00,2363.287361968309,TAKE_PROFIT,248.62085904927426,208.26,40.36085904927427,88.0,2026-08
CRUDEOIL,SHORT,2026-08-10 11:14:00,7305.0,7308.430118558682,7291.279525765272,SHA_FLIP,2026-08-10 11:21:00,7291.279525765272,TAKE_PROFIT,1372.047423472759,692.2,679.8474234727589,7.0,2026-08
SILVER,LONG,2026-08-10 11:45:00,2369.0,2365.7204992772245,2378.8385021683266,SHA_FLIP,2026-08-10 11:49:00,2365.7204992772245,STOP_LOSS,-98.38502168326613,208.428,-306.81302168326613,4.0,2026-08
CRUDEOIL,SHORT,2026-08-10 12:08:00,7284.0,7285.024074363478,7279.903702546089,SHA_FLIP,2026-08-10 12:09:00,7279.903702546089,TAKE_PROFIT,409.62974539106654,691.36,-281.7302546089335,1.0,2026-08
SILVER,SHORT,2026-08-10 12:12:00,2366.0,2369.1252001176567,2356.62439964703,SHA_FLIP,2026-08-10 12:16:00,2369.1252001176567,STOP_LOSS,-93.75600352970196,208.392,-302.14800352970195,4.0,2026-08
SILVER,LONG,2026-08-10 12:16:00,2369.0,2366.0341528096815,2377.8975415709556,SHA_FLIP,2026-08-10 12:24:00,2366.0341528096815,STOP_LOSS,-88.97541570955582,208.428,-297.4034157095558,8.0,2026-08
SILVER,LONG,2026-08-10 12:28:00,2369.0,2366.6192357068667,2376.1422928794,SHA_FLIP,2026-08-10 12:32:00,2366.6192357068667,STOP_LOSS,-71.42292879399974,208.428,-279.85092879399974,4.0,2026-08
CRUDEOIL,SHORT,2026-08-10 12:31:00,7277.0,7279.549702732245,7266.801189071019,SHA_FLIP,2026-08-10 12:32:00,7279.549702732245,STOP_LOSS,-254.97027322453505,691.08,-946.0502732245351,1.0,2026-08
CRUDEOIL,LONG,2026-08-10 12:32:00,7300.0,7293.1902576320535,7327.238969471786,SHA_FLIP,2026-08-10 12:35:00,7327.238969471786,TAKE_PROFIT,2723.896947178582,692.0,2031.8969471785822,3.0,2026-08
SILVER,SHORT,2026-08-10 12:32:00,2366.0,2368.254261905702,2359.2372142828935,SHA_FLIP,2026-08-10 12:53:00,2368.254261905702,STOP_LOSS,-67.62785717106453,208.392,-276.01985717106453,21.0,2026-08
SILVER,SHORT,2026-08-10 13:02:00,2366.0,2368.312672012972,2359.0619839610836,SHA_FLIP,2026-08-10 13:10:00,2368.312672012972,STOP_LOSS,-69.3801603891643,208.392,-277.7721603891643,8.0,2026-08
SILVER,SHORT,2026-08-10 13:25:00,2366.0,2368.00420635396,2359.98738093812,SHA_FLIP,2026-08-10 13:58:00,2368.00420635396,STOP_LOSS,-60.12619061879832,208.392,-268.5181906187983,33.0,2026-08
SILVER,LONG,2026-08-10 13:58:00,2369.0,2366.3909718852788,2376.8270843441637,SHA_FLIP,2026-08-10 14:03:00,2366.3909718852788,STOP_LOSS,-78.27084344163723,208.428,-286.6988434416372,5.0,2026-08
CRUDEOIL,SHORT,2026-08-10 15:09:00,7355.0,7359.068503071501,7338.725987713995,SHA_FLIP,2026-08-10 15:10:00,7359.068503071501,STOP_LOSS,-406.85030715012545,694.2,-1101.0503071501255,1.0,2026-08
SILVER,SHORT,2026-08-10 14:53:00,2363.0,2364.9176351493857,2357.247094551843,SHA_FLIP,2026-08-10 16:11:00,2357.247094551843,TAKE_PROFIT,172.5871634447094,208.356,-35.76883655529059,78.0,2026-08
SILVER,SHORT,2026-08-10 16:39:00,2357.0,2357.1250463897227,2356.624860830832,SHA_FLIP,2026-08-10 16:40:00,2356.624860830832,TAKE_PROFIT,11.25417507504153,208.284,-197.02982492495846,1.0,2026-08
CRUDEOIL,SHORT,2026-08-10 16:45:00,7384.0,7388.738474937585,7365.0461002496595,SHA_FLIP,2026-08-10 16:47:00,7388.738474937585,STOP_LOSS,-473.8474937585124,695.36,-1169.2074937585126,2.0,2026-08
GOLD,LONG,2026-08-10 17:38:00,122476.0,122450.76023581726,122551.71929254822,SHA_FLIP,2026-08-10 17:43:00,122450.76023581726,STOP_LOSS,-2523.9764182741055,5299.04,-7823.0164182741055,5.0,2026-08
GOLD,SHORT,2026-08-10 17:46:00,122400.0,122420.02230822264,122339.93307533207,SHA_FLIP,2026-08-10 17:47:00,122339.93307533207,TAKE_PROFIT,6006.692466793174,5296.0,710.6924667931744,1.0,2026-08
SILVER,LONG,2026-08-10 17:47:00,2361.0,2359.9217013973926,2364.2348958078223,SHA_FLIP,2026-08-10 17:50:00,2359.9217013973926,STOP_LOSS,-32.348958078223404,208.332,-240.6809580782234,3.0,2026-08
CRUDEOIL,LONG,2026-08-10 18:06:00,7410.0,7405.803579990536,7426.785680037858,SHA_FLIP,2026-08-10 18:22:00,7426.785680037858,TAKE_PROFIT,1678.5680037857674,696.4000000000001,982.1680037857673,16.0,2026-08
GOLD,SHORT,2026-08-10 18:24:00,122362.0,122399.09760742029,122250.70717773912,SHA_FLIP,2026-08-10 18:25:00,122399.09760742029,STOP_LOSS,-3709.760742029175,5294.4800000000005,-9004.240742029175,1.0,2026-08
GOLD,LONG,2026-08-10 18:26:00,122480.0,122430.24224153765,122629.27327538705,SHA_FLIP,2026-08-10 18:32:00,122430.24224153765,STOP_LOSS,-4975.775846235047,5299.2,-10274.975846235047,6.0,2026-08
GOLD,SHORT,2026-08-10 18:32:00,122242.0,122315.06248571663,122022.81254285012,SHA_FLIP,2026-08-10 18:33:00,122315.06248571663,STOP_LOSS,-7306.2485716625815,5289.68,-12595.928571662582,1.0,2026-08
SILVER,SHORT,2026-08-10 18:31:00,2358.0,2359.156766223684,2354.5297013289482,SHA_FLIP,2026-08-10 18:39:00,2359.156766223684,STOP_LOSS,-34.70298671051751,208.296,-242.9989867105175,8.0,2026-08
CRUDEOIL,LONG,2026-08-10 18:43:00,7430.0,7423.737898070735,7455.048407717059,SHA_FLIP,2026-08-10 18:44:00,7423.737898070735,STOP_LOSS,-626.2101929264645,697.2,-1323.4101929264646,1.0,2026-08
GOLD,LONG,2026-08-10 18:40:00,122530.0,122467.65975347908,122717.02073956277,SHA_FLIP,2026-08-10 18:53:00,122467.65975347908,STOP_LOSS,-6234.024652092194,5301.2,-11535.224652092194,13.0,2026-08
CRUDEOIL,SHORT,2026-08-10 18:47:00,7408.0,7414.397113939787,7382.411544240851,SHA_FLIP,2026-08-10 18:57:00,7414.397113939787,STOP_LOSS,-639.7113939787232,696.3199999999999,-1336.0313939787231,10.0,2026-08
GOLD,LONG,2026-08-10 18:56:00,122532.0,122480.8460418858,122685.4618743426,SHA_FLIP,2026-08-10 19:00:00,122480.8460418858,STOP_LOSS,-5115.395811419876,5301.280000000001,-10416.675811419876,4.0,2026-08
CRUDEOIL,LONG,2026-08-10 18:57:00,7430.0,7422.360450098732,7460.558199605071,SHA_FLIP,2026-08-10 19:13:00,7460.558199605071,TAKE_PROFIT,3055.8199605071422,697.2,2358.6199605071424,16.0,2026-08
SILVER,LONG,2026-08-10 18:40:00,2360.0,2357.3301372434034,2368.0095882697897,SHA_FLIP,2026-08-10 19:21:00,2357.3301372434034,STOP_LOSS,-80.09588269789674,208.32,-288.41588269789673,41.0,2026-08
GOLD,SHORT,2026-08-10 19:16:00,122431.0,122506.28902781462,122205.13291655613,SHA_FLIP,2026-08-10 19:28:00,122205.13291655613,TAKE_PROFIT,22586.708344386716,5297.24,17289.468344386718,12.0,2026-08
SILVER,SHORT,2026-08-10 19:40:00,2357.0,2359.090777310207,2350.7276680693785,SHA_FLIP,2026-08-10 19:42:00,2359.090777310207,STOP_LOSS,-62.72331930621476,208.284,-271.00731930621475,2.0,2026-08
CRUDEOIL,LONG,2026-08-10 20:04:00,7515.0,7510.310461554468,7533.758153782128,SHA_FLIP,2026-08-10 20:09:00,7510.310461554468,STOP_LOSS,-468.953844553198,700.6,-1169.553844553198,5.0,2026-08
GOLD,LONG,2026-08-10 20:33:00,122833.0,122780.39582811185,122990.81251566444,SHA_FLIP,2026-08-10 20:35:00,122780.39582811185,STOP_LOSS,-5260.417188814608,5313.320000000001,-10573.737188814608,2.0,2026-08
GOLD,LONG,2026-08-10 20:47:00,122789.0,122742.39028784222,122928.82913647333,SHA_FLIP,2026-08-10 20:53:00,122742.39028784222,STOP_LOSS,-4660.971215777681,5311.56,-9972.531215777683,6.0,2026-08
SILVER,LONG,2026-08-10 20:34:00,2373.0,2369.8732773415113,2382.380167975466,SHA_FLIP,2026-08-10 20:55:00,2369.8732773415113,STOP_LOSS,-93.80167975466065,208.476,-302.27767975466065,21.0,2026-08
GOLD,LONG,2026-08-10 21:10:00,122771.0,122724.73663486948,122909.79009539157,SHA_FLIP,2026-08-10 21:12:00,122724.73663486948,STOP_LOSS,-4626.336513052229,5310.84,-9937.176513052229,2.0,2026-08
GOLD,SHORT,2026-08-10 21:13:00,122723.0,122761.99040390867,122606.028788274,SHA_FLIP,2026-08-10 21:14:00,122761.99040390867,STOP_LOSS,-3899.040390866867,5308.92,-9207.960390866867,1.0,2026-08
GOLD,LONG,2026-08-10 21:15:00,122773.0,122735.04720773082,122886.85837680753,SHA_FLIP,2026-08-10 21:24:00,122886.85837680753,TAKE_PROFIT,11385.83768075332,5310.92,6074.91768075332,9.0,2026-08
SILVER,LONG,2026-08-10 21:11:00,2372.0,2369.416548323015,2379.7503550309552,SHA_FLIP,2026-08-10 21:28:00,2379.7503550309552,TAKE_PROFIT,232.51065092865701,208.464,24.046650928657016,17.0,2026-08
SILVER,LONG,2026-08-10 21:59:00,2386.0,2382.0334611552776,2397.8996165341673,SHA_FLIP,2026-08-10 22:01:00,2382.0334611552776,STOP_LOSS,-118.99616534167308,208.632,-327.6281653416731,2.0,2026-08
CRUDEOIL,LONG,2026-08-10 22:11:00,7600.0,7593.323837521892,7626.7046499124335,SHA_FLIP,2026-08-10 23:04:00,7626.7046499124335,TAKE_PROFIT,2670.4649912433524,704.0,1966.4649912433524,53.0,2026-08
GOLD,LONG,2026-08-10 23:20:00,122950.0,122905.69971763129,123082.90084710614,SHA_FLIP,2026-08-10 23:23:00,122905.69971763129,STOP_LOSS,-4430.028236871294,5318.0,-9748.028236871294,3.0,2026-08
GOLD,SHORT,2026-08-10 23:23:00,122852.0,122936.38806529305,122598.83580412084,SHA_FLIP,2026-08-10 23:25:00,122936.38806529305,STOP_LOSS,-8438.806529305293,5314.08,-13752.886529305293,2.0,2026-08
SILVER,SHORT,2026-08-10 22:03:00,2381.0,2385.150386487785,2368.548840536645,SHA_FLIP,2026-08-11 09:00:00,2406.0,SESSION_END,-750.0,208.572,-958.572,657.0,2026-08
CRUDEOIL,LONG,2026-08-11 09:19:00,7655.0,7651.53351936372,7668.865922545119,SHA_FLIP,2026-08-11 09:34:00,7651.53351936372,STOP_LOSS,-346.6480636279812,706.2,-1052.8480636279812,15.0,2026-08
SILVER,LONG,2026-08-11 09:47:00,2410.0,2407.8322614033987,2416.503215789804,SHA_FLIP,2026-08-11 09:57:00,2407.8322614033987,STOP_LOSS,-65.03215789804017,208.92000000000002,-273.9521578980402,10.0,2026-08
CRUDEOIL,LONG,2026-08-11 10:07:00,7656.0,7652.484913568953,7670.060345724189,SHA_FLIP,2026-08-11 10:19:00,7670.060345724189,TAKE_PROFIT,1406.0345724188664,706.24,699.7945724188664,12.0,2026-08
CRUDEOIL,LONG,2026-08-11 10:42:00,7684.0,7679.491823053702,7702.032707785191,SHA_FLIP,2026-08-11 10:43:00,7679.491823053702,STOP_LOSS,-450.8176946297681,707.36,-1158.1776946297682,1.0,2026-08
SILVER,SHORT,2026-08-11 10:08:00,2407.0,2411.372410205146,2393.882769384562,SHA_FLIP,2026-08-11 10:56:00,2393.882769384562,TAKE_PROFIT,393.51691846314225,208.88400000000001,184.63291846314223,48.0,2026-08
CRUDEOIL,LONG,2026-08-11 11:22:00,7683.0,7680.230380442283,7694.078478230869,SHA_FLIP,2026-08-11 11:27:00,7680.230380442283,STOP_LOSS,-276.9619557717306,707.3199999999999,-984.2819557717305,5.0,2026-08
CRUDEOIL,LONG,2026-08-11 11:59:00,7710.0,7703.183378800409,7737.266484798365,SHA_FLIP,2026-08-11 12:02:00,7737.266484798365,TAKE_PROFIT,2726.6484798365127,708.4000000000001,2018.2484798365126,3.0,2026-08
SILVER,SHORT,2026-08-11 12:15:00,2375.0,2379.221215400473,2362.3363537985815,SHA_FLIP,2026-08-11 13:35:00,2379.221215400473,STOP_LOSS,-126.63646201418487,208.5,-335.1364620141849,80.0,2026-08
CRUDEOIL,LONG,2026-08-11 12:43:00,7762.0,7751.276657803969,7804.893368784124,SHA_FLIP,2026-08-11 13:40:00,7804.893368784124,TAKE_PROFIT,4289.3368784123595,710.48,3578.8568784123595,57.0,2026-08
CRUDEOIL,LONG,2026-08-11 14:11:00,7830.0,7825.467061242953,7848.131755028189,SHA_FLIP,2026-08-11 14:14:00,7825.467061242953,STOP_LOSS,-453.29387570473045,713.2,-1166.4938757047305,3.0,2026-08
CRUDEOIL,SHORT,2026-08-11 14:16:00,7807.0,7812.671471183435,7784.314115266261,SHA_FLIP,2026-08-11 14:18:00,7812.671471183435,STOP_LOSS,-567.1471183434733,712.28,-1279.4271183434732,2.0,2026-08
CRUDEOIL,LONG,2026-08-11 14:19:00,7831.0,7823.148082314073,7862.407670743709,SHA_FLIP,2026-08-11 14:27:00,7823.148082314073,STOP_LOSS,-785.1917685927219,713.24,-1498.431768592722,8.0,2026-08
CRUDEOIL,LONG,2026-08-11 14:40:00,7830.0,7826.8566868832995,7842.573252466802,SHA_FLIP,2026-08-11 14:54:00,7826.8566868832995,STOP_LOSS,-314.3313116700483,713.2,-1027.5313116700484,14.0,2026-08
CRUDEOIL,SHORT,2026-08-11 15:13:00,7797.0,7804.100237342307,7768.599050630772,SHA_FLIP,2026-08-11 15:16:00,7804.100237342307,STOP_LOSS,-710.0237342307082,711.88,-1421.9037342307083,3.0,2026-08
SILVER,LONG,2026-08-11 13:58:00,2384.0,2380.754774086346,2393.735677740962,SHA_FLIP,2026-08-11 15:41:00,2393.735677740962,TAKE_PROFIT,292.07033222885457,208.608,83.46233222885456,103.0,2026-08
CRUDEOIL,SHORT,2026-08-11 15:28:00,7797.0,7802.498797337719,7775.004810649123,SHA_FLIP,2026-08-11 15:54:00,7775.004810649123,TAKE_PROFIT,2199.51893508769,711.88,1487.6389350876898,26.0,2026-08
CRUDEOIL,SHORT,2026-08-11 16:15:00,7745.0,7752.399789794085,7715.400840823659,SHA_FLIP,2026-08-11 16:31:00,7715.400840823659,TAKE_PROFIT,2959.9159176341345,709.8,2250.1159176341343,16.0,2026-08
SILVER,LONG,2026-08-11 16:08:00,2396.0,2391.8302606275984,2408.509218117205,SHA_FLIP,2026-08-11 17:09:00,2391.8302606275984,STOP_LOSS,-125.0921811720491,208.752,-333.8441811720491,61.0,2026-08
CRUDEOIL,SHORT,2026-08-11 17:09:00,7630.0,7640.103120967922,7589.587516128311,SHA_FLIP,2026-08-11 17:22:00,7640.103120967922,STOP_LOSS,-1010.3120967922223,705.2,-1715.5120967922223,13.0,2026-08
SILVER,SHORT,2026-08-11 17:31:00,2394.0,2396.0016348771546,2387.995095368536,SHA_FLIP,2026-08-11 17:37:00,2396.0016348771546,STOP_LOSS,-60.04904631463887,208.728,-268.7770463146389,6.0,2026-08
GOLD,LONG,2026-08-11 17:37:00,124041.0,124001.81959479154,124158.54121562539,SHA_FLIP,2026-08-11 17:50:00,124158.54121562539,TAKE_PROFIT,11754.121562538785,5361.64,6392.481562538785,13.0,2026-08
GOLD,LONG,2026-08-11 18:14:00,124075.0,124015.93912964058,124252.18261107826,SHA_FLIP,2026-08-11 18:23:00,124015.93912964058,STOP_LOSS,-5906.087035941891,5363.0,-11269.087035941891,9.0,2026-08
CRUDEOIL,LONG,2026-08-11 18:23:00,7654.0,7649.524683880671,7671.901264477317,SHA_FLIP,2026-08-11 18:30:00,7649.524683880671,STOP_LOSS,-447.53161193293636,706.1600000000001,-1153.6916119329364,7.0,2026-08
CRUDEOIL,SHORT,2026-08-11 18:30:00,7640.0,7647.658414845025,7609.366340619901,SHA_FLIP,2026-08-11 18:33:00,7609.366340619901,TAKE_PROFIT,3063.3659380098834,705.6,2357.7659380098835,3.0,2026-08
GOLD,LONG,2026-08-11 18:31:00,124050.0,124013.09282460826,124160.72152617521,SHA_FLIP,2026-08-11 18:35:00,124013.09282460826,STOP_LOSS,-3690.7175391737837,5362.0,-9052.717539173784,4.0,2026-08
GOLD,SHORT,2026-08-11 18:46:00,123929.0,123994.8323053067,123731.5030840799,SHA_FLIP,2026-08-11 18:48:00,123994.8323053067,STOP_LOSS,-6583.230530669971,5357.16,-11940.39053066997,2.0,2026-08
GOLD,LONG,2026-08-11 18:54:00,124075.0,124014.89265212794,124255.3220436162,SHA_FLIP,2026-08-11 19:03:00,124014.89265212794,STOP_LOSS,-6010.7347872064565,5363.0,-11373.734787206457,9.0,2026-08
GOLD,SHORT,2026-08-11 19:04:00,123930.0,123983.98935126718,123768.03194619845,SHA_FLIP,2026-08-11 19:06:00,123983.98935126718,STOP_LOSS,-5398.935126718425,5357.2,-10756.135126718425,2.0,2026-08
GOLD,LONG,2026-08-11 19:11:00,124107.0,124049.0618030131,124280.8145909607,SHA_FLIP,2026-08-11 19:18:00,124049.0618030131,STOP_LOSS,-5793.819698689913,5364.280000000001,-11158.099698689914,7.0,2026-08
CRUDEOIL,SHORT,2026-08-11 19:12:00,7581.0,7587.764043725981,7553.9438250960775,SHA_FLIP,2026-08-11 19:33:00,7587.764043725981,STOP_LOSS,-676.4043725980628,703.24,-1379.6443725980628,21.0,2026-08
GOLD,SHORT,2026-08-11 19:56:00,123850.0,123890.28976458189,123729.13070625433,SHA_FLIP,2026-08-11 19:58:00,123890.28976458189,STOP_LOSS,-4028.976458188845,5354.0,-9382.976458188845,2.0,2026-08
GOLD,SHORT,2026-08-11 20:29:00,123951.0,123989.16066180641,123836.51801458077,SHA_FLIP,2026-08-11 20:30:00,123989.16066180641,STOP_LOSS,-3816.0661806410644,5358.04,-9174.106180641065,1.0,2026-08
GOLD,LONG,2026-08-11 20:30:00,124050.0,123997.12742643444,124208.61772069668,SHA_FLIP,2026-08-11 20:36:00,123997.12742643444,STOP_LOSS,-5287.257356556074,5362.0,-10649.257356556074,6.0,2026-08
GOLD,SHORT,2026-08-11 20:38:00,123920.0,123957.55015877268,123807.34952368197,SHA_FLIP,2026-08-11 20:43:00,123957.55015877268,STOP_LOSS,-3755.0158772675786,5356.8,-9111.815877267578,5.0,2026-08
SILVER,SHORT,2026-08-11 17:53:00,2394.0,2397.7835283377017,2382.649414986895,SHA_FLIP,2026-08-11 21:07:00,2382.649414986895,TAKE_PROFIT,340.5175503931514,208.728,131.7895503931514,194.0,2026-08
GOLD,LONG,2026-08-11 21:48:00,123798.0,123750.72234430569,123939.83296708294,SHA_FLIP,2026-08-11 21:50:00,123750.72234430569,STOP_LOSS,-4727.765569431358,5351.92,-10079.685569431358,2.0,2026-08
GOLD,SHORT,2026-08-11 22:03:00,123721.0,123759.08899573714,123606.73301278858,SHA_FLIP,2026-08-11 22:04:00,123759.08899573714,STOP_LOSS,-3808.8995737140067,5348.84,-9157.739573714007,1.0,2026-08
CRUDEOIL,LONG,2026-08-11 21:03:00,7689.0,7679.258995339836,7727.964018640658,SHA_FLIP,2026-08-11 22:06:00,7679.258995339836,STOP_LOSS,-974.1004660164435,707.56,-1681.6604660164435,63.0,2026-08
SILVER,LONG,2026-08-11 22:07:00,2391.0,2389.357970620432,2395.9260881387045,SHA_FLIP,2026-08-11 22:11:00,2389.357970620432,STOP_LOSS,-49.26088138704472,208.692,-257.9528813870447,4.0,2026-08
GOLD,LONG,2026-08-11 22:08:00,123827.0,123786.13733860843,123949.58798417471,SHA_FLIP,2026-08-11 22:11:00,123786.13733860843,STOP_LOSS,-4086.266139156942,5353.08,-9439.346139156942,3.0,2026-08
SILVER,SHORT,2026-08-11 22:40:00,2388.0,2390.1008873067726,2381.697338079682,SHA_FLIP,2026-08-11 23:04:00,2381.697338079682,TAKE_PROFIT,189.0798576095358,208.656,-19.576142390464213,24.0,2026-08
CRUDEOIL,LONG,2026-08-11 23:11:00,7716.0,7714.080157936634,7723.679368253463,SHA_FLIP,2026-08-11 23:13:00,7714.080157936634,STOP_LOSS,-191.98420633656497,708.6400000000001,-900.6242063365651,2.0,2026-08
SILVER,SHORT,2026-08-11 23:27:00,2382.0,2385.537683462001,2371.386949613997,SHA_FLIP,2026-08-11 23:28:00,2385.537683462001,STOP_LOSS,-106.13050386003124,208.584,-314.71450386003124,1.0,2026-08
GOLD,SHORT,2026-08-11 23:28:00,123608.0,123660.08297837566,123451.75106487301,SHA_FLIP,2026-08-12 09:00:00,124320.0,SESSION_END,-71200.0,5344.320000000001,-76544.32,572.0,2026-08
SILVER,LONG,2026-08-12 10:37:00,2398.0,2397.385721870436,2399.8428343886917,SHA_FLIP,2026-08-12 10:40:00,2397.385721870436,STOP_LOSS,-18.42834388691699,208.776,-227.204343886917,3.0,2026-08
CRUDEOIL,LONG,2026-08-12 10:46:00,7762.0,7758.344843652634,7776.620625389463,SHA_FLIP,2026-08-12 10:55:00,7758.344843652634,STOP_LOSS,-365.5156347365846,710.48,-1075.9956347365846,9.0,2026-08
SILVER,SHORT,2026-08-12 10:45:00,2394.0,2396.1866457592287,2387.440062722314,SHA_FLIP,2026-08-12 11:29:00,2396.1866457592287,STOP_LOSS,-65.59937277686004,208.728,-274.32737277686005,44.0,2026-08
SILVER,SHORT,2026-08-12 11:37:00,2393.0,2394.3055139448566,2389.0834581654303,SHA_FLIP,2026-08-12 11:48:00,2394.3055139448566,STOP_LOSS,-39.16541834569671,208.716,-247.88141834569672,11.0,2026-08
CRUDEOIL,LONG,2026-08-12 11:32:00,7766.0,7759.757993802416,7790.968024790334,SHA_FLIP,2026-08-12 11:49:00,7759.757993802416,STOP_LOSS,-624.2006197583578,710.6400000000001,-1334.840619758358,17.0,2026-08
SILVER,LONG,2026-08-12 11:48:00,2398.0,2395.469042036304,2405.592873891088,SHA_FLIP,2026-08-12 12:06:00,2395.469042036304,STOP_LOSS,-75.92873891087947,208.776,-284.7047389108795,18.0,2026-08
SILVER,LONG,2026-08-12 12:42:00,2408.0,2404.8156319520513,2417.553104143846,SHA_FLIP,2026-08-12 12:48:00,2404.8156319520513,STOP_LOSS,-95.53104143846213,208.89600000000002,-304.42704143846214,6.0,2026-08
CRUDEOIL,SHORT,2026-08-12 12:59:00,7744.0,7747.720127430104,7729.119490279583,SHA_FLIP,2026-08-12 13:04:00,7747.720127430104,STOP_LOSS,-372.0127430104185,709.76,-1081.7727430104185,5.0,2026-08
CRUDEOIL,SHORT,2026-08-12 13:31:00,7741.0,7746.224651642415,7720.101393430341,SHA_FLIP,2026-08-12 13:48:00,7746.224651642415,STOP_LOSS,-522.4651642414756,709.6400000000001,-1232.1051642414757,17.0,2026-08
CRUDEOIL,SHORT,2026-08-12 14:22:00,7718.0,7721.79484341007,7702.82062635972,SHA_FLIP,2026-08-12 14:37:00,7721.79484341007,STOP_LOSS,-379.4843410069916,708.72,-1088.2043410069916,15.0,2026-08
SILVER,LONG,2026-08-12 13:33:00,2410.0,2406.8614372700586,2419.4156881898243,SHA_FLIP,2026-08-12 14:43:00,2419.4156881898243,TAKE_PROFIT,282.4706456947297,208.92000000000002,73.55064569472967,70.0,2026-08
CRUDEOIL,SHORT,2026-08-12 14:52:00,7700.0,7705.625189884924,7677.499240460304,SHA_FLIP,2026-08-12 14:53:00,7677.499240460304,TAKE_PROFIT,2250.0759539696446,708.0,1542.0759539696446,1.0,2026-08
CRUDEOIL,LONG,2026-08-12 15:55:00,7683.0,7680.510829884558,7692.956680461768,SHA_FLIP,2026-08-12 15:59:00,7692.956680461768,TAKE_PROFIT,995.6680461767974,707.3199999999999,288.3480461767974,4.0,2026-08
CRUDEOIL,LONG,2026-08-12 16:40:00,7714.0,7712.312069688814,7720.751721244746,SHA_FLIP,2026-08-12 16:45:00,7712.312069688814,STOP_LOSS,-168.7930311186392,708.56,-877.3530311186391,5.0,2026-08
CRUDEOIL,LONG,2026-08-12 17:20:00,7735.0,7726.602143427224,7768.591426291103,SHA_FLIP,2026-08-12 17:26:00,7726.602143427224,STOP_LOSS,-839.7856572775709,709.4000000000001,-1549.185657277571,6.0,2026-08
GOLD,LONG,2026-08-12 17:54:00,124489.0,124439.79823721225,124636.60528836325,SHA_FLIP,2026-08-12 17:55:00,124439.79823721225,STOP_LOSS,-4920.176278775034,5379.56,-10299.736278775035,1.0,2026-08
SILVER,SHORT,2026-08-12 15:35:00,2415.0,2418.1339607850286,2405.598117644914,SHA_FLIP,2026-08-12 18:00:00,2418.1339607850286,STOP_LOSS,-94.01882355085945,208.98,-302.99882355085947,145.0,2026-08
CRUDEOIL,LONG,2026-08-12 18:01:00,7735.0,7734.0438596513195,7738.824561394722,SHA_FLIP,2026-08-12 18:03:00,7734.0438596513195,STOP_LOSS,-95.6140348680492,709.4000000000001,-805.0140348680493,2.0,2026-08
CRUDEOIL,SHORT,2026-08-12 18:05:00,7712.0,7717.940312582689,7688.238749669243,SHA_FLIP,2026-08-12 18:19:00,7688.238749669243,TAKE_PROFIT,2376.125033075732,708.48,1667.645033075732,14.0,2026-08
GOLD,SHORT,2026-08-12 18:43:00,124705.0,124780.49632571769,124478.51102284694,SHA_FLIP,2026-08-12 18:47:00,124780.49632571769,STOP_LOSS,-7549.632571768598,5388.2,-12937.832571768598,4.0,2026-08
CRUDEOIL,SHORT,2026-08-12 19:21:00,7655.0,7659.944851145351,7635.220595418596,SHA_FLIP,2026-08-12 19:28:00,7659.944851145351,STOP_LOSS,-494.48511453510946,706.2,-1200.6851145351095,7.0,2026-08
GOLD,LONG,2026-08-12 19:16:00,124776.0,124708.35190397152,124978.94428808545,SHA_FLIP,2026-08-12 19:32:00,124708.35190397152,STOP_LOSS,-6764.809602848254,5391.04,-12155.849602848255,16.0,2026-08
CRUDEOIL,LONG,2026-08-12 19:46:00,7676.0,7668.725796197859,7705.0968152085625,SHA_FLIP,2026-08-12 19:49:00,7668.725796197859,STOP_LOSS,-727.4203802140619,707.04,-1434.4603802140618,3.0,2026-08
GOLD,LONG,2026-08-12 19:40:00,124848.0,124795.13944609078,125006.58166172767,SHA_FLIP,2026-08-12 19:54:00,125006.58166172767,TAKE_PROFIT,15858.166172767233,5393.92,10464.246172767233,14.0,2026-08
GOLD,LONG,2026-08-12 19:59:00,124964.0,124889.99106271204,125186.02681186388,SHA_FLIP,2026-08-12 20:01:00,124889.99106271204,STOP_LOSS,-7400.893728795927,5398.56,-12799.453728795928,2.0,2026-08
GOLD,LONG,2026-08-12 20:16:00,124971.0,124885.89425021072,125226.31724936783,SHA_FLIP,2026-08-12 20:17:00,124885.89425021072,STOP_LOSS,-8510.574978927616,5398.84,-13909.414978927616,1.0,2026-08
GOLD,SHORT,2026-08-12 20:19:00,124821.0,124900.96069104802,124581.11792685594,SHA_FLIP,2026-08-12 20:38:00,124900.96069104802,STOP_LOSS,-7996.0691048021545,5392.84,-13388.909104802155,19.0,2026-08
CRUDEOIL,LONG,2026-08-12 20:09:00,7670.0,7663.550489133048,7695.798043467807,SHA_FLIP,2026-08-12 20:45:00,7695.798043467807,TAKE_PROFIT,2579.8043467806565,706.8,1873.0043467806565,36.0,2026-08
CRUDEOIL,LONG,2026-08-12 21:05:00,7700.0,7693.034926547479,7727.860293810085,SHA_FLIP,2026-08-12 21:09:00,7693.034926547479,STOP_LOSS,-696.507345252121,708.0,-1404.507345252121,4.0,2026-08
GOLD,LONG,2026-08-12 21:14:00,124900.0,124876.41488830064,124970.75533509807,SHA_FLIP,2026-08-12 21:15:00,124876.41488830064,STOP_LOSS,-2358.5111699358094,5396.0,-7754.511169935809,1.0,2026-08
GOLD,SHORT,2026-08-12 21:15:00,124830.0,124864.44043013944,124726.67870958168,SHA_FLIP,2026-08-12 21:16:00,124864.44043013944,STOP_LOSS,-3444.043013943883,5393.2,-8837.243013943884,1.0,2026-08
CRUDEOIL,LONG,2026-08-12 21:16:00,7701.0,7697.122385034473,7716.510459862107,SHA_FLIP,2026-08-12 21:39:00,7697.122385034473,STOP_LOSS,-387.76149655268455,708.04,-1095.8014965526845,23.0,2026-08
GOLD,SHORT,2026-08-12 21:36:00,124806.0,124851.54540593454,124669.3637821964,SHA_FLIP,2026-08-12 21:42:00,124851.54540593454,STOP_LOSS,-4554.5405934535665,5392.240000000001,-9946.780593453568,6.0,2026-08
GOLD,LONG,2026-08-12 21:44:00,124878.0,124846.56193818485,124972.31418544544,SHA_FLIP,2026-08-12 21:46:00,124846.56193818485,STOP_LOSS,-3143.8061815148103,5395.12,-8538.92618151481,2.0,2026-08
GOLD,SHORT,2026-08-12 21:47:00,124816.0,124847.21168053566,124722.36495839301,SHA_FLIP,2026-08-12 21:48:00,124847.21168053566,STOP_LOSS,-3121.168053566362,5392.64,-8513.808053566361,1.0,2026-08
CRUDEOIL,LONG,2026-08-12 21:49:00,7719.0,7711.644502070996,7748.421991716015,SHA_FLIP,2026-08-12 21:58:00,7711.644502070996,STOP_LOSS,-735.5497929003832,708.76,-1444.3097929003832,9.0,2026-08
GOLD,LONG,2026-08-12 21:49:00,124879.0,124844.63655995321,124982.09032014036,SHA_FLIP,2026-08-12 22:01:00,124844.63655995321,STOP_LOSS,-3436.34400467854,5395.16,-8831.50400467854,12.0,2026-08
GOLD,SHORT,2026-08-12 22:02:00,124831.0,124852.15543308234,124767.53370075297,SHA_FLIP,2026-08-12 22:06:00,124852.15543308234,STOP_LOSS,-2115.5433082341915,5393.240000000001,-7508.783308234192,4.0,2026-08
SILVER,SHORT,2026-08-12 18:33:00,2417.0,2422.866639261094,2399.400082216718,SHA_FLIP,2026-08-12 22:15:00,2399.400082216718,TAKE_PROFIT,527.9975334984556,209.004,318.9935334984556,222.0,2026-08
CRUDEOIL,LONG,2026-08-12 22:46:00,7719.0,7713.716817670908,7740.132729316367,SHA_FLIP,2026-08-12 22:49:00,7713.716817670908,STOP_LOSS,-528.3182329091687,708.76,-1237.0782329091687,3.0,2026-08
GOLD,SHORT,2026-08-12 22:59:00,124631.0,124673.15947500513,124504.52157498461,SHA_FLIP,2026-08-12 23:03:00,124673.15947500513,STOP_LOSS,-4215.947500512993,5385.240000000001,-9601.187500512995,4.0,2026-08
CRUDEOIL,LONG,2026-08-12 23:10:00,7717.0,7714.980894760345,7725.07642095862,SHA_FLIP,2026-08-12 23:11:00,7714.980894760345,STOP_LOSS,-201.91052396548912,708.6800000000001,-910.5905239654892,1.0,2026-08
CRUDEOIL,SHORT,2026-08-12 23:17:00,7698.0,7704.361451635037,7672.554193459851,SHA_FLIP,2026-08-12 23:19:00,7704.361451635037,STOP_LOSS,-636.1451635037156,707.9200000000001,-1344.0651635037157,2.0,2026-08
SILVER,LONG,2026-08-13 10:20:00,2389.0,2388.089395356893,2391.731813929321,SHA_FLIP,2026-08-13 10:28:00,2391.731813929321,TAKE_PROFIT,81.95441787963318,208.668,-126.71358212036682,8.0,2026-08
CRUDEOIL,LONG,2026-08-13 11:01:00,7713.0,7710.16905796124,7724.323768155042,SHA_FLIP,2026-08-13 11:56:00,7710.16905796124,STOP_LOSS,-283.09420387604405,708.52,-991.614203876044,55.0,2026-08
CRUDEOIL,SHORT,2026-08-13 11:56:00,7706.0,7708.601609608061,7695.593561567755,SHA_FLIP,2026-08-13 12:04:00,7708.601609608061,STOP_LOSS,-260.1609608061153,708.24,-968.4009608061153,8.0,2026-08
SILVER,SHORT,2026-08-13 11:03:00,2393.0,2398.085377047664,2377.7438688570073,SHA_FLIP,2026-08-13 12:06:00,2377.7438688570073,TAKE_PROFIT,457.68393428978015,208.716,248.96793428978015,63.0,2026-08
CRUDEOIL,SHORT,2026-08-13 12:22:00,7705.0,7708.782727083207,7689.869091667173,SHA_FLIP,2026-08-13 12:23:00,7708.782727083207,STOP_LOSS,-378.2727083206737,708.2,-1086.4727083206737,1.0,2026-08
CRUDEOIL,SHORT,2026-08-13 12:54:00,7700.0,7704.537333875305,7681.850664498779,SHA_FLIP,2026-08-13 12:58:00,7681.850664498779,TAKE_PROFIT,1814.9335501220776,708.0,1106.9335501220776,4.0,2026-08
SILVER,SHORT,2026-08-13 12:36:00,2378.0,2381.2799120846234,2368.1602637461297,SHA_FLIP,2026-08-13 13:35:00,2368.1602637461297,TAKE_PROFIT,295.19208761611026,208.536,86.65608761611026,59.0,2026-08
CRUDEOIL,SHORT,2026-08-13 13:41:00,7650.0,7652.867171342274,7638.531314630905,SHA_FLIP,2026-08-13 13:55:00,7638.531314630905,TAKE_PROFIT,1146.86853690946,706.0,440.8685369094601,14.0,2026-08
SILVER,LONG,2026-08-13 14:19:00,2374.0,2371.097384797462,2382.707845607614,SHA_FLIP,2026-08-13 14:26:00,2371.097384797462,STOP_LOSS,-87.07845607614217,208.488,-295.5664560761422,7.0,2026-08
CRUDEOIL,SHORT,2026-08-13 14:24:00,7620.0,7622.488769343584,7610.044922625664,SHA_FLIP,2026-08-13 14:30:00,7610.044922625664,TAKE_PROFIT,995.5077374335815,704.8,290.70773743358154,6.0,2026-08
SILVER,LONG,2026-08-13 15:28:00,2377.0,2375.771722485976,2380.6848325420715,SHA_FLIP,2026-08-13 15:34:00,2380.6848325420715,TAKE_PROFIT,110.5449762621447,208.524,-97.9790237378553,6.0,2026-08
CRUDEOIL,LONG,2026-08-13 15:30:00,7634.0,7628.9687510830545,7654.124995667782,SHA_FLIP,2026-08-13 15:55:00,7628.9687510830545,STOP_LOSS,-503.1248916945515,705.36,-1208.4848916945516,25.0,2026-08
SILVER,LONG,2026-08-13 15:49:00,2382.0,2379.962774998388,2388.1116750048363,SHA_FLIP,2026-08-13 16:20:00,2388.1116750048363,TAKE_PROFIT,183.35025014509029,208.584,-25.233749854909718,31.0,2026-08
SILVER,SHORT,2026-08-13 16:42:00,2384.0,2385.0676402832355,2380.7970791502935,SHA_FLIP,2026-08-13 16:44:00,2385.0676402832355,STOP_LOSS,-32.029208497065156,208.608,-240.63720849706516,2.0,2026-08
SILVER,LONG,2026-08-13 16:44:00,2386.0,2383.910972409481,2392.267082771557,SHA_FLIP,2026-08-13 16:53:00,2383.910972409481,STOP_LOSS,-62.67082771556943,208.632,-271.30282771556944,9.0,2026-08
CRUDEOIL,SHORT,2026-08-13 15:55:00,7615.0,7621.866630530403,7587.533477878387,SHA_FLIP,2026-08-13 17:10:00,7621.866630530403,STOP_LOSS,-686.6630530403199,704.6,-1391.2630530403198,75.0,2026-08
SILVER,SHORT,2026-08-13 16:54:00,2383.0,2384.723906404451,2377.8282807866467,SHA_FLIP,2026-08-13 17:28:00,2384.723906404451,STOP_LOSS,-51.71719213353299,208.596,-260.313192133533,34.0,2026-08
SILVER,LONG,2026-08-13 17:28:00,2386.0,2383.250496077604,2394.2485117671877,SHA_FLIP,2026-08-13 17:32:00,2383.250496077604,STOP_LOSS,-82.48511767187665,208.632,-291.11711767187666,4.0,2026-08
CRUDEOIL,SHORT,2026-08-13 17:29:00,7609.0,7611.945931612856,7597.216273548576,SHA_FLIP,2026-08-13 17:39:00,7597.216273548576,TAKE_PROFIT,1178.3726451423718,704.36,474.01264514237175,10.0,2026-08
SILVER,SHORT,2026-08-13 18:02:00,2382.0,2386.389133161457,2368.8326005156296,SHA_FLIP,2026-08-13 18:05:00,2386.389133161457,STOP_LOSS,-131.67399484370435,208.584,-340.25799484370435,3.0,2026-08
CRUDEOIL,SHORT,2026-08-13 18:37:00,7578.0,7584.315689054055,7552.73724378378,SHA_FLIP,2026-08-13 18:42:00,7584.315689054055,STOP_LOSS,-631.5689054054928,703.12,-1334.6889054054927,5.0,2026-08
CRUDEOIL,SHORT,2026-08-13 19:23:00,7580.0,7582.616992410544,7569.532030357823,SHA_FLIP,2026-08-13 19:24:00,7569.532030357823,TAKE_PROFIT,1046.7969642177195,703.2,343.59696421771946,1.0,2026-08
SILVER,SHORT,2026-08-13 19:22:00,2383.0,2386.029626248904,2373.9111212532875,SHA_FLIP,2026-08-13 19:40:00,2373.9111212532875,TAKE_PROFIT,272.6663624013736,208.596,64.07036240137359,18.0,2026-08
SILVER,SHORT,2026-08-13 19:54:00,2376.0,2379.308579557236,2366.074261328292,SHA_FLIP,2026-08-13 19:55:00,2379.308579557236,STOP_LOSS,-99.25738671708132,208.512,-307.7693867170813,1.0,2026-08
GOLD,SHORT,2026-08-13 20:00:00,123647.0,123720.6263110923,123426.12106672309,SHA_FLIP,2026-08-13 20:01:00,123720.6263110923,STOP_LOSS,-7362.6311092302785,5345.88,-12708.51110923028,1.0,2026-08
SILVER,SHORT,2026-08-13 19:59:00,2376.0,2379.2810501129807,2366.156849661058,SHA_FLIP,2026-08-13 20:03:00,2379.2810501129807,STOP_LOSS,-98.43150338941996,208.512,-306.94350338941996,4.0,2026-08
GOLD,LONG,2026-08-13 20:06:00,123810.0,123744.11729487916,124007.6481153625,SHA_FLIP,2026-08-13 20:36:00,123744.11729487916,STOP_LOSS,-6588.270512083545,5352.400000000001,-11940.670512083547,30.0,2026-08
GOLD,SHORT,2026-08-13 21:01:00,123644.0,123704.57214633773,123462.28356098682,SHA_FLIP,2026-08-13 21:06:00,123704.57214633773,STOP_LOSS,-6057.214633772674,5345.76,-11402.974633772674,5.0,2026-08
SILVER,SHORT,2026-08-13 21:00:00,2374.0,2378.7281523617644,2359.815542914707,SHA_FLIP,2026-08-13 21:09:00,2378.7281523617644,STOP_LOSS,-141.8445708529316,208.488,-350.3325708529316,9.0,2026-08
SILVER,LONG,2026-08-13 21:11:00,2379.0,2375.844725542324,2388.4658233730283,SHA_FLIP,2026-08-13 21:39:00,2375.844725542324,STOP_LOSS,-94.65823373028343,208.548,-303.20623373028343,28.0,2026-08
SILVER,SHORT,2026-08-13 21:39:00,2375.0,2376.252764954825,2371.2417051355246,SHA_FLIP,2026-08-13 21:42:00,2376.252764954825,STOP_LOSS,-37.58294864475374,208.5,-246.08294864475374,3.0,2026-08
SILVER,LONG,2026-08-13 21:56:00,2378.0,2376.2660483012564,2383.2018550962307,SHA_FLIP,2026-08-13 21:58:00,2376.2660483012564,STOP_LOSS,-52.01855096230702,208.536,-260.554550962307,2.0,2026-08
CRUDEOIL,LONG,2026-08-13 21:16:00,7680.0,7672.471067574077,7710.115729703692,SHA_FLIP,2026-08-13 22:02:00,7672.471067574077,STOP_LOSS,-752.8932425922903,707.2,-1460.0932425922904,46.0,2026-08
SILVER,SHORT,2026-08-13 22:01:00,2375.0,2376.532153584305,2370.403539247085,SHA_FLIP,2026-08-13 22:02:00,2376.532153584305,STOP_LOSS,-45.96460752914936,208.5,-254.46460752914936,1.0,2026-08
GOLD,LONG,2026-08-13 22:55:00,123723.0,123706.92805317884,123771.21584046348,SHA_FLIP,2026-08-13 22:58:00,123706.92805317884,STOP_LOSS,-1607.1946821160964,5348.92,-6956.114682116096,3.0,2026-08
GOLD,SHORT,2026-08-13 22:58:00,123650.0,123675.06224212328,123574.81327363015,SHA_FLIP,2026-08-13 23:01:00,123675.06224212328,STOP_LOSS,-2506.2242123283795,5346.0,-7852.2242123283795,3.0,2026-08
SILVER,LONG,2026-08-13 22:02:00,2378.0,2375.6721335602692,2384.9835993191923,SHA_FLIP,2026-08-13 23:03:00,2375.6721335602692,STOP_LOSS,-69.83599319192308,208.536,-278.3719931919231,61.0,2026-08
CRUDEOIL,LONG,2026-08-13 22:46:00,7667.0,7663.654761514395,7680.380953942418,SHA_FLIP,2026-08-13 23:06:00,7663.654761514395,STOP_LOSS,-334.5238485604568,706.6800000000001,-1041.203848560457,20.0,2026-08
CRUDEOIL,SHORT,2026-08-13 23:07:00,7655.0,7657.245699440809,7646.017202236762,SHA_FLIP,2026-08-13 23:11:00,7657.245699440809,STOP_LOSS,-224.56994408094033,706.2,-930.7699440809404,4.0,2026-08
CRUDEOIL,LONG,2026-08-13 23:14:00,7667.0,7664.612950360268,7676.548198558929,SHA_FLIP,2026-08-13 23:15:00,7664.612950360268,STOP_LOSS,-238.70496397321403,706.6800000000001,-945.3849639732141,1.0,2026-08
CRUDEOIL,SHORT,2026-08-13 23:18:00,7660.0,7662.3874671557605,7650.450131376958,SHA_FLIP,2026-08-13 23:20:00,7662.3874671557605,STOP_LOSS,-238.74671557605325,706.4000000000001,-945.1467155760533,2.0,2026-08
CRUDEOIL,LONG,2026-08-13 23:20:00,7667.0,7663.806746891895,7679.773012432419,SHA_FLIP,2026-08-13 23:25:00,7663.806746891895,STOP_LOSS,-319.32531081047273,706.6800000000001,-1026.0053108104728,5.0,2026-08
CRUDEOIL,SHORT,2026-08-13 23:26:00,7652.0,7655.906927656865,7636.372289372539,SHA_FLIP,2026-08-13 23:29:00,7655.906927656865,STOP_LOSS,-390.6927656865264,706.08,-1096.7727656865263,3.0,2026-08
CRUDEOIL,SHORT,2026-08-14 09:40:00,7624.0,7626.285175517997,7614.859297928011,SHA_FLIP,2026-08-14 09:50:00,7614.859297928011,TAKE_PROFIT,914.0702071988926,704.96,209.11020719889257,10.0,2026-08
SILVER,SHORT,2026-08-14 10:02:00,2355.0,2357.3263446900255,2348.0209659299235,SHA_FLIP,2026-08-14 10:06:00,2357.3263446900255,STOP_LOSS,-69.79034070076523,208.26,-278.0503407007652,4.0,2026-08
CRUDEOIL,SHORT,2026-08-14 10:17:00,7611.0,7612.44625011305,7605.214999547799,SHA_FLIP,2026-08-14 10:24:00,7612.44625011305,STOP_LOSS,-144.6250113050155,704.44,-849.0650113050156,7.0,2026-08
CRUDEOIL,LONG,2026-08-14 10:25:00,7620.0,7618.068262451713,7627.726950193148,SHA_FLIP,2026-08-14 10:36:00,7618.068262451713,STOP_LOSS,-193.17375482869465,704.8,-897.9737548286946,11.0,2026-08
SILVER,SHORT,2026-08-14 10:22:00,2358.0,2360.0863255342824,2351.7410233971527,SHA_FLIP,2026-08-14 10:47:00,2351.7410233971527,TAKE_PROFIT,187.7692980854181,208.296,-20.526701914581906,25.0,2026-08
CRUDEOIL,LONG,2026-08-14 10:55:00,7620.0,7617.73111849999,7629.075526000041,SHA_FLIP,2026-08-14 11:01:00,7629.075526000041,TAKE_PROFIT,907.5526000040554,704.8,202.75260000405547,6.0,2026-08
CRUDEOIL,LONG,2026-08-14 11:52:00,7680.0,7676.235590880691,7695.057636477235,SHA_FLIP,2026-08-14 11:59:00,7695.057636477235,TAKE_PROFIT,1505.7636477235064,707.2,798.5636477235064,7.0,2026-08
CRUDEOIL,LONG,2026-08-14 12:31:00,7700.0,7695.534122912419,7717.863508350325,SHA_FLIP,2026-08-14 12:36:00,7717.863508350325,TAKE_PROFIT,1786.3508350324992,708.0,1078.3508350324992,5.0,2026-08
SILVER,LONG,2026-08-14 12:33:00,2360.0,2357.4545509190384,2367.6363472428848,SHA_FLIP,2026-08-14 12:52:00,2357.4545509190384,STOP_LOSS,-76.36347242884767,208.32,-284.68347242884767,19.0,2026-08
CRUDEOIL,LONG,2026-08-14 13:02:00,7720.0,7717.817745688123,7728.729017247508,SHA_FLIP,2026-08-14 13:06:00,7717.817745688123,STOP_LOSS,-218.22543118769318,708.8,-927.0254311876931,4.0,2026-08
SILVER,LONG,2026-08-14 13:07:00,2362.0,2360.310710557915,2367.0678683262545,SHA_FLIP,2026-08-14 13:15:00,2367.0678683262545,TAKE_PROFIT,152.0360497876345,208.344,-56.30795021236548,8.0,2026-08
CRUDEOIL,LONG,2026-08-14 13:11:00,7720.0,7715.418496940162,7738.326012239351,SHA_FLIP,2026-08-14 13:17:00,7715.418496940162,STOP_LOSS,-458.15030598378144,708.8,-1166.9503059837814,6.0,2026-08
CRUDEOIL,SHORT,2026-08-14 13:18:00,7702.0,7707.149234700383,7681.403061198467,SHA_FLIP,2026-08-14 13:23:00,7707.149234700383,STOP_LOSS,-514.9234700383204,708.08,-1223.0034700383203,5.0,2026-08
CRUDEOIL,LONG,2026-08-14 13:25:00,7725.0,7719.53826448719,7746.846942051241,SHA_FLIP,2026-08-14 13:26:00,7719.53826448719,STOP_LOSS,-546.1735512810264,709.0,-1255.1735512810264,1.0,2026-08
CRUDEOIL,SHORT,2026-08-14 13:39:00,7709.0,7713.428940545029,7691.284237819884,SHA_FLIP,2026-08-14 13:42:00,7713.428940545029,STOP_LOSS,-442.8940545029036,708.36,-1151.2540545029037,3.0,2026-08
CRUDEOIL,LONG,2026-08-14 13:43:00,7729.0,7723.034667241352,7752.861331034594,SHA_FLIP,2026-08-14 13:50:00,7723.034667241352,STOP_LOSS,-596.5332758648401,709.1600000000001,-1305.6932758648402,7.0,2026-08
SILVER,LONG,2026-08-14 13:43:00,2368.0,2365.8769813050903,2374.369056084729,SHA_FLIP,2026-08-14 13:51:00,2365.8769813050903,STOP_LOSS,-63.69056084728982,208.416,-272.1065608472898,8.0,2026-08
CRUDEOIL,SHORT,2026-08-14 13:52:00,7715.0,7718.748632432017,7700.005470271932,SHA_FLIP,2026-08-14 13:58:00,7700.005470271932,TAKE_PROFIT,1499.45297280683,708.6,790.85297280683,6.0,2026-08
CRUDEOIL,SHORT,2026-08-14 14:27:00,7679.0,7680.866256399762,7671.534974400951,SHA_FLIP,2026-08-14 14:33:00,7671.534974400951,TAKE_PROFIT,746.5025599049113,707.1600000000001,39.34255990491124,6.0,2026-08
SILVER,LONG,2026-08-14 14:48:00,2372.0,2369.2676158982845,2380.1971523051466,SHA_FLIP,2026-08-14 16:12:00,2369.2676158982845,STOP_LOSS,-81.97152305146574,208.464,-290.43552305146574,84.0,2026-08
CRUDEOIL,SHORT,2026-08-14 15:25:00,7631.0,7636.7808598212305,7607.876560715078,SHA_FLIP,2026-08-14 16:20:00,7607.876560715078,TAKE_PROFIT,2312.3439284921915,705.24,1607.1039284921915,55.0,2026-08
CRUDEOIL,SHORT,2026-08-14 16:21:00,7610.0,7615.083497428444,7589.666010286222,SHA_FLIP,2026-08-14 16:40:00,7615.083497428444,STOP_LOSS,-508.3497428444389,704.4000000000001,-1212.749742844439,19.0,2026-08
CRUDEOIL,LONG,2026-08-14 16:40:00,7627.0,7621.259677671447,7649.961289314211,SHA_FLIP,2026-08-14 17:17:00,7621.259677671447,STOP_LOSS,-574.0322328552793,705.08,-1279.1122328552792,37.0,2026-08
CRUDEOIL,SHORT,2026-08-14 17:17:00,7605.0,7609.428804724759,7587.284781100963,SHA_FLIP,2026-08-14 17:32:00,7609.428804724759,STOP_LOSS,-442.8804724759175,704.2,-1147.0804724759175,15.0,2026-08
SILVER,LONG,2026-08-14 17:22:00,2378.0,2376.1876260868985,2383.4371217393045,SHA_FLIP,2026-08-14 17:44:00,2376.1876260868985,STOP_LOSS,-54.3712173930453,208.536,-262.9072173930453,22.0,2026-08
SILVER,SHORT,2026-08-14 17:44:00,2376.0,2379.528766876231,2365.4136993713064,SHA_FLIP,2026-08-14 17:54:00,2379.528766876231,STOP_LOSS,-105.86300628693607,208.512,-314.37500628693607,10.0,2026-08
GOLD,LONG,2026-08-14 17:51:00,123828.0,123746.8257661734,124071.52270147981,SHA_FLIP,2026-08-14 18:01:00,124071.52270147981,TAKE_PROFIT,24352.27014798147,5353.12,18999.150147981472,10.0,2026-08
SILVER,LONG,2026-08-14 17:54:00,2382.0,2378.879537554993,2391.361387335021,SHA_FLIP,2026-08-14 18:14:00,2378.879537554993,STOP_LOSS,-93.61387335020936,208.584,-302.19787335020936,20.0,2026-08
SILVER,LONG,2026-08-14 18:20:00,2384.0,2380.4693144785933,2394.59205656422,SHA_FLIP,2026-08-14 18:30:00,2380.4693144785933,STOP_LOSS,-105.92056564220002,208.608,-314.5285656422,10.0,2026-08
CRUDEOIL,SHORT,2026-08-14 18:30:00,7595.0,7599.852391532912,7575.59043386835,SHA_FLIP,2026-08-14 18:31:00,7599.852391532912,STOP_LOSS,-485.23915329124065,703.8,-1189.0391532912406,1.0,2026-08
CRUDEOIL,SHORT,2026-08-14 18:36:00,7595.0,7599.27849324533,7577.8860270186815,SHA_FLIP,2026-08-14 18:38:00,7599.27849324533,STOP_LOSS,-427.8493245329628,703.8,-1131.6493245329627,2.0,2026-08
CRUDEOIL,LONG,2026-08-14 18:39:00,7607.0,7602.134859360003,7626.460562559987,SHA_FLIP,2026-08-14 18:52:00,7602.134859360003,STOP_LOSS,-486.5140639996753,704.28,-1190.7940639996752,13.0,2026-08
GOLD,LONG,2026-08-14 18:21:00,123921.0,123840.45732795414,124162.62801613759,SHA_FLIP,2026-08-14 19:02:00,124162.62801613759,TAKE_PROFIT,24162.801613759075,5356.84,18805.961613759075,41.0,2026-08
CRUDEOIL,SHORT,2026-08-14 18:54:00,7595.0,7600.7360960063215,7572.055615974714,SHA_FLIP,2026-08-14 19:06:00,7572.055615974714,TAKE_PROFIT,2294.4384025286126,703.8,1590.6384025286127,12.0,2026-08
SILVER,LONG,2026-08-14 18:54:00,2384.0,2381.8776370282967,2390.36708891511,SHA_FLIP,2026-08-14 19:30:00,2390.36708891511,TAKE_PROFIT,191.01266745329667,208.608,-17.595332546703332,36.0,2026-08
GOLD,LONG,2026-08-14 19:32:00,124260.0,124198.47308243855,124444.58075268436,SHA_FLIP,2026-08-14 19:50:00,124198.47308243855,STOP_LOSS,-6152.691756145214,5370.400000000001,-11523.091756145215,18.0,2026-08
GOLD,SHORT,2026-08-14 19:50:00,124169.0,124247.26116169522,123934.21651491434,SHA_FLIP,2026-08-14 19:53:00,124247.26116169522,STOP_LOSS,-7826.116169521993,5366.76,-13192.876169521993,3.0,2026-08
GOLD,LONG,2026-08-14 19:56:00,124350.0,124264.40332285358,124606.79003143925,SHA_FLIP,2026-08-14 20:04:00,124264.40332285358,STOP_LOSS,-8559.667714641546,5374.0,-13933.667714641546,8.0,2026-08
SILVER,LONG,2026-08-14 19:55:00,2396.0,2392.1514240423335,2407.5457278729996,SHA_FLIP,2026-08-14 20:05:00,2392.1514240423335,STOP_LOSS,-115.45727872999578,208.752,-324.2092787299958,10.0,2026-08
CRUDEOIL,LONG,2026-08-14 20:22:00,7641.0,7635.682783024346,7662.268867902618,SHA_FLIP,2026-08-14 20:34:00,7662.268867902618,TAKE_PROFIT,2126.8867902617785,705.64,1421.2467902617786,12.0,2026-08
GOLD,SHORT,2026-08-14 20:06:00,124250.0,124361.6745305563,123914.97640833112,SHA_FLIP,2026-08-14 20:43:00,124361.6745305563,STOP_LOSS,-11167.453055629448,5370.0,-16537.45305562945,37.0,2026-08
CRUDEOIL,LONG,2026-08-14 20:53:00,7653.0,7649.369168042716,7667.523327829134,SHA_FLIP,2026-08-14 20:58:00,7649.369168042716,STOP_LOSS,-363.083195728359,706.12,-1069.2031957283589,5.0,2026-08
GOLD,LONG,2026-08-14 21:07:00,124289.0,124244.14255355838,124423.57233932485,SHA_FLIP,2026-08-14 21:10:00,124244.14255355838,STOP_LOSS,-4485.744644161605,5371.56,-9857.304644161606,3.0,2026-08
GOLD,SHORT,2026-08-14 21:11:00,124269.0,124297.0387193782,124184.88384186542,SHA_FLIP,2026-08-14 21:16:00,124297.0387193782,STOP_LOSS,-2803.871937819349,5370.76,-8174.631937819349,5.0,2026-08
CRUDEOIL,SHORT,2026-08-14 21:13:00,7637.0,7643.436911997688,7611.252352009247,SHA_FLIP,2026-08-14 21:16:00,7643.436911997688,STOP_LOSS,-643.6911997688185,705.48,-1349.1711997688185,3.0,2026-08
CRUDEOIL,SHORT,2026-08-14 21:36:00,7641.0,7643.983153807911,7629.067384768357,SHA_FLIP,2026-08-14 21:39:00,7643.983153807911,STOP_LOSS,-298.31538079106394,705.64,-1003.9553807910639,3.0,2026-08
GOLD,LONG,2026-08-14 21:51:00,124347.0,124319.50033501844,124429.49899494468,SHA_FLIP,2026-08-14 21:54:00,124319.50033501844,STOP_LOSS,-2749.9664981558453,5373.88,-8123.846498155845,3.0,2026-08
GOLD,SHORT,2026-08-14 21:54:00,124264.0,124298.50126339689,124160.49620980934,SHA_FLIP,2026-08-14 22:23:00,124298.50126339689,STOP_LOSS,-3450.1263396887225,5370.56,-8820.686339688724,29.0,2026-08
CRUDEOIL,LONG,2026-08-14 22:15:00,7674.0,7670.349115865533,7688.603536537867,SHA_FLIP,2026-08-14 22:42:00,7688.603536537867,TAKE_PROFIT,1460.3536537866603,706.96,753.3936537866603,27.0,2026-08
GOLD,SHORT,2026-08-14 22:35:00,124216.0,124260.89630713277,124081.31107860168,SHA_FLIP,2026-08-14 22:46:00,124260.89630713277,STOP_LOSS,-4489.630713277438,5368.64,-9858.270713277438,11.0,2026-08
GOLD,LONG,2026-08-14 22:54:00,124271.0,124241.8674503057,124358.39764908291,SHA_FLIP,2026-08-14 22:55:00,124241.8674503057,STOP_LOSS,-2913.2549694302725,5370.84,-8284.094969430273,1.0,2026-08
GOLD,SHORT,2026-08-14 22:59:00,124208.0,124239.14857715048,124114.55426854856,SHA_FLIP,2026-08-14 23:00:00,124239.14857715048,STOP_LOSS,-3114.8577150481287,5368.320000000001,-8483.177715048128,1.0,2026-08
GOLD,LONG,2026-08-14 23:02:00,124262.0,124233.1029854816,124348.6910435552,SHA_FLIP,2026-08-14 23:05:00,124233.1029854816,STOP_LOSS,-2889.7014518399374,5370.4800000000005,-8260.181451839937,3.0,2026-08
GOLD,LONG,2026-08-14 23:06:00,124270.0,124243.11056530054,124350.66830409839,SHA_FLIP,2026-08-14 23:07:00,124243.11056530054,STOP_LOSS,-2688.943469946389,5370.8,-8059.743469946389,1.0,2026-08
GOLD,SHORT,2026-08-14 23:07:00,124209.0,124244.50417673953,124102.48746978141,SHA_FLIP,2026-08-14 23:08:00,124244.50417673953,STOP_LOSS,-3550.417673953052,5368.360000000001,-8918.777673953053,1.0,2026-08
CRUDEOIL,LONG,2026-08-14 23:01:00,7697.0,7690.97031284498,7721.11874862008,SHA_FLIP,2026-08-14 23:09:00,7690.97031284498,STOP_LOSS,-602.9687155019928,707.88,-1310.848715501993,8.0,2026-08
GOLD,LONG,2026-08-14 23:13:00,124269.0,124228.60375757924,124390.18872726227,SHA_FLIP,2026-08-14 23:15:00,124228.60375757924,STOP_LOSS,-4039.6242420756607,5370.76,-9410.384242075661,2.0,2026-08
GOLD,SHORT,2026-08-14 23:23:00,124208.0,124249.35758050815,124083.92725847555,SHA_FLIP,2026-08-17 09:00:00,124457.0,SESSION_END,-24900.0,5368.320000000001,-30268.32,3457.0,2026-08
SILVER,SHORT,2026-08-14 20:50:00,2387.0,2390.2428363137733,2377.27149105868,SHA_FLIP,2026-08-17 09:00:00,2396.0,SESSION_END,-270.0,208.644,-478.644,3610.0,2026-08
SILVER,LONG,2026-08-17 09:38:00,2398.0,2395.8765816684836,2404.370254994549,SHA_FLIP,2026-08-17 09:51:00,2395.8765816684836,STOP_LOSS,-63.70254994549214,208.776,-272.47854994549215,13.0,2026-08
CRUDEOIL,LONG,2026-08-17 10:17:00,7715.0,7712.080179220046,7726.6792831198145,SHA_FLIP,2026-08-17 10:32:00,7712.080179220046,STOP_LOSS,-291.9820779953625,708.6,-1000.5820779953625,15.0,2026-08
CRUDEOIL,SHORT,2026-08-17 11:00:00,7690.0,7693.246144239153,7677.015423043387,SHA_FLIP,2026-08-17 11:10:00,7693.246144239153,STOP_LOSS,-324.6144239153182,707.6,-1032.214423915318,10.0,2026-08
CRUDEOIL,SHORT,2026-08-17 11:18:00,7692.0,7694.1314521761715,7683.474191295314,SHA_FLIP,2026-08-17 11:21:00,7683.474191295314,TAKE_PROFIT,852.5808704685915,707.6800000000001,144.9008704685914,3.0,2026-08
SILVER,LONG,2026-08-17 11:30:00,2401.0,2399.944379357353,2404.1668619279417,SHA_FLIP,2026-08-17 11:36:00,2404.1668619279417,TAKE_PROFIT,95.00585783825045,208.812,-113.80614216174956,6.0,2026-08
CRUDEOIL,SHORT,2026-08-17 11:56:00,7669.0,7670.37487338631,7663.500506454759,SHA_FLIP,2026-08-17 12:00:00,7670.37487338631,STOP_LOSS,-137.48733863103553,706.76,-844.2473386310355,4.0,2026-08
CRUDEOIL,LONG,2026-08-17 12:00:00,7673.0,7671.424340567182,7679.302637731271,SHA_FLIP,2026-08-17 12:01:00,7671.424340567182,STOP_LOSS,-157.56594328177016,706.9200000000001,-864.4859432817702,1.0,2026-08
SILVER,LONG,2026-08-17 11:59:00,2403.0,2402.131621131858,2405.6051366044258,SHA_FLIP,2026-08-17 12:04:00,2402.131621131858,STOP_LOSS,-26.05136604425752,208.836,-234.88736604425753,5.0,2026-08
SILVER,SHORT,2026-08-17 12:05:00,2402.0,2402.656866847619,2400.0293994571434,SHA_FLIP,2026-08-17 12:07:00,2400.0293994571434,TAKE_PROFIT,59.118016285697195,208.824,-149.70598371430282,2.0,2026-08
SILVER,LONG,2026-08-17 12:19:00,2403.0,2401.675760416205,2406.9727187513854,SHA_FLIP,2026-08-17 12:43:00,2401.675760416205,STOP_LOSS,-39.727187513854005,208.836,-248.56318751385402,24.0,2026-08
CRUDEOIL,SHORT,2026-08-17 13:13:00,7670.0,7674.3787214470985,7652.485114211606,SHA_FLIP,2026-08-17 13:18:00,7674.3787214470985,STOP_LOSS,-437.8721447098542,706.8,-1144.6721447098541,5.0,2026-08
CRUDEOIL,LONG,2026-08-17 13:20:00,7699.0,7692.139459557537,7726.442161769854,SHA_FLIP,2026-08-17 13:30:00,7692.139459557537,STOP_LOSS,-686.0540442463389,707.96,-1394.014044246339,10.0,2026-08
SILVER,LONG,2026-08-17 12:59:00,2403.0,2401.138304221208,2408.5850873363765,SHA_FLIP,2026-08-17 13:31:00,2401.138304221208,STOP_LOSS,-55.85087336376546,208.836,-264.68687336376547,32.0,2026-08
SILVER,SHORT,2026-08-17 13:52:00,2400.0,2401.4981357095594,2395.505592871322,SHA_FLIP,2026-08-17 14:10:00,2401.4981357095594,STOP_LOSS,-44.944071286781764,208.8,-253.74407128678178,18.0,2026-08
CRUDEOIL,LONG,2026-08-17 13:35:00,7717.0,7706.079525094772,7760.681899620911,SHA_FLIP,2026-08-17 15:09:00,7760.681899620911,TAKE_PROFIT,4368.189962091128,708.6800000000001,3659.509962091128,94.0,2026-08
SILVER,SHORT,2026-08-17 14:14:00,2400.0,2401.7051103353806,2394.884668993858,SHA_FLIP,2026-08-17 15:59:00,2401.7051103353806,STOP_LOSS,-51.15331006141787,208.8,-259.9533100614179,105.0,2026-08
SILVER,LONG,2026-08-17 16:00:00,2402.0,2399.2108267982726,2410.367519605182,SHA_FLIP,2026-08-17 16:15:00,2399.2108267982726,STOP_LOSS,-83.67519605182224,208.824,-292.49919605182225,15.0,2026-08
CRUDEOIL,LONG,2026-08-17 16:11:00,7793.0,7777.255440906886,7855.978236372455,SHA_FLIP,2026-08-17 16:17:00,7777.255440906886,STOP_LOSS,-1574.4559093113821,711.72,-2286.1759093113824,6.0,2026-08
SILVER,LONG,2026-08-17 16:27:00,2402.0,2400.445216903644,2406.664349289068,SHA_FLIP,2026-08-17 16:29:00,2400.445216903644,STOP_LOSS,-46.643492890680136,208.824,-255.46749289068015,2.0,2026-08
CRUDEOIL,SHORT,2026-08-17 16:25:00,7760.0,7768.200144001422,7727.199423994312,SHA_FLIP,2026-08-17 16:35:00,7768.200144001422,STOP_LOSS,-820.0144001421904,710.4000000000001,-1530.4144001421905,10.0,2026-08
SILVER,LONG,2026-08-17 16:41:00,2401.0,2400.4825327567623,2402.552401729713,SHA_FLIP,2026-08-17 16:53:00,2400.4825327567623,STOP_LOSS,-15.52401729712983,208.812,-224.33601729712984,12.0,2026-08
SILVER,LONG,2026-08-17 16:56:00,2402.0,2400.641038041216,2406.0768858763527,SHA_FLIP,2026-08-17 17:10:00,2400.641038041216,STOP_LOSS,-40.76885876352662,208.824,-249.59285876352664,14.0,2026-08
CRUDEOIL,SHORT,2026-08-17 16:56:00,7750.0,7753.99999071073,7734.000037157079,SHA_FLIP,2026-08-17 17:39:00,7734.000037157079,TAKE_PROFIT,1599.9962842921377,710.0,889.9962842921377,43.0,2026-08
CRUDEOIL,SHORT,2026-08-17 17:39:00,7732.0,7735.357314470992,7718.570742116033,SHA_FLIP,2026-08-17 17:56:00,7735.357314470992,STOP_LOSS,-335.7314470991696,709.28,-1045.0114470991696,17.0,2026-08
CRUDEOIL,LONG,2026-08-17 17:56:00,7781.0,7767.1624970093435,7836.350011962626,SHA_FLIP,2026-08-17 18:03:00,7767.1624970093435,STOP_LOSS,-1383.7502990656503,711.24,-2094.99029906565,7.0,2026-08
GOLD,SHORT,2026-08-17 17:56:00,124618.0,124688.79257676515,124405.62226970456,SHA_FLIP,2026-08-17 18:10:00,124405.62226970456,TAKE_PROFIT,21237.77302954404,5384.72,15853.05302954404,14.0,2026-08
SILVER,SHORT,2026-08-17 17:56:00,2396.0,2398.5941642905045,2388.2175071284864,SHA_FLIP,2026-08-17 18:13:00,2388.2175071284864,TAKE_PROFIT,233.47478614540705,208.752,24.722786145407042,17.0,2026-08
SILVER,SHORT,2026-08-17 18:33:00,2389.0,2393.4486837623867,2375.65394871284,SHA_FLIP,2026-08-17 18:40:00,2393.4486837623867,STOP_LOSS,-133.46051287160208,208.668,-342.1285128716021,7.0,2026-08
GOLD,LONG,2026-08-17 18:41:00,124597.0,124544.7994132017,124753.60176039489,SHA_FLIP,2026-08-17 18:45:00,124544.7994132017,STOP_LOSS,-5220.058679829526,5383.88,-10603.938679829527,4.0,2026-08
SILVER,SHORT,2026-08-17 18:47:00,2390.0,2392.887939556762,2381.3361813297142,SHA_FLIP,2026-08-17 19:05:00,2392.887939556762,STOP_LOSS,-86.63818670285764,208.68,-295.31818670285764,18.0,2026-08
GOLD,LONG,2026-08-17 19:05:00,124592.0,124564.4968745292,124674.5093764124,SHA_FLIP,2026-08-17 19:06:00,124564.4968745292,STOP_LOSS,-2750.3125470801024,5383.68,-8133.992547080103,1.0,2026-08
SILVER,LONG,2026-08-17 19:19:00,2393.0,2390.8375635489397,2399.487309353181,SHA_FLIP,2026-08-17 19:27:00,2399.487309353181,TAKE_PROFIT,194.6192805954297,208.716,-14.096719404570308,8.0,2026-08
GOLD,LONG,2026-08-17 19:43:00,124980.0,124926.88799346429,125139.33601960713,SHA_FLIP,2026-08-17 19:49:00,125139.33601960713,TAKE_PROFIT,15933.601960712986,5399.2,10534.401960712985,6.0,2026-08
CRUDEOIL,SHORT,2026-08-17 19:01:00,7750.0,7756.098148307687,7725.607406769253,SHA_FLIP,2026-08-17 19:53:00,7725.607406769253,TAKE_PROFIT,2439.259323074657,710.0,1729.259323074657,52.0,2026-08
SILVER,LONG,2026-08-17 19:44:00,2398.0,2395.900530866829,2404.2984073995135,SHA_FLIP,2026-08-17 19:54:00,2404.2984073995135,TAKE_PROFIT,188.95222198540523,208.776,-19.82377801459478,10.0,2026-08
CRUDEOIL,LONG,2026-08-17 20:00:00,7744.0,7740.182120392451,7759.271518430196,SHA_FLIP,2026-08-17 20:23:00,7740.182120392451,STOP_LOSS,-381.78796075490027,709.76,-1091.5479607549003,23.0,2026-08
GOLD,LONG,2026-08-17 20:37:00,125191.0,125147.49443286026,125321.51670141923,SHA_FLIP,2026-08-17 20:39:00,125147.49443286026,STOP_LOSS,-4350.55671397422,5407.64,-9758.19671397422,2.0,2026-08
GOLD,SHORT,2026-08-17 21:11:00,125165.0,125207.5240445218,125037.42786643462,SHA_FLIP,2026-08-17 21:18:00,125207.5240445218,STOP_LOSS,-4252.404452179326,5406.6,-9659.004452179326,7.0,2026-08
GOLD,LONG,2026-08-17 21:20:00,125269.0,125227.32582291488,125394.02253125537,SHA_FLIP,2026-08-17 21:22:00,125227.32582291488,STOP_LOSS,-4167.417708512221,5410.76,-9578.177708512221,2.0,2026-08
CRUDEOIL,LONG,2026-08-17 21:17:00,7770.0,7767.5779598284325,7779.68816068627,SHA_FLIP,2026-08-17 21:28:00,7779.68816068627,TAKE_PROFIT,968.8160686269839,710.8,258.01606862698395,11.0,2026-08
GOLD,LONG,2026-08-17 21:39:00,125320.0,125288.59124732397,125414.22625802808,SHA_FLIP,2026-08-17 21:49:00,125288.59124732397,STOP_LOSS,-3140.875267602678,5412.8,-8553.675267602677,10.0,2026-08
GOLD,LONG,2026-08-17 22:11:00,125324.0,125291.4586643524,125421.62400694282,SHA_FLIP,2026-08-17 22:12:00,125291.4586643524,STOP_LOSS,-3254.1335647605592,5412.96,-8667.093564760558,1.0,2026-08
GOLD,LONG,2026-08-17 22:26:00,125316.0,125276.61279713453,125434.16160859642,SHA_FLIP,2026-08-17 22:27:00,125276.61279713453,STOP_LOSS,-3938.7202865473228,5412.64,-9351.360286547322,1.0,2026-08
GOLD,LONG,2026-08-17 22:29:00,125320.0,125280.40127860876,125438.79616417373,SHA_FLIP,2026-08-17 22:36:00,125280.40127860876,STOP_LOSS,-3959.872139124491,5412.8,-9372.67213912449,7.0,2026-08
GOLD,SHORT,2026-08-17 22:36:00,125247.0,125286.19599410566,125129.41201768303,SHA_FLIP,2026-08-17 22:38:00,125286.19599410566,STOP_LOSS,-3919.59941056557,5409.88,-9329.479410565571,2.0,2026-08
SILVER,LONG,2026-08-17 20:36:00,2404.0,2401.8930007684057,2410.320997694783,SHA_FLIP,2026-08-17 22:54:00,2401.8930007684057,STOP_LOSS,-63.20997694782818,208.848,-272.0579769478282,138.0,2026-08
SILVER,SHORT,2026-08-18 09:39:00,2384.0,2387.696890638563,2372.9093280843103,SHA_FLIP,2026-08-18 09:45:00,2387.696890638563,STOP_LOSS,-110.90671915689654,208.608,-319.51471915689655,6.0,2026-08
CRUDEOIL,LONG,2026-08-18 09:54:00,7988.0,7985.653830013791,7997.3846799448365,SHA_FLIP,2026-08-18 09:59:00,7985.653830013791,STOP_LOSS,-234.61699862091336,719.52,-954.1369986209133,5.0,2026-08
CRUDEOIL,SHORT,2026-08-18 10:00:00,7981.0,7983.287529385347,7971.849882458613,SHA_FLIP,2026-08-18 10:03:00,7983.287529385347,STOP_LOSS,-228.75293853467156,719.24,-947.9929385346716,3.0,2026-08
CRUDEOIL,SHORT,2026-08-18 10:26:00,7970.0,7973.2159474673435,7957.136210130626,SHA_FLIP,2026-08-18 10:28:00,7973.2159474673435,STOP_LOSS,-321.594746734354,718.8,-1040.394746734354,2.0,2026-08
CRUDEOIL,LONG,2026-08-18 10:33:00,7987.0,7982.255467168098,8005.978131327607,SHA_FLIP,2026-08-18 10:37:00,7982.255467168098,STOP_LOSS,-474.4532831901779,719.48,-1193.933283190178,4.0,2026-08
CRUDEOIL,LONG,2026-08-18 10:49:00,7984.0,7982.098343556661,7991.606625773355,SHA_FLIP,2026-08-18 10:52:00,7991.606625773355,TAKE_PROFIT,760.6625773354608,719.36,41.302577335460796,3.0,2026-08
CRUDEOIL,SHORT,2026-08-18 11:05:00,7976.0,7979.682400441915,7961.27039823234,SHA_FLIP,2026-08-18 11:31:00,7979.682400441915,STOP_LOSS,-368.2400441914979,719.04,-1087.2800441914978,26.0,2026-08
SILVER,SHORT,2026-08-18 09:50:00,2384.0,2387.9900351669926,2372.0298944990222,SHA_FLIP,2026-08-18 11:57:00,2387.9900351669926,STOP_LOSS,-119.70105500977752,208.608,-328.3090550097775,127.0,2026-08
SILVER,LONG,2026-08-18 12:17:00,2387.0,2385.9544808859414,2390.136557342176,SHA_FLIP,2026-08-18 12:31:00,2385.9544808859414,STOP_LOSS,-31.3655734217582,208.644,-240.0095734217582,14.0,2026-08
SILVER,SHORT,2026-08-18 12:31:00,2385.0,2386.0779513376374,2381.766145987088,SHA_FLIP,2026-08-18 12:35:00,2386.0779513376374,STOP_LOSS,-32.33854012912161,208.62,-240.95854012912162,4.0,2026-08
SILVER,LONG,2026-08-18 12:39:00,2388.0,2386.167244414945,2393.4982667551653,SHA_FLIP,2026-08-18 12:43:00,2386.167244414945,STOP_LOSS,-54.98266755165332,208.656,-263.6386675516533,4.0,2026-08
SILVER,SHORT,2026-08-18 12:43:00,2386.0,2387.6176855756003,2381.146943273199,SHA_FLIP,2026-08-18 12:57:00,2387.6176855756003,STOP_LOSS,-48.53056726800787,208.632,-257.1625672680079,14.0,2026-08
SILVER,LONG,2026-08-18 12:57:00,2388.0,2387.037589128062,2390.8872326158144,SHA_FLIP,2026-08-18 13:01:00,2387.037589128062,STOP_LOSS,-28.87232615814355,208.656,-237.52832615814356,4.0,2026-08
SILVER,SHORT,2026-08-18 13:02:00,2386.0,2387.887554133168,2380.3373376004956,SHA_FLIP,2026-08-18 13:26:00,2380.3373376004956,TAKE_PROFIT,169.8798719851311,208.632,-38.7521280148689,24.0,2026-08
CRUDEOIL,LONG,2026-08-18 13:52:00,7980.0,7975.466791281135,7998.132834875461,SHA_FLIP,2026-08-18 13:58:00,7975.466791281135,STOP_LOSS,-453.3208718865353,719.2,-1172.5208718865354,6.0,2026-08
CRUDEOIL,SHORT,2026-08-18 13:59:00,7967.0,7970.971498487339,7951.114006050644,SHA_FLIP,2026-08-18 14:04:00,7951.114006050644,TAKE_PROFIT,1588.5993949355907,718.6800000000001,869.9193949355906,5.0,2026-08
CRUDEOIL,SHORT,2026-08-18 14:28:00,7951.0,7954.257851920239,7937.968592319045,SHA_FLIP,2026-08-18 14:33:00,7954.257851920239,STOP_LOSS,-325.78519202388634,718.04,-1043.8251920238863,5.0,2026-08
CRUDEOIL,LONG,2026-08-18 14:52:00,7956.0,7954.75954818105,7960.9618072757985,SHA_FLIP,2026-08-18 14:54:00,7960.9618072757985,TAKE_PROFIT,496.1807275798492,718.24,-222.05927242015082,2.0,2026-08
CRUDEOIL,SHORT,2026-08-18 15:26:00,7939.0,7943.559304785567,7920.762780857731,SHA_FLIP,2026-08-18 15:32:00,7943.559304785567,STOP_LOSS,-455.9304785567292,717.56,-1173.4904785567292,6.0,2026-08
CRUDEOIL,LONG,2026-08-18 15:42:00,7963.0,7958.499049135647,7981.003803457414,SHA_FLIP,2026-08-18 16:00:00,7958.499049135647,STOP_LOSS,-450.0950864353399,718.52,-1168.61508643534,18.0,2026-08
CRUDEOIL,SHORT,2026-08-18 16:38:00,7943.0,7944.316146504359,7937.735413982566,SHA_FLIP,2026-08-18 16:46:00,7944.316146504359,STOP_LOSS,-131.6146504358585,717.72,-849.3346504358585,8.0,2026-08
CRUDEOIL,LONG,2026-08-18 16:47:00,7951.0,7947.183611121908,7966.265555512367,SHA_FLIP,2026-08-18 17:23:00,7966.265555512367,TAKE_PROFIT,1526.5555512367428,718.04,808.5155512367428,36.0,2026-08
CRUDEOIL,LONG,2026-08-18 17:37:00,7969.0,7965.742643153241,7982.029427387035,SHA_FLIP,2026-08-18 17:39:00,7982.029427387035,TAKE_PROFIT,1302.9427387034957,718.76,584.1827387034957,2.0,2026-08
CRUDEOIL,SHORT,2026-08-18 18:04:00,7965.0,7968.635987633307,7950.456049466771,SHA_FLIP,2026-08-18 18:05:00,7968.635987633307,STOP_LOSS,-363.5987633307195,718.6,-1082.1987633307194,1.0,2026-08
GOLD,LONG,2026-08-18 18:04:00,124948.0,124920.90442489316,125029.28672532052,SHA_FLIP,2026-08-18 18:06:00,124920.90442489316,STOP_LOSS,-2709.5575106839533,5397.92,-8107.477510683953,2.0,2026-08
CRUDEOIL,LONG,2026-08-18 18:11:00,7980.0,7976.947536576085,7992.209853695658,SHA_FLIP,2026-08-18 18:19:00,7976.947536576085,STOP_LOSS,-305.246342391456,719.2,-1024.446342391456,8.0,2026-08
GOLD,SHORT,2026-08-18 18:07:00,124850.0,124884.99821585474,124745.0053524358,SHA_FLIP,2026-08-18 18:27:00,124884.99821585474,STOP_LOSS,-3499.8215854735463,5394.0,-8893.821585473546,20.0,2026-08
CRUDEOIL,LONG,2026-08-18 18:27:00,7985.0,7981.31570123226,7999.73719507096,SHA_FLIP,2026-08-18 18:29:00,7981.31570123226,STOP_LOSS,-368.4298767740074,719.4000000000001,-1087.8298767740075,2.0,2026-08
GOLD,SHORT,2026-08-18 18:34:00,124803.0,124824.56431741205,124738.30704776385,SHA_FLIP,2026-08-18 18:42:00,124824.56431741205,STOP_LOSS,-2156.4317412048695,5392.12,-7548.551741204869,8.0,2026-08
CRUDEOIL,LONG,2026-08-18 18:48:00,7990.0,7987.28420516993,8000.86317932028,SHA_FLIP,2026-08-18 18:53:00,8000.86317932028,TAKE_PROFIT,1086.3179320280324,719.6,366.71793202803235,5.0,2026-08
GOLD,SHORT,2026-08-18 18:54:00,124763.0,124799.46258263089,124653.61225210733,SHA_FLIP,2026-08-18 18:55:00,124799.46258263089,STOP_LOSS,-3646.258263089112,5390.52,-9036.778263089112,1.0,2026-08
CRUDEOIL,LONG,2026-08-18 19:07:00,8005.0,7994.507512106257,8046.969951574971,SHA_FLIP,2026-08-18 19:11:00,7994.507512106257,STOP_LOSS,-1049.248789374269,720.2,-1769.4487893742692,4.0,2026-08
GOLD,LONG,2026-08-18 19:04:00,124914.0,124825.45136624515,125179.64590126455,SHA_FLIP,2026-08-18 19:22:00,124825.45136624515,STOP_LOSS,-8854.863375485002,5396.56,-14251.423375485003,18.0,2026-08
CRUDEOIL,SHORT,2026-08-18 19:12:00,7989.0,7999.090823779466,7948.636704882138,SHA_FLIP,2026-08-18 19:27:00,7999.090823779466,STOP_LOSS,-1009.0823779465609,719.56,-1728.6423779465608,15.0,2026-08
SILVER,LONG,2026-08-18 14:06:00,2375.0,2372.222752828253,2383.3317415152414,SHA_FLIP,2026-08-18 19:41:00,2372.222752828253,STOP_LOSS,-83.31741515241447,208.5,-291.81741515241447,335.0,2026-08
GOLD,LONG,2026-08-18 19:29:00,124946.0,124897.75895630408,125090.72313108775,SHA_FLIP,2026-08-18 19:59:00,124897.75895630408,STOP_LOSS,-4824.104369591805,5397.84,-10221.944369591805,30.0,2026-08
CRUDEOIL,SHORT,2026-08-18 19:33:00,7981.0,7989.46951419978,7947.12194320088,SHA_FLIP,2026-08-18 19:59:00,7947.12194320088,TAKE_PROFIT,3387.8056799119804,719.24,2668.5656799119806,26.0,2026-08
SILVER,SHORT,2026-08-18 19:57:00,2373.0,2376.20232289971,2363.39303130087,SHA_FLIP,2026-08-18 20:29:00,2363.39303130087,TAKE_PROFIT,288.2090609738998,208.476,79.7330609738998,32.0,2026-08
GOLD,SHORT,2026-08-18 20:23:00,124653.0,124750.25584509179,124361.23246472464,SHA_FLIP,2026-08-18 20:39:00,124361.23246472464,TAKE_PROFIT,29176.753527535766,5386.12,23790.633527535767,16.0,2026-08
CRUDEOIL,LONG,2026-08-18 20:47:00,8003.0,7992.324436377535,8045.702254489861,SHA_FLIP,2026-08-18 21:01:00,8045.702254489861,TAKE_PROFIT,4270.225448986093,720.12,3550.1054489860935,14.0,2026-08
CRUDEOIL,LONG,2026-08-18 21:14:00,8041.0,8031.73063141156,8078.077474353759,SHA_FLIP,2026-08-18 21:16:00,8031.73063141156,STOP_LOSS,-926.9368588439647,721.6400000000001,-1648.5768588439648,2.0,2026-08
CRUDEOIL,LONG,2026-08-18 21:21:00,8035.0,8028.794954520635,8059.820181917461,SHA_FLIP,2026-08-18 21:22:00,8028.794954520635,STOP_LOSS,-620.5045479365253,721.4000000000001,-1341.9045479365254,1.0,2026-08
SILVER,LONG,2026-08-18 21:31:00,2362.0,2358.9394472865088,2371.1816581404737,SHA_FLIP,2026-08-18 21:57:00,2358.9394472865088,STOP_LOSS,-91.81658140473701,208.344,-300.160581404737,26.0,2026-08
CRUDEOIL,SHORT,2026-08-18 22:11:00,7991.0,7996.470617412976,7969.117530348096,SHA_FLIP,2026-08-18 22:19:00,7996.470617412976,STOP_LOSS,-547.0617412976026,719.6400000000001,-1266.7017412976027,8.0,2026-08
CRUDEOIL,SHORT,2026-08-18 22:42:00,7977.0,7980.042245279374,7964.831018882505,SHA_FLIP,2026-08-18 22:46:00,7980.042245279374,STOP_LOSS,-304.2245279373674,719.08,-1023.3045279373674,4.0,2026-08
GOLD,SHORT,2026-08-18 22:48:00,124260.0,124290.0151156282,124169.95465311542,SHA_FLIP,2026-08-18 22:51:00,124290.0151156282,STOP_LOSS,-3001.51156281936,5370.400000000001,-8371.911562819361,3.0,2026-08
CRUDEOIL,SHORT,2026-08-18 22:50:00,7973.0,7978.2717413312175,7951.91303467513,SHA_FLIP,2026-08-18 22:59:00,7978.2717413312175,STOP_LOSS,-527.1741331217527,718.9200000000001,-1246.0941331217527,9.0,2026-08
GOLD,SHORT,2026-08-18 23:00:00,124276.0,124298.45464821698,124208.63605534905,SHA_FLIP,2026-08-18 23:02:00,124298.45464821698,STOP_LOSS,-2245.4648216982605,5371.04,-7616.5048216982605,2.0,2026-08
GOLD,LONG,2026-08-18 23:03:00,124339.0,124313.46285566439,124415.61143300684,SHA_FLIP,2026-08-18 23:08:00,124313.46285566439,STOP_LOSS,-2553.714433561254,5373.56,-7927.274433561254,5.0,2026-08
CRUDEOIL,SHORT,2026-08-18 23:18:00,7970.0,7971.97710043596,7962.09159825616,SHA_FLIP,2026-08-18 23:22:00,7971.97710043596,STOP_LOSS,-197.7100435959983,718.8,-916.5100435959982,4.0,2026-08
CRUDEOIL,SHORT,2026-08-18 23:28:00,7965.0,7968.571771438568,7950.712914245727,SHA_FLIP,2026-08-18 23:29:00,7968.571771438568,STOP_LOSS,-357.17714385682484,718.6,-1075.7771438568248,1.0,2026-08
SILVER,SHORT,2026-08-18 22:14:00,2358.0,2361.0640648561784,2348.8078054314647,SHA_FLIP,2026-08-19 09:00:00,2340.0,SESSION_END,540.0,208.296,331.704,646.0,2026-08
CRUDEOIL,LONG,2026-08-19 09:32:00,8020.0,8017.689578098422,8029.241687606311,SHA_FLIP,2026-08-19 09:39:00,8029.241687606311,TAKE_PROFIT,924.1687606310734,720.8,203.36876063107343,7.0,2026-08
CRUDEOIL,SHORT,2026-08-19 10:26:00,8010.0,8012.182300328435,8001.270798686259,SHA_FLIP,2026-08-19 10:27:00,8001.270798686259,TAKE_PROFIT,872.9201313741214,720.4000000000001,152.52013137412132,1.0,2026-08
CRUDEOIL,SHORT,2026-08-19 10:46:00,8008.0,8010.214493439147,7999.142026243411,SHA_FLIP,2026-08-19 10:51:00,8010.214493439147,STOP_LOSS,-221.44934391471907,720.3199999999999,-941.769343914719,5.0,2026-08
CRUDEOIL,LONG,2026-08-19 10:52:00,8015.0,8011.34724346886,8029.611026124559,SHA_FLIP,2026-08-19 11:00:00,8011.34724346886,STOP_LOSS,-365.27565311398575,720.6,-1085.8756531139857,8.0,2026-08
CRUDEOIL,LONG,2026-08-19 11:04:00,8015.0,8012.429501976914,8025.281992092343,SHA_FLIP,2026-08-19 11:05:00,8012.429501976914,STOP_LOSS,-257.0498023085747,720.6,-977.6498023085747,1.0,2026-08
CRUDEOIL,LONG,2026-08-19 11:12:00,8022.0,8017.818983365433,8038.724066538267,SHA_FLIP,2026-08-19 11:34:00,8038.724066538267,TAKE_PROFIT,1672.4066538266925,720.88,951.5266538266925,22.0,2026-08
SILVER,SHORT,2026-08-19 10:10:00,2323.0,2327.16915317549,2310.49254047353,SHA_FLIP,2026-08-19 11:53:00,2327.16915317549,STOP_LOSS,-125.07459526470029,207.876,-332.95059526470027,103.0,2026-08
SILVER,LONG,2026-08-19 12:04:00,2325.0,2322.9010220183327,2331.296933945002,SHA_FLIP,2026-08-19 12:24:00,2331.296933945002,TAKE_PROFIT,188.90801835005732,207.9,-18.991981649942687,20.0,2026-08
CRUDEOIL,SHORT,2026-08-19 11:46:00,8017.0,8023.454861225814,7991.180555096744,SHA_FLIP,2026-08-19 12:49:00,8023.454861225814,STOP_LOSS,-645.4861225814057,720.6800000000001,-1366.1661225814057,63.0,2026-08
CRUDEOIL,SHORT,2026-08-19 12:56:00,8015.0,8021.196452285308,7990.214190858769,SHA_FLIP,2026-08-19 13:06:00,7990.214190858769,TAKE_PROFIT,2478.5809141230857,720.6,1757.9809141230858,10.0,2026-08
SILVER,LONG,2026-08-19 13:41:00,2334.0,2332.4793830817357,2338.561850754793,SHA_FLIP,2026-08-19 13:51:00,2332.4793830817357,STOP_LOSS,-45.61850754792886,208.008,-253.62650754792887,10.0,2026-08
CRUDEOIL,SHORT,2026-08-19 13:53:00,8001.0,8004.421031158563,7987.315875365748,SHA_FLIP,2026-08-19 13:59:00,7987.315875365748,TAKE_PROFIT,1368.412463425193,720.04,648.372463425193,6.0,2026-08
SILVER,LONG,2026-08-19 14:09:00,2336.0,2333.641590781409,2343.0752276557732,SHA_FLIP,2026-08-19 14:24:00,2333.641590781409,STOP_LOSS,-70.75227655773233,208.032,-278.78427655773237,15.0,2026-08
CRUDEOIL,SHORT,2026-08-19 15:20:00,8017.0,8023.944021822319,7989.223912710724,SHA_FLIP,2026-08-19 15:24:00,8023.944021822319,STOP_LOSS,-694.4021822318973,720.6800000000001,-1415.0821822318974,4.0,2026-08
SILVER,SHORT,2026-08-19 14:47:00,2332.0,2334.100515420847,2325.698453737459,SHA_FLIP,2026-08-19 15:25:00,2334.100515420847,STOP_LOSS,-63.01546262540796,207.984,-270.999462625408,38.0,2026-08
CRUDEOIL,LONG,2026-08-19 15:25:00,8040.0,8032.6180850113915,8069.527659954434,SHA_FLIP,2026-08-19 15:40:00,8032.6180850113915,STOP_LOSS,-738.1914988608514,721.6,-1459.7914988608513,15.0,2026-08
CRUDEOIL,LONG,2026-08-19 15:46:00,8039.0,8036.456213576958,8049.175145692167,SHA_FLIP,2026-08-19 15:47:00,8036.456213576958,STOP_LOSS,-254.3786423041638,721.56,-975.9386423041637,1.0,2026-08
CRUDEOIL,SHORT,2026-08-19 15:48:00,8030.0,8033.47066624664,8016.117335013441,SHA_FLIP,2026-08-19 15:51:00,8033.47066624664,STOP_LOSS,-347.06662466396665,721.2,-1068.2666246639667,3.0,2026-08
CRUDEOIL,SHORT,2026-08-19 15:55:00,8030.0,8033.868498933574,8014.526004265703,SHA_FLIP,2026-08-19 15:57:00,8033.868498933574,STOP_LOSS,-386.8498933574301,721.2,-1108.0498933574302,2.0,2026-08
CRUDEOIL,SHORT,2026-08-19 16:16:00,8025.0,8031.0031914964475,8000.98723401421,SHA_FLIP,2026-08-19 16:52:00,8000.98723401421,TAKE_PROFIT,2401.2765985789883,721.0,1680.2765985789883,36.0,2026-08
CRUDEOIL,SHORT,2026-08-19 17:20:00,8000.0,8001.736411867038,7993.054352531846,SHA_FLIP,2026-08-19 17:28:00,8001.736411867038,STOP_LOSS,-173.64118670384414,720.0,-893.6411867038441,8.0,2026-08
GOLD,SHORT,2026-08-19 17:30:00,124300.0,124329.89118149981,124210.32645550056,SHA_FLIP,2026-08-19 17:37:00,124329.89118149981,STOP_LOSS,-2989.1181499813683,5372.0,-8361.118149981368,7.0,2026-08
CRUDEOIL,SHORT,2026-08-19 17:38:00,8000.0,8002.423246186624,7990.307015253504,SHA_FLIP,2026-08-19 17:42:00,7990.307015253504,TAKE_PROFIT,969.2984746496222,720.0,249.29847464962222,4.0,2026-08
GOLD,LONG,2026-08-19 17:39:00,124384.0,124346.43677716314,124496.68966851059,SHA_FLIP,2026-08-19 17:48:00,124346.43677716314,STOP_LOSS,-3756.3222836863133,5375.360000000001,-9131.682283686314,9.0,2026-08
SILVER,LONG,2026-08-19 16:37:00,2343.0,2340.537038623607,2350.3888841291796,SHA_FLIP,2026-08-19 17:52:00,2350.3888841291796,TAKE_PROFIT,221.6665238753876,208.11599999999999,13.550523875387626,75.0,2026-08
GOLD,LONG,2026-08-19 19:13:00,126250.0,126086.28300777162,126741.15097668514,SHA_FLIP,2026-08-19 19:19:00,126086.28300777162,STOP_LOSS,-16371.699222837924,5450.0,-21821.699222837924,6.0,2026-08
CRUDEOIL,LONG,2026-08-19 19:13:00,7970.0,7964.20264994413,7993.18940022348,SHA_FLIP,2026-08-19 19:35:00,7964.20264994413,STOP_LOSS,-579.7350055870083,718.8,-1298.5350055870083,22.0,2026-08
GOLD,LONG,2026-08-19 19:29:00,126225.0,126111.80394644897,126564.58816065309,SHA_FLIP,2026-08-19 19:41:00,126564.58816065309,TAKE_PROFIT,33958.81606530893,5449.0,28509.81606530893,12.0,2026-08
CRUDEOIL,LONG,2026-08-19 19:39:00,7985.0,7976.197775474867,8020.208898100533,SHA_FLIP,2026-08-19 20:00:00,7976.197775474867,STOP_LOSS,-880.222452513317,719.4000000000001,-1599.622452513317,21.0,2026-08
CRUDEOIL,SHORT,2026-08-19 20:01:00,7975.0,7982.593676871649,7944.625292513403,SHA_FLIP,2026-08-19 20:02:00,7982.593676871649,STOP_LOSS,-759.3676871649222,719.0,-1478.3676871649222,1.0,2026-08
GOLD,LONG,2026-08-19 20:22:00,126887.0,126734.25400361847,127345.2379891446,SHA_FLIP,2026-08-19 20:32:00,126734.25400361847,STOP_LOSS,-15274.59963815345,5475.4800000000005,-20750.07963815345,10.0,2026-08
CRUDEOIL,LONG,2026-08-19 20:04:00,7990.0,7982.337686492737,8020.649254029053,SHA_FLIP,2026-08-19 20:33:00,8020.649254029053,TAKE_PROFIT,3064.9254029052827,719.6,2345.3254029052828,29.0,2026-08
GOLD,SHORT,2026-08-19 20:54:00,126620.0,126676.86054082128,126449.41837753617,SHA_FLIP,2026-08-19 21:00:00,126676.86054082128,STOP_LOSS,-5686.054082127521,5464.8,-11150.85408212752,6.0,2026-08
GOLD,LONG,2026-08-19 21:05:00,126751.0,126692.23346251195,126927.29961246414,SHA_FLIP,2026-08-19 21:15:00,126927.29961246414,TAKE_PROFIT,17629.961246413586,5470.04,12159.921246413585,10.0,2026-08
CRUDEOIL,LONG,2026-08-19 21:32:00,8033.0,8027.3320126962235,8055.671949215106,SHA_FLIP,2026-08-19 21:53:00,8027.3320126962235,STOP_LOSS,-566.7987303776499,721.3199999999999,-1288.1187303776499,21.0,2026-08
CRUDEOIL,SHORT,2026-08-19 21:54:00,8020.0,8025.824050039884,7996.703799840463,SHA_FLIP,2026-08-19 22:02:00,8025.824050039884,STOP_LOSS,-582.4050039884241,720.8,-1303.205003988424,8.0,2026-08
CRUDEOIL,LONG,2026-08-19 22:05:00,8034.0,8030.061743809413,8049.753024762347,SHA_FLIP,2026-08-19 22:16:00,8030.061743809413,STOP_LOSS,-393.8256190586799,721.36,-1115.18561905868,11.0,2026-08
CRUDEOIL,LONG,2026-08-19 22:23:00,8038.0,8033.834726667221,8054.661093331117,SHA_FLIP,2026-08-19 22:25:00,8033.834726667221,STOP_LOSS,-416.52733327791793,721.52,-1138.047333277918,2.0,2026-08
GOLD,LONG,2026-08-19 22:12:00,126928.0,126874.65636391286,127088.03090826143,SHA_FLIP,2026-08-19 22:41:00,126874.65636391286,STOP_LOSS,-5334.363608714193,5477.12,-10811.483608714192,29.0,2026-08
GOLD,SHORT,2026-08-19 23:01:00,126790.0,126832.86148084293,126661.41555747122,SHA_FLIP,2026-08-19 23:03:00,126832.86148084293,STOP_LOSS,-4286.148084292654,5471.6,-9757.748084292654,2.0,2026-08
SILVER,LONG,2026-08-19 18:43:00,2376.0,2367.2607680294,2402.2176959118,SHA_FLIP,2026-08-20 09:00:00,2414.0,SESSION_END,1140.0,208.512,931.488,857.0,2026-08
CRUDEOIL,SHORT,2026-08-20 10:49:00,7934.0,7936.360553942165,7924.55778423134,SHA_FLIP,2026-08-20 10:52:00,7936.360553942165,STOP_LOSS,-236.05539421650974,717.36,-953.4153942165098,3.0,2026-08
CRUDEOIL,LONG,2026-08-20 10:55:00,7944.0,7941.69778278075,7953.208868877002,SHA_FLIP,2026-08-20 10:58:00,7941.69778278075,STOP_LOSS,-230.22172192504513,717.76,-947.9817219250451,3.0,2026-08
CRUDEOIL,LONG,2026-08-20 11:10:00,7950.0,7947.74501604299,7959.019935828041,SHA_FLIP,2026-08-20 11:17:00,7959.019935828041,TAKE_PROFIT,901.9935828040616,718.0,183.9935828040616,7.0,2026-08
SILVER,SHORT,2026-08-20 11:01:00,2412.0,2415.1465694726453,2402.560291582064,SHA_FLIP,2026-08-20 11:41:00,2415.1465694726453,STOP_LOSS,-94.3970841793589,208.94400000000002,-303.3410841793589,40.0,2026-08
CRUDEOIL,LONG,2026-08-20 11:49:00,7960.0,7958.459536375554,7966.161854497783,SHA_FLIP,2026-08-20 12:00:00,7966.161854497783,TAKE_PROFIT,616.185449778277,718.4000000000001,-102.21455022172313,11.0,2026-08
SILVER,LONG,2026-08-20 12:16:00,2417.0,2414.484791198118,2424.5456264056465,SHA_FLIP,2026-08-20 12:20:00,2414.484791198118,STOP_LOSS,-75.45626405646544,209.004,-284.46026405646546,4.0,2026-08
SILVER,SHORT,2026-08-20 12:21:00,2414.0,2416.689566316612,2405.931301050164,SHA_FLIP,2026-08-20 12:23:00,2416.689566316612,STOP_LOSS,-80.68698949835834,208.968,-289.6549894983583,2.0,2026-08
SILVER,LONG,2026-08-20 12:24:00,2417.0,2414.4595623118234,2424.6213130645297,SHA_FLIP,2026-08-20 12:32:00,2414.4595623118234,STOP_LOSS,-76.21313064529659,209.004,-285.2171306452966,8.0,2026-08
CRUDEOIL,LONG,2026-08-20 13:23:00,8049.0,8042.941104514468,8073.235581942128,SHA_FLIP,2026-08-20 13:31:00,8042.941104514468,STOP_LOSS,-605.8895485532048,721.96,-1327.8495485532048,8.0,2026-08
SILVER,SHORT,2026-08-20 13:57:00,2409.0,2411.9443100610315,2400.1670698169055,SHA_FLIP,2026-08-20 14:05:00,2411.9443100610315,STOP_LOSS,-88.32930183094504,208.90800000000002,-297.23730183094506,8.0,2026-08
CRUDEOIL,LONG,2026-08-20 15:00:00,8125.0,8119.310498978995,8147.7580040840185,SHA_FLIP,2026-08-20 15:04:00,8119.310498978995,STOP_LOSS,-568.9501021004617,725.0,-1293.9501021004617,4.0,2026-08
CRUDEOIL,LONG,2026-08-20 15:19:00,8123.0,8116.632167440232,8148.471330239074,SHA_FLIP,2026-08-20 15:30:00,8148.471330239074,TAKE_PROFIT,2547.1330239073723,724.9200000000001,1822.2130239073722,11.0,2026-08
SILVER,SHORT,2026-08-20 14:10:00,2410.0,2412.0883272263777,2403.735018320867,SHA_FLIP,2026-08-20 15:38:00,2412.0883272263777,STOP_LOSS,-62.64981679133143,208.92000000000002,-271.56981679133145,88.0,2026-08
CRUDEOIL,LONG,2026-08-20 15:42:00,8134.0,8129.731901112102,8151.072395551593,SHA_FLIP,2026-08-20 15:47:00,8129.731901112102,STOP_LOSS,-426.80988878983044,725.36,-1152.1698887898306,5.0,2026-08
SILVER,LONG,2026-08-20 16:18:00,2417.0,2415.927537653395,2420.2173870398146,SHA_FLIP,2026-08-20 16:19:00,2415.927537653395,STOP_LOSS,-32.17387039814639,209.004,-241.17787039814638,1.0,2026-08
CRUDEOIL,LONG,2026-08-20 16:32:00,8135.0,8131.314081941269,8149.743672234923,SHA_FLIP,2026-08-20 16:36:00,8149.743672234923,TAKE_PROFIT,1474.3672234922997,725.4000000000001,748.9672234922996,4.0,2026-08
SILVER,SHORT,2026-08-20 16:19:00,2415.0,2417.236684176441,2408.289947470677,SHA_FLIP,2026-08-20 17:16:00,2408.289947470677,TAKE_PROFIT,201.3015758796928,208.98,-7.678424120307199,57.0,2026-08
CRUDEOIL,LONG,2026-08-20 17:19:00,8176.0,8170.196411721164,8199.214353115345,SHA_FLIP,2026-08-20 17:45:00,8199.214353115345,TAKE_PROFIT,2321.4353115345148,727.04,1594.3953115345148,26.0,2026-08
SILVER,SHORT,2026-08-20 18:01:00,2393.0,2397.1913784936232,2380.4258645191303,SHA_FLIP,2026-08-20 18:10:00,2397.1913784936232,STOP_LOSS,-125.741354808697,208.716,-334.457354808697,9.0,2026-08
GOLD,LONG,2026-08-20 18:10:00,126795.0,126670.1257292024,127169.62281239282,SHA_FLIP,2026-08-20 18:13:00,126670.1257292024,STOP_LOSS,-12487.427079760528,5471.8,-17959.227079760527,3.0,2026-08
SILVER,LONG,2026-08-20 18:10:00,2399.0,2393.170707837474,2416.4878764875784,SHA_FLIP,2026-08-20 19:05:00,2416.4878764875784,TAKE_PROFIT,524.636294627353,208.788,315.84829462735297,55.0,2026-08
CRUDEOIL,LONG,2026-08-20 18:58:00,8144.0,8134.844482278138,8180.62207088745,SHA_FLIP,2026-08-20 19:08:00,8134.844482278138,STOP_LOSS,-915.5517721862452,725.76,-1641.3117721862452,10.0,2026-08
GOLD,LONG,2026-08-20 19:26:00,127286.0,127214.34667398682,127500.95997803955,SHA_FLIP,2026-08-20 19:29:00,127214.34667398682,STOP_LOSS,-7165.332601318369,5491.4400000000005,-12656.77260131837,3.0,2026-08
GOLD,LONG,2026-08-20 19:32:00,127400.0,127320.74444441106,127637.76666676682,SHA_FLIP,2026-08-20 19:33:00,127320.74444441106,STOP_LOSS,-7925.555558894121,5496.0,-13421.55555889412,1.0,2026-08
GOLD,LONG,2026-08-20 19:41:00,127349.0,127284.05095478718,127543.84713563847,SHA_FLIP,2026-08-20 19:50:00,127284.05095478718,STOP_LOSS,-6494.904521282297,5493.96,-11988.864521282296,9.0,2026-08
GOLD,LONG,2026-08-20 19:54:00,127399.0,127328.62385577793,127610.12843266621,SHA_FLIP,2026-08-20 19:58:00,127328.62385577793,STOP_LOSS,-7037.614422207116,5495.96,-12533.574422207115,4.0,2026-08
SILVER,LONG,2026-08-20 19:32:00,2424.0,2419.8080867454187,2436.575739763744,SHA_FLIP,2026-08-20 20:18:00,2436.575739763744,TAKE_PROFIT,377.27219291231904,209.088,168.18419291231905,46.0,2026-08
CRUDEOIL,SHORT,2026-08-20 20:26:00,8082.0,8088.939142925317,8054.243428298731,SHA_FLIP,2026-08-20 20:27:00,8088.939142925317,STOP_LOSS,-693.9142925317356,723.28,-1417.1942925317355,1.0,2026-08
CRUDEOIL,LONG,2026-08-20 20:46:00,8106.0,8092.0495239887,8161.801904045202,SHA_FLIP,2026-08-20 22:32:00,8092.0495239887,STOP_LOSS,-1395.0476011300452,724.24,-2119.287601130045,106.0,2026-08
SILVER,SHORT,2026-08-20 21:05:00,2454.0,2462.2528440829055,2429.2414677512834,SHA_FLIP,2026-08-21 09:00:00,2466.0,SESSION_END,-360.0,209.448,-569.448,715.0,2026-08
GOLD,LONG,2026-08-20 23:15:00,128035.0,127987.08406823582,128178.74779529253,SHA_FLIP,2026-08-21 09:00:00,128405.0,SESSION_END,37000.0,5521.400000000001,31478.6,585.0,2026-08
CRUDEOIL,LONG,2026-08-21 09:19:00,8140.0,8136.293404268915,8154.826382924341,SHA_FLIP,2026-08-21 09:26:00,8136.293404268915,STOP_LOSS,-370.65957310851445,725.6,-1096.2595731085144,7.0,2026-08
SILVER,LONG,2026-08-21 09:28:00,2468.0,2462.845227268885,2483.4643181933448,SHA_FLIP,2026-08-21 09:57:00,2483.4643181933448,TAKE_PROFIT,463.92954580034257,209.61599999999999,254.31354580034258,29.0,2026-08
CRUDEOIL,LONG,2026-08-21 10:02:00,8129.0,8127.380050643823,8135.4797974247085,SHA_FLIP,2026-08-21 10:13:00,8127.380050643823,STOP_LOSS,-161.99493561771305,725.1600000000001,-887.1549356177131,11.0,2026-08
SILVER,LONG,2026-08-21 10:23:00,2481.0,2476.81620838118,2493.5513748564604,SHA_FLIP,2026-08-21 10:34:00,2476.81620838118,STOP_LOSS,-125.5137485646037,209.772,-335.2857485646037,11.0,2026-08
SILVER,SHORT,2026-08-21 11:12:00,2475.0,2478.5287823809385,2464.4136528571844,SHA_FLIP,2026-08-21 11:14:00,2478.5287823809385,STOP_LOSS,-105.86347142815612,209.7,-315.5634714281561,2.0,2026-08
CRUDEOIL,SHORT,2026-08-21 11:43:00,8106.0,8110.224285064412,8089.102859742354,SHA_FLIP,2026-08-21 12:01:00,8110.224285064412,STOP_LOSS,-422.42850644115606,724.24,-1146.668506441156,18.0,2026-08
CRUDEOIL,LONG,2026-08-21 12:12:00,8113.0,8110.074451521759,8124.702193912963,SHA_FLIP,2026-08-21 12:13:00,8110.074451521759,STOP_LOSS,-292.5548478240671,724.52,-1017.0748478240671,1.0,2026-08
CRUDEOIL,SHORT,2026-08-21 12:13:00,8108.0,8111.535475347809,8093.858098608765,SHA_FLIP,2026-08-21 12:15:00,8111.535475347809,STOP_LOSS,-353.5475347808642,724.3199999999999,-1077.8675347808642,2.0,2026-08
CRUDEOIL,LONG,2026-08-21 12:16:00,8114.0,8108.418536492108,8136.325854031569,SHA_FLIP,2026-08-21 12:33:00,8108.418536492108,STOP_LOSS,-558.1463507892295,724.56,-1282.7063507892294,17.0,2026-08
CRUDEOIL,SHORT,2026-08-21 12:33:00,8100.0,8105.015909536709,8079.936361853164,SHA_FLIP,2026-08-21 12:38:00,8105.015909536709,STOP_LOSS,-501.5909536708932,724.0,-1225.5909536708932,5.0,2026-08
CRUDEOIL,LONG,2026-08-21 12:40:00,8123.0,8117.160561808009,8146.357752767963,SHA_FLIP,2026-08-21 12:46:00,8117.160561808009,STOP_LOSS,-583.9438191990666,724.9200000000001,-1308.8638191990667,6.0,2026-08
CRUDEOIL,SHORT,2026-08-21 12:47:00,8104.0,8110.184547740858,8079.261809036569,SHA_FLIP,2026-08-21 12:58:00,8110.184547740858,STOP_LOSS,-618.4547740857852,724.1600000000001,-1342.6147740857853,11.0,2026-08
CRUDEOIL,LONG,2026-08-21 13:00:00,8124.0,8119.649090082958,8141.4036396681695,SHA_FLIP,2026-08-21 13:02:00,8119.649090082958,STOP_LOSS,-435.09099170423724,724.96,-1160.0509917042373,2.0,2026-08
CRUDEOIL,SHORT,2026-08-21 13:18:00,8105.0,8108.765257507259,8089.9389699709645,SHA_FLIP,2026-08-21 13:26:00,8108.765257507259,STOP_LOSS,-376.5257507258866,724.2,-1100.7257507258867,8.0,2026-08
CRUDEOIL,LONG,2026-08-21 13:27:00,8125.0,8120.334696972618,8143.661212109528,SHA_FLIP,2026-08-21 13:36:00,8143.661212109528,TAKE_PROFIT,1866.1212109527696,725.0,1141.1212109527696,9.0,2026-08
SILVER,LONG,2026-08-21 11:14:00,2478.0,2474.8459796937996,2487.4620609186013,SHA_FLIP,2026-08-21 13:53:00,2487.4620609186013,TAKE_PROFIT,283.8618275580393,209.736,74.1258275580393,159.0,2026-08
SILVER,LONG,2026-08-21 14:21:00,2496.0,2491.311299305652,2510.066102083044,SHA_FLIP,2026-08-21 14:24:00,2491.311299305652,STOP_LOSS,-140.66102083043916,209.952,-350.61302083043915,3.0,2026-08
SILVER,LONG,2026-08-21 14:31:00,2496.0,2491.4599265377733,2509.62022038668,SHA_FLIP,2026-08-21 14:57:00,2491.4599265377733,STOP_LOSS,-136.20220386680103,209.952,-346.154203866801,26.0,2026-08
CRUDEOIL,LONG,2026-08-21 15:05:00,8121.0,8114.220109203323,8148.119563186709,SHA_FLIP,2026-08-21 15:11:00,8114.220109203323,STOP_LOSS,-677.9890796677137,724.84,-1402.8290796677138,6.0,2026-08
SILVER,SHORT,2026-08-21 15:37:00,2488.0,2491.165004506987,2478.5049864790394,SHA_FLIP,2026-08-21 16:08:00,2491.165004506987,STOP_LOSS,-94.95013520960583,209.856,-304.8061352096058,31.0,2026-08
SILVER,LONG,2026-08-21 16:26:00,2494.0,2490.038273384111,2505.8851798476667,SHA_FLIP,2026-08-21 17:48:00,2490.038273384111,STOP_LOSS,-118.85179847666677,209.928,-328.77979847666677,82.0,2026-08
CRUDEOIL,LONG,2026-08-21 18:20:00,8170.0,8164.834015396331,8190.6639384146765,SHA_FLIP,2026-08-21 18:26:00,8164.834015396331,STOP_LOSS,-516.5984603669131,726.8,-1243.398460366913,6.0,2026-08
CRUDEOIL,SHORT,2026-08-21 18:44:00,8144.0,8149.745064559105,8121.019741763579,SHA_FLIP,2026-08-21 18:47:00,8149.745064559105,STOP_LOSS,-574.5064559105231,725.76,-1300.266455910523,3.0,2026-08
CRUDEOIL,LONG,2026-08-21 18:47:00,8170.0,8161.193509085525,8205.2259636579,SHA_FLIP,2026-08-21 18:49:00,8161.193509085525,STOP_LOSS,-880.6490914475035,726.8,-1607.4490914475034,2.0,2026-08
SILVER,LONG,2026-08-21 18:32:00,2491.0,2486.188501890984,2505.4344943270485,SHA_FLIP,2026-08-21 19:04:00,2486.188501890984,STOP_LOSS,-144.3449432704847,209.892,-354.2369432704847,32.0,2026-08
GOLD,LONG,2026-08-21 18:42:00,129632.0,129537.33246829869,129916.00259510394,SHA_FLIP,2026-08-21 19:04:00,129537.33246829869,STOP_LOSS,-9466.753170131415,5585.280000000001,-15052.033170131415,22.0,2026-08
SILVER,SHORT,2026-08-21 19:04:00,2487.0,2492.699916174729,2469.900251475813,SHA_FLIP,2026-08-21 19:11:00,2492.699916174729,STOP_LOSS,-170.99748524186907,209.844,-380.84148524186907,7.0,2026-08
GOLD,LONG,2026-08-21 19:09:00,129707.0,129574.32819143253,130105.0154257024,SHA_FLIP,2026-08-21 19:22:00,129574.32819143253,STOP_LOSS,-13267.180856746563,5588.280000000001,-18855.460856746562,13.0,2026-08
SILVER,LONG,2026-08-21 19:12:00,2494.0,2488.376187639357,2510.8714370819293,SHA_FLIP,2026-08-21 19:26:00,2488.376187639357,STOP_LOSS,-168.71437081929344,209.928,-378.64237081929343,14.0,2026-08
GOLD,SHORT,2026-08-21 19:23:00,129580.0,129678.61060697948,129284.16817906157,SHA_FLIP,2026-08-21 19:33:00,129678.61060697948,STOP_LOSS,-9861.060697947687,5583.2,-15444.260697947688,10.0,2026-08
GOLD,LONG,2026-08-21 19:34:00,129718.0,129648.08436303519,129927.74691089444,SHA_FLIP,2026-08-21 19:38:00,129648.08436303519,STOP_LOSS,-6991.563696481171,5588.72,-12580.283696481172,4.0,2026-08
GOLD,SHORT,2026-08-21 19:40:00,129600.0,129654.60940472911,129436.17178581266,SHA_FLIP,2026-08-21 19:42:00,129654.60940472911,STOP_LOSS,-5460.94047291117,5584.0,-11044.94047291117,2.0,2026-08
GOLD,SHORT,2026-08-21 19:46:00,129630.0,129700.8835509229,129417.34934723131,SHA_FLIP,2026-08-21 19:51:00,129700.8835509229,STOP_LOSS,-7088.3550922895665,5585.2,-12673.555092289567,5.0,2026-08
SILVER,SHORT,2026-08-21 19:45:00,2489.0,2491.5738114232327,2481.278565730302,SHA_FLIP,2026-08-21 19:51:00,2491.5738114232327,STOP_LOSS,-77.21434269697966,209.868,-287.08234269697965,6.0,2026-08
CRUDEOIL,SHORT,2026-08-21 19:50:00,8129.0,8139.553139241322,8086.787443034711,SHA_FLIP,2026-08-21 20:03:00,8139.553139241322,STOP_LOSS,-1055.3139241322242,725.1600000000001,-1780.4739241322243,13.0,2026-08
SILVER,LONG,2026-08-21 19:52:00,2493.0,2489.5647255537165,2503.3058233388506,SHA_FLIP,2026-08-21 20:04:00,2489.5647255537165,STOP_LOSS,-103.05823338850587,209.916,-312.97423338850587,12.0,2026-08
CRUDEOIL,SHORT,2026-08-21 20:14:00,8130.0,8136.3701357206855,8104.519457117258,SHA_FLIP,2026-08-21 20:17:00,8136.3701357206855,STOP_LOSS,-637.0135720685539,725.2,-1362.213572068554,3.0,2026-08
GOLD,SHORT,2026-08-21 20:24:00,129604.0,129698.85052006385,129319.44843980846,SHA_FLIP,2026-08-21 20:28:00,129698.85052006385,STOP_LOSS,-9485.052006384649,5584.16,-15069.212006384649,4.0,2026-08
GOLD,LONG,2026-08-21 20:29:00,129717.0,129637.10192836732,129956.69421489803,SHA_FLIP,2026-08-21 20:31:00,129637.10192836732,STOP_LOSS,-7989.807163267687,5588.68,-13578.487163267688,2.0,2026-08
CRUDEOIL,LONG,2026-08-21 20:18:00,8140.0,8134.672840566548,8161.308637733808,SHA_FLIP,2026-08-21 20:32:00,8134.672840566548,STOP_LOSS,-532.7159433451925,725.6,-1258.3159433451924,14.0,2026-08
CRUDEOIL,SHORT,2026-08-21 20:32:00,8126.0,8131.197520876005,8105.20991649598,SHA_FLIP,2026-08-21 20:41:00,8131.197520876005,STOP_LOSS,-519.7520876005001,725.04,-1244.7920876005,9.0,2026-08
GOLD,LONG,2026-08-21 20:46:00,129799.0,129743.20412854046,129966.38761437863,SHA_FLIP,2026-08-21 20:47:00,129743.20412854046,STOP_LOSS,-5579.587145954429,5591.96,-11171.547145954428,1.0,2026-08
CRUDEOIL,LONG,2026-08-21 20:44:00,8150.0,8140.185884980205,8189.256460079181,SHA_FLIP,2026-08-21 20:59:00,8140.185884980205,STOP_LOSS,-981.4115019795281,726.0,-1707.411501979528,15.0,2026-08
CRUDEOIL,LONG,2026-08-21 21:06:00,8155.0,8148.402981906914,8181.388072372345,SHA_FLIP,2026-08-21 21:18:00,8148.402981906914,STOP_LOSS,-659.7018093086263,726.2,-1385.9018093086263,12.0,2026-08
CRUDEOIL,LONG,2026-08-21 21:29:00,8156.0,8151.976705078126,8172.0931796874975,SHA_FLIP,2026-08-21 21:30:00,8151.976705078126,STOP_LOSS,-402.3294921874367,726.24,-1128.5694921874367,1.0,2026-08
CRUDEOIL,SHORT,2026-08-21 21:31:00,8150.0,8154.061941519097,8133.752233923613,SHA_FLIP,2026-08-21 21:33:00,8154.061941519097,STOP_LOSS,-406.1941519096763,726.0,-1132.1941519096763,2.0,2026-08
SILVER,LONG,2026-08-21 21:24:00,2492.0,2489.215727993012,2500.352816020964,SHA_FLIP,2026-08-21 21:38:00,2489.215727993012,STOP_LOSS,-83.52816020963928,209.904,-293.4321602096393,14.0,2026-08
CRUDEOIL,LONG,2026-08-21 21:34:00,8159.0,8154.795826513347,8175.816693946614,SHA_FLIP,2026-08-21 21:41:00,8154.795826513347,STOP_LOSS,-420.4173486653417,726.36,-1146.7773486653418,7.0,2026-08
SILVER,SHORT,2026-08-21 21:39:00,2488.0,2491.246660813315,2478.260017560055,SHA_FLIP,2026-08-21 21:51:00,2491.246660813315,STOP_LOSS,-97.39982439944924,209.856,-307.25582439944924,12.0,2026-08
CRUDEOIL,SHORT,2026-08-21 21:52:00,8145.0,8156.115260864674,8100.5389565413025,SHA_FLIP,2026-08-21 21:53:00,8156.115260864674,STOP_LOSS,-1111.5260864674383,725.8,-1837.3260864674382,1.0,2026-08
SILVER,SHORT,2026-08-21 21:58:00,2489.0,2492.1559166859056,2479.532249942283,SHA_FLIP,2026-08-21 22:12:00,2492.1559166859056,STOP_LOSS,-94.67750057716785,209.868,-304.54550057716784,14.0,2026-08
CRUDEOIL,LONG,2026-08-21 22:10:00,8161.0,8155.598922810172,8182.604308759313,SHA_FLIP,2026-08-21 22:20:00,8155.598922810172,STOP_LOSS,-540.1077189828356,726.44,-1266.5477189828357,10.0,2026-08
CRUDEOIL,LONG,2026-08-21 22:28:00,8160.0,8156.6478718249155,8173.408512700338,SHA_FLIP,2026-08-21 22:39:00,8173.408512700338,TAKE_PROFIT,1340.8512700338179,726.4000000000001,614.4512700338178,11.0,2026-08
GOLD,LONG,2026-08-21 21:22:00,130050.0,129919.16125126826,130442.51624619521,SHA_FLIP,2026-08-21 22:39:00,130442.51624619521,TAKE_PROFIT,39251.62461952132,5602.0,33649.62461952132,77.0,2026-08
GOLD,SHORT,2026-08-21 22:43:00,130250.0,130356.04893890955,129931.85318327136,SHA_FLIP,2026-08-21 23:23:00,130356.04893890955,STOP_LOSS,-10604.893890954554,5610.0,-16214.893890954554,40.0,2026-08
CRUDEOIL,SHORT,2026-08-24 09:45:00,8046.0,8049.989520600112,8030.041917599552,SHA_FLIP,2026-08-24 09:51:00,8049.989520600112,STOP_LOSS,-398.9520600111973,721.84,-1120.7920600111975,6.0,2026-08
CRUDEOIL,SHORT,2026-08-24 09:56:00,8044.0,8047.398998612065,8030.40400555174,SHA_FLIP,2026-08-24 09:58:00,8047.398998612065,STOP_LOSS,-339.8998612065043,721.76,-1061.6598612065043,2.0,2026-08
CRUDEOIL,LONG,2026-08-24 10:38:00,8058.0,8056.106873499042,8065.572506003831,SHA_FLIP,2026-08-24 10:42:00,8056.106873499042,STOP_LOSS,-189.31265009578055,722.3199999999999,-911.6326500957805,4.0,2026-08
CRUDEOIL,SHORT,2026-08-24 11:28:00,8050.0,8051.955133521218,8042.179465915127,SHA_FLIP,2026-08-24 11:35:00,8042.179465915127,TAKE_PROFIT,782.0534084872634,722.0,60.05340848726337,7.0,2026-08
SILVER,SHORT,2026-08-24 09:20:00,2486.0,2494.6652572413905,2460.0042282758286,SHA_FLIP,2026-08-24 11:45:00,2494.6652572413905,STOP_LOSS,-259.9577172417139,209.832,-469.7897172417139,145.0,2026-08
CRUDEOIL,SHORT,2026-08-24 12:07:00,8020.0,8023.559148756585,8005.763404973659,SHA_FLIP,2026-08-24 12:08:00,8023.559148756585,STOP_LOSS,-355.9148756585273,720.8,-1076.7148756585273,1.0,2026-08
CRUDEOIL,SHORT,2026-08-24 12:22:00,8023.0,8026.30062978401,8009.797480863959,SHA_FLIP,2026-08-24 12:25:00,8026.30062978401,STOP_LOSS,-330.0629784010198,720.9200000000001,-1050.9829784010199,3.0,2026-08
CRUDEOIL,SHORT,2026-08-24 12:32:00,8009.0,8014.360467305351,7987.558130778594,SHA_FLIP,2026-08-24 12:35:00,8014.360467305351,STOP_LOSS,-536.0467305351449,720.36,-1256.406730535145,3.0,2026-08
SILVER,LONG,2026-08-24 12:04:00,2495.0,2489.86868677868,2510.39393966396,SHA_FLIP,2026-08-24 12:54:00,2489.86868677868,STOP_LOSS,-153.93939663959827,209.94,-363.87939663959827,50.0,2026-08
CRUDEOIL,SHORT,2026-08-24 12:56:00,8015.0,8017.420494731963,8005.3180210721475,SHA_FLIP,2026-08-24 12:59:00,8017.420494731963,STOP_LOSS,-242.04947319631174,720.6,-962.6494731963118,3.0,2026-08
CRUDEOIL,LONG,2026-08-24 13:00:00,8026.0,8021.034434567119,8045.862261731523,SHA_FLIP,2026-08-24 13:03:00,8021.034434567119,STOP_LOSS,-496.5565432880794,721.04,-1217.5965432880794,3.0,2026-08
CRUDEOIL,SHORT,2026-08-24 13:04:00,8009.0,8014.774745962045,7985.90101615182,SHA_FLIP,2026-08-24 13:06:00,8014.774745962045,STOP_LOSS,-577.4745962045017,720.36,-1297.8345962045018,2.0,2026-08
CRUDEOIL,LONG,2026-08-24 13:09:00,8030.0,8023.304286087262,8056.782855650952,SHA_FLIP,2026-08-24 13:18:00,8056.782855650952,TAKE_PROFIT,2678.2855650952115,721.2,1957.0855650952115,9.0,2026-08
CRUDEOIL,LONG,2026-08-24 13:28:00,8048.0,8038.699932955103,8085.200268179589,SHA_FLIP,2026-08-24 13:30:00,8038.699932955103,STOP_LOSS,-930.0067044897332,721.9200000000001,-1651.9267044897333,2.0,2026-08
CRUDEOIL,LONG,2026-08-24 13:39:00,8045.0,8037.9497774251195,8073.200890299522,SHA_FLIP,2026-08-24 13:49:00,8037.9497774251195,STOP_LOSS,-705.0222574880536,721.8,-1426.8222574880535,10.0,2026-08
CRUDEOIL,LONG,2026-08-24 13:55:00,8053.0,8045.814186756209,8081.743252975164,SHA_FLIP,2026-08-24 13:58:00,8045.814186756209,STOP_LOSS,-718.5813243791017,722.12,-1440.7013243791016,3.0,2026-08
CRUDEOIL,LONG,2026-08-24 14:04:00,8050.0,8043.446284137512,8076.214863449954,SHA_FLIP,2026-08-24 14:06:00,8043.446284137512,STOP_LOSS,-655.3715862488389,722.0,-1377.3715862488389,2.0,2026-08
CRUDEOIL,SHORT,2026-08-24 14:07:00,8042.0,8047.652892962929,8019.388428148282,SHA_FLIP,2026-08-24 14:13:00,8019.388428148282,TAKE_PROFIT,2261.15718517176,721.6800000000001,1539.4771851717599,6.0,2026-08
SILVER,SHORT,2026-08-24 14:29:00,2482.0,2485.477634389247,2471.5670968322584,SHA_FLIP,2026-08-24 14:37:00,2485.477634389247,STOP_LOSS,-104.32903167741642,209.784,-314.1130316774164,8.0,2026-08
SILVER,LONG,2026-08-24 14:37:00,2486.0,2483.4235253532465,2493.7294239402604,SHA_FLIP,2026-08-24 14:46:00,2483.4235253532465,STOP_LOSS,-77.29423940260403,209.832,-287.126239402604,9.0,2026-08
SILVER,LONG,2026-08-24 15:15:00,2483.0,2481.14594465624,2488.5621660312804,SHA_FLIP,2026-08-24 15:22:00,2481.14594465624,STOP_LOSS,-55.621660312804124,209.796,-265.4176603128041,7.0,2026-08
SILVER,LONG,2026-08-24 15:31:00,2483.0,2481.1707631507597,2488.487710547721,SHA_FLIP,2026-08-24 15:43:00,2488.487710547721,TAKE_PROFIT,164.63131643162342,209.796,-45.164683568376574,12.0,2026-08
CRUDEOIL,SHORT,2026-08-24 15:39:00,8009.0,8013.741041695243,7990.035833219026,SHA_FLIP,2026-08-24 15:45:00,8013.741041695243,STOP_LOSS,-474.1041695243439,720.36,-1194.464169524344,6.0,2026-08
CRUDEOIL,LONG,2026-08-24 15:49:00,8015.0,8012.717083361305,8024.131666554778,SHA_FLIP,2026-08-24 15:52:00,8012.717083361305,STOP_LOSS,-228.29166386945872,720.6,-948.8916638694587,3.0,2026-08
CRUDEOIL,SHORT,2026-08-24 15:52:00,8001.0,8005.286094179322,7983.85562328271,SHA_FLIP,2026-08-24 15:55:00,8005.286094179322,STOP_LOSS,-428.609417932239,720.04,-1148.649417932239,3.0,2026-08
CRUDEOIL,SHORT,2026-08-24 16:34:00,8004.0,8011.5339107001355,7973.864357199458,SHA_FLIP,2026-08-24 16:36:00,8011.5339107001355,STOP_LOSS,-753.3910700135493,720.1600000000001,-1473.5510700135494,2.0,2026-08
CRUDEOIL,LONG,2026-08-24 16:46:00,8020.0,8016.377095795878,8034.491616816489,SHA_FLIP,2026-08-24 16:54:00,8034.491616816489,TAKE_PROFIT,1449.1616816489113,720.8,728.3616816489114,8.0,2026-08
CRUDEOIL,LONG,2026-08-24 17:40:00,8033.0,8029.002403707606,8048.990385169574,SHA_FLIP,2026-08-24 17:43:00,8029.002403707606,STOP_LOSS,-399.75962923936095,721.3199999999999,-1121.0796292393609,3.0,2026-08
GOLD,LONG,2026-08-24 17:41:00,131717.0,131661.00040726174,131884.99877821477,SHA_FLIP,2026-08-24 17:49:00,131661.00040726174,STOP_LOSS,-5599.959273825516,5668.68,-11268.639273825516,8.0,2026-08
SILVER,LONG,2026-08-24 17:52:00,2493.0,2491.904995385499,2496.2850138435024,SHA_FLIP,2026-08-24 18:02:00,2491.904995385499,STOP_LOSS,-32.85013843502384,209.916,-242.76613843502383,10.0,2026-08
GOLD,LONG,2026-08-24 17:53:00,131730.0,131680.18502886294,131879.4449134112,SHA_FLIP,2026-08-24 18:02:00,131680.18502886294,STOP_LOSS,-4981.497113706428,5669.2,-10650.697113706428,9.0,2026-08
SILVER,SHORT,2026-08-24 18:02:00,2488.0,2492.1862814680117,2475.441155595965,SHA_FLIP,2026-08-24 18:08:00,2492.1862814680117,STOP_LOSS,-125.58844404034971,209.856,-335.4444440403497,6.0,2026-08
SILVER,LONG,2026-08-24 18:11:00,2496.0,2491.94409243631,2508.1677226910706,SHA_FLIP,2026-08-24 18:15:00,2491.94409243631,STOP_LOSS,-121.67722691070594,209.952,-331.62922691070594,4.0,2026-08
CRUDEOIL,LONG,2026-08-24 18:35:00,8053.0,8044.433501928612,8087.265992285553,SHA_FLIP,2026-08-24 19:01:00,8087.265992285553,TAKE_PROFIT,3426.5992285552784,722.12,2704.4792285552785,26.0,2026-08
SILVER,LONG,2026-08-24 18:23:00,2495.0,2490.797570052591,2507.6072898422276,SHA_FLIP,2026-08-24 19:14:00,2490.797570052591,STOP_LOSS,-126.07289842227601,209.94,-336.012898422276,51.0,2026-08
GOLD,LONG,2026-08-24 19:19:00,132202.0,132057.58861999543,132635.23414001372,SHA_FLIP,2026-08-24 19:23:00,132057.58861999543,STOP_LOSS,-14441.138000457431,5688.08,-20129.218000457433,4.0,2026-08
GOLD,SHORT,2026-08-24 19:46:00,131950.0,132041.01158894825,131676.96523315524,SHA_FLIP,2026-08-24 19:49:00,132041.01158894825,STOP_LOSS,-9101.158894825494,5678.0,-14779.158894825494,3.0,2026-08
GOLD,LONG,2026-08-24 19:51:00,132168.0,132073.28926170158,132452.13221489527,SHA_FLIP,2026-08-24 20:20:00,132073.28926170158,STOP_LOSS,-9471.073829842499,5686.72,-15157.7938298425,29.0,2026-08
GOLD,LONG,2026-08-24 20:26:00,132214.0,132141.51050952,132431.46847143996,SHA_FLIP,2026-08-24 20:29:00,132141.51050952,STOP_LOSS,-7248.949047998758,5688.56,-12937.50904799876,3.0,2026-08
CRUDEOIL,SHORT,2026-08-24 20:18:00,8015.0,8021.398774235072,7989.4049030597125,SHA_FLIP,2026-08-24 20:32:00,8021.398774235072,STOP_LOSS,-639.8774235071869,720.6,-1360.4774235071868,14.0,2026-08
CRUDEOIL,LONG,2026-08-24 20:32:00,8025.0,8019.337261006387,8047.650955974452,SHA_FLIP,2026-08-24 20:37:00,8019.337261006387,STOP_LOSS,-566.2738993612948,721.0,-1287.2738993612948,5.0,2026-08
CRUDEOIL,SHORT,2026-08-24 20:39:00,8010.0,8016.9961556046155,7982.015377581538,SHA_FLIP,2026-08-24 20:43:00,8016.9961556046155,STOP_LOSS,-699.6155604615524,720.4000000000001,-1420.0155604615525,4.0,2026-08
CRUDEOIL,LONG,2026-08-24 20:45:00,8017.0,8011.839804063627,8037.6407837454935,SHA_FLIP,2026-08-24 20:56:00,8011.839804063627,STOP_LOSS,-516.0195936373384,720.6800000000001,-1236.6995936373385,11.0,2026-08
GOLD,SHORT,2026-08-24 20:31:00,132114.0,132203.1737934338,131846.47861969864,SHA_FLIP,2026-08-24 20:59:00,132203.1737934338,STOP_LOSS,-8917.379343378707,5684.56,-14601.939343378708,28.0,2026-08
CRUDEOIL,SHORT,2026-08-24 20:56:00,7998.0,8004.055861469991,7973.776554120035,SHA_FLIP,2026-08-24 20:59:00,7973.776554120035,TAKE_PROFIT,2422.3445879964856,719.9200000000001,1702.4245879964856,3.0,2026-08
GOLD,LONG,2026-08-24 20:59:00,132229.0,132177.00707901712,132384.97876294865,SHA_FLIP,2026-08-24 21:00:00,132177.00707901712,STOP_LOSS,-5199.292098288424,5689.16,-10888.452098288424,1.0,2026-08
GOLD,SHORT,2026-08-24 21:03:00,132137.0,132194.4811815544,131964.55645533677,SHA_FLIP,2026-08-24 21:15:00,131964.55645533677,TAKE_PROFIT,17244.354466322693,5685.4800000000005,11558.874466322693,12.0,2026-08
SILVER,SHORT,2026-08-24 19:44:00,2491.0,2495.1694015035428,2478.4917954893717,SHA_FLIP,2026-08-24 21:28:00,2478.4917954893717,TAKE_PROFIT,375.24613531884825,209.892,165.35413531884825,104.0,2026-08
CRUDEOIL,SHORT,2026-08-24 21:20:00,7981.0,7988.260393673733,7951.958425305067,SHA_FLIP,2026-08-24 21:38:00,7988.260393673733,STOP_LOSS,-726.0393673733233,719.24,-1445.2793673733233,18.0,2026-08
SILVER,SHORT,2026-08-24 21:40:00,2480.0,2483.1407273467444,2470.577817959767,SHA_FLIP,2026-08-24 21:51:00,2483.1407273467444,STOP_LOSS,-94.2218204023311,209.76,-303.9818204023311,11.0,2026-08
GOLD,SHORT,2026-08-24 22:16:00,131800.0,131829.58809156367,131711.235725309,SHA_FLIP,2026-08-24 22:19:00,131829.58809156367,STOP_LOSS,-2958.809156366624,5672.0,-8630.809156366624,3.0,2026-08
CRUDEOIL,LONG,2026-08-24 22:10:00,8031.0,8023.360647823643,8061.5574087054265,SHA_FLIP,2026-08-24 22:30:00,8023.360647823643,STOP_LOSS,-763.9352176356624,721.24,-1485.1752176356624,20.0,2026-08
SILVER,SHORT,2026-08-24 22:04:00,2481.0,2483.6256429526647,2473.1230711420058,SHA_FLIP,2026-08-24 22:32:00,2473.1230711420058,TAKE_PROFIT,236.30786573982732,209.772,26.53586573982733,28.0,2026-08
CRUDEOIL,SHORT,2026-08-24 23:17:00,7994.0,7996.092898656011,7985.6284053759555,SHA_FLIP,2026-08-24 23:18:00,7996.092898656011,STOP_LOSS,-209.28986560111298,719.76,-929.049865601113,1.0,2026-08
GOLD,SHORT,2026-08-24 22:48:00,131510.0,131640.99797511642,131117.00607465074,SHA_FLIP,2026-08-24 23:20:00,131117.00607465074,TAKE_PROFIT,39299.3925349263,5660.400000000001,33638.9925349263,32.0,2026-08
SILVER,SHORT,2026-08-24 22:50:00,2474.0,2480.893085067664,2453.3207447970085,SHA_FLIP,2026-08-25 09:00:00,2456.0,SESSION_END,540.0,209.688,330.312,610.0,2026-08
SILVER,LONG,2026-08-25 09:44:00,2453.0,2449.7712654420675,2462.6862036737975,SHA_FLIP,2026-08-25 09:50:00,2449.7712654420675,STOP_LOSS,-96.86203673797536,209.436,-306.2980367379754,6.0,2026-08
CRUDEOIL,SHORT,2026-08-25 12:01:00,7930.0,7936.386172064019,7904.4553117439245,SHA_FLIP,2026-08-25 12:04:00,7936.386172064019,STOP_LOSS,-638.6172064018865,717.2,-1355.8172064018866,3.0,2026-08
CRUDEOIL,LONG,2026-08-25 12:09:00,7974.0,7964.100537994199,8013.597848023204,SHA_FLIP,2026-08-25 12:10:00,7964.100537994199,STOP_LOSS,-989.946200580107,718.96,-1708.906200580107,1.0,2026-08
CRUDEOIL,SHORT,2026-08-25 12:24:00,7929.0,7938.464161584341,7891.1433536626355,SHA_FLIP,2026-08-25 12:29:00,7938.464161584341,STOP_LOSS,-946.4161584341127,717.1600000000001,-1663.5761584341128,5.0,2026-08
CRUDEOIL,SHORT,2026-08-25 12:52:00,7940.0,7943.837160872222,7924.651356511113,SHA_FLIP,2026-08-25 12:54:00,7943.837160872222,STOP_LOSS,-383.716087222183,717.6,-1101.316087222183,2.0,2026-08
CRUDEOIL,LONG,2026-08-25 12:55:00,7953.0,7948.24881705592,7972.00473177632,SHA_FLIP,2026-08-25 13:09:00,7948.24881705592,STOP_LOSS,-475.11829440800284,718.12,-1193.2382944080027,14.0,2026-08
CRUDEOIL,LONG,2026-08-25 13:12:00,7959.0,7953.944374456851,7979.222502172597,SHA_FLIP,2026-08-25 13:13:00,7953.944374456851,STOP_LOSS,-505.562554314929,718.36,-1223.9225543149291,1.0,2026-08
SILVER,SHORT,2026-08-25 12:41:00,2464.0,2466.8417074389617,2455.4748776831148,SHA_FLIP,2026-08-25 13:24:00,2455.4748776831148,TAKE_PROFIT,255.75366950655734,209.568,46.18566950655733,43.0,2026-08
CRUDEOIL,LONG,2026-08-25 13:15:00,7959.0,7953.337419461244,7981.650322155023,SHA_FLIP,2026-08-25 13:51:00,7953.337419461244,STOP_LOSS,-566.2580538755719,718.36,-1284.618053875572,36.0,2026-08
SILVER,SHORT,2026-08-25 14:04:00,2454.0,2457.882251214374,2442.3532463568786,SHA_FLIP,2026-08-25 14:35:00,2442.3532463568786,TAKE_PROFIT,349.40260929364285,209.448,139.95460929364285,31.0,2026-08
SILVER,SHORT,2026-08-25 14:55:00,2447.0,2451.175514463966,2434.473456608102,SHA_FLIP,2026-08-25 15:03:00,2451.175514463966,STOP_LOSS,-125.2654339189803,209.364,-334.62943391898034,8.0,2026-08
CRUDEOIL,SHORT,2026-08-25 15:57:00,7764.0,7771.063679131583,7735.745283473669,SHA_FLIP,2026-08-25 16:04:00,7771.063679131583,STOP_LOSS,-706.367913158283,710.56,-1416.927913158283,7.0,2026-08
CRUDEOIL,LONG,2026-08-25 16:14:00,7780.0,7773.901254492716,7804.394982029135,SHA_FLIP,2026-08-25 16:30:00,7773.901254492716,STOP_LOSS,-609.8745507283638,711.2,-1321.0745507283639,16.0,2026-08
SILVER,LONG,2026-08-25 15:04:00,2455.0,2448.5259836309483,2474.422049107155,SHA_FLIP,2026-08-25 16:31:00,2448.5259836309483,STOP_LOSS,-194.2204910715509,209.46,-403.68049107155093,87.0,2026-08
CRUDEOIL,LONG,2026-08-25 16:40:00,7791.0,7784.198577729207,7818.205689083174,SHA_FLIP,2026-08-25 16:44:00,7784.198577729207,STOP_LOSS,-680.142227079341,711.6400000000001,-1391.782227079341,4.0,2026-08
CRUDEOIL,SHORT,2026-08-25 17:40:00,7737.0,7742.597769016113,7714.60892393555,SHA_FLIP,2026-08-25 17:42:00,7742.597769016113,STOP_LOSS,-559.7769016112579,709.48,-1269.256901611258,2.0,2026-08
CRUDEOIL,LONG,2026-08-25 18:12:00,7785.0,7778.113783955575,7812.5448641777,SHA_FLIP,2026-08-25 18:14:00,7778.113783955575,STOP_LOSS,-688.6216044425055,711.4000000000001,-1400.0216044425056,2.0,2026-08
GOLD,LONG,2026-08-25 18:13:00,131053.0,130986.3236858031,131253.0289425907,SHA_FLIP,2026-08-25 18:30:00,130986.3236858031,STOP_LOSS,-6667.63141968986,5642.12,-12309.75141968986,17.0,2026-08
SILVER,LONG,2026-08-25 16:41:00,2452.0,2447.926415495961,2464.220753512117,SHA_FLIP,2026-08-25 18:53:00,2447.926415495961,STOP_LOSS,-122.20753512116971,209.424,-331.6315351211697,132.0,2026-08
SILVER,SHORT,2026-08-25 19:06:00,2447.0,2453.0496382760834,2428.8510851717497,SHA_FLIP,2026-08-25 19:36:00,2453.0496382760834,STOP_LOSS,-181.48914828250327,209.364,-390.8531482825033,30.0,2026-08
GOLD,LONG,2026-08-25 19:57:00,130466.0,130358.29962046252,130789.10113861243,SHA_FLIP,2026-08-25 19:59:00,130358.29962046252,STOP_LOSS,-10770.03795374767,5618.64,-16388.67795374767,2.0,2026-08
SILVER,LONG,2026-08-25 19:54:00,2453.0,2449.2897572545476,2464.1307282363573,SHA_FLIP,2026-08-25 20:00:00,2449.2897572545476,STOP_LOSS,-111.307282363573,209.436,-320.74328236357303,6.0,2026-08
CRUDEOIL,LONG,2026-08-25 20:00:00,7781.0,7766.2335106263745,7840.065957494502,SHA_FLIP,2026-08-25 20:14:00,7766.2335106263745,STOP_LOSS,-1476.6489373625518,711.24,-2187.8889373625516,14.0,2026-08
SILVER,LONG,2026-08-25 20:42:00,2457.0,2454.151786577,2465.5446402689995,SHA_FLIP,2026-08-25 20:45:00,2454.151786577,STOP_LOSS,-85.44640268999501,209.484,-294.93040268999505,3.0,2026-08
GOLD,LONG,2026-08-25 20:06:00,130457.0,130344.19809061923,130795.4057281423,SHA_FLIP,2026-08-25 20:51:00,130795.4057281423,TAKE_PROFIT,33840.57281423011,5618.280000000001,28222.29281423011,45.0,2026-08
CRUDEOIL,SHORT,2026-08-25 20:43:00,7758.0,7762.2234741973425,7741.10610321063,SHA_FLIP,2026-08-25 20:51:00,7741.10610321063,TAKE_PROFIT,1689.3896789370046,710.3199999999999,979.0696789370047,8.0,2026-08
GOLD,LONG,2026-08-25 21:27:00,131163.0,131071.25840348769,131438.2247895369,SHA_FLIP,2026-08-25 21:34:00,131071.25840348769,STOP_LOSS,-9174.15965123073,5646.52,-14820.67965123073,7.0,2026-08
SILVER,LONG,2026-08-25 21:29:00,2469.0,2464.815108479392,2481.5546745618235,SHA_FLIP,2026-08-25 21:39:00,2464.815108479392,STOP_LOSS,-125.54674561823504,209.628,-335.174745618235,10.0,2026-08
GOLD,SHORT,2026-08-25 22:05:00,130845.0,130917.26420007362,130628.20739977913,SHA_FLIP,2026-08-25 22:07:00,130917.26420007362,STOP_LOSS,-7226.4200073623215,5633.8,-12860.22000736232,2.0,2026-08
CRUDEOIL,LONG,2026-08-25 21:50:00,7725.0,7721.431891312463,7739.272434750146,SHA_FLIP,2026-08-25 22:24:00,7739.272434750146,TAKE_PROFIT,1427.2434750146203,709.0,718.2434750146203,34.0,2026-08
SILVER,LONG,2026-08-25 22:09:00,2468.0,2465.3271097532042,2476.0186707403873,SHA_FLIP,2026-08-25 22:26:00,2465.3271097532042,STOP_LOSS,-80.18670740387279,209.61599999999999,-289.8027074038728,17.0,2026-08
CRUDEOIL,SHORT,2026-08-25 22:30:00,7717.0,7723.678077832446,7690.287688670214,SHA_FLIP,2026-08-25 22:33:00,7723.678077832446,STOP_LOSS,-667.8077832446434,708.6800000000001,-1376.4877832446434,3.0,2026-08
CRUDEOIL,SHORT,2026-08-25 22:49:00,7722.0,7726.5638730177025,7703.74450792919,SHA_FLIP,2026-08-25 22:52:00,7726.5638730177025,STOP_LOSS,-456.38730177024627,708.88,-1165.2673017702464,3.0,2026-08
SILVER,LONG,2026-08-25 22:48:00,2468.0,2465.6662214375337,2475.0013356873988,SHA_FLIP,2026-08-25 22:58:00,2465.6662214375337,STOP_LOSS,-70.0133568739875,209.61599999999999,-279.6293568739875,10.0,2026-08
CRUDEOIL,LONG,2026-08-25 22:52:00,7739.0,7732.62908769781,7764.48364920876,SHA_FLIP,2026-08-25 22:59:00,7732.62908769781,STOP_LOSS,-637.0912302189936,709.56,-1346.6512302189935,7.0,2026-08
SILVER,SHORT,2026-08-25 22:58:00,2465.0,2467.9495262484393,2456.151421254682,SHA_FLIP,2026-08-25 22:59:00,2467.9495262484393,STOP_LOSS,-88.48578745317809,209.58,-298.06578745317813,1.0,2026-08
GOLD,SHORT,2026-08-25 22:59:00,130756.0,130840.35278901733,130502.94163294802,SHA_FLIP,2026-08-25 23:06:00,130840.35278901733,STOP_LOSS,-8435.278901732818,5630.240000000001,-14065.51890173282,7.0,2026-08
SILVER,SHORT,2026-08-25 23:01:00,2465.0,2468.156623516063,2455.530129451811,SHA_FLIP,2026-08-25 23:11:00,2468.156623516063,STOP_LOSS,-94.69870548189192,209.58,-304.27870548189196,10.0,2026-08
GOLD,LONG,2026-08-25 23:24:00,130933.0,130851.35142407422,131177.94572777732,SHA_FLIP,2026-08-25 23:26:00,130851.35142407422,STOP_LOSS,-8164.857592577755,5637.320000000001,-13802.177592577755,2.0,2026-08
CRUDEOIL,SHORT,2026-08-26 09:50:00,7575.0,7578.888138607044,7559.447445571823,SHA_FLIP,2026-08-26 10:06:00,7578.888138607044,STOP_LOSS,-388.81386070443114,703.0,-1091.8138607044311,16.0,2026-08
CRUDEOIL,LONG,2026-08-26 10:38:00,7598.0,7594.516857625607,7611.9325694975705,SHA_FLIP,2026-08-26 10:47:00,7611.9325694975705,TAKE_PROFIT,1393.2569497570512,703.9200000000001,689.3369497570511,9.0,2026-08
CRUDEOIL,LONG,2026-08-26 11:09:00,7620.0,7616.222582139813,7635.109671440747,SHA_FLIP,2026-08-26 11:25:00,7616.222582139813,STOP_LOSS,-377.7417860186688,704.8,-1082.5417860186687,16.0,2026-08
CRUDEOIL,LONG,2026-08-26 11:39:00,7622.0,7618.207821600491,7637.1687135980355,SHA_FLIP,2026-08-26 11:44:00,7618.207821600491,STOP_LOSS,-379.21783995088845,704.88,-1084.0978399508886,5.0,2026-08
SILVER,LONG,2026-08-26 09:35:00,2479.0,2475.554279158546,2489.3371625243626,SHA_FLIP,2026-08-26 11:47:00,2475.554279158546,STOP_LOSS,-103.37162524362611,209.748,-313.1196252436261,132.0,2026-08
CRUDEOIL,LONG,2026-08-26 11:59:00,7632.0,7628.448046105394,7646.207815578426,SHA_FLIP,2026-08-26 12:01:00,7628.448046105394,STOP_LOSS,-355.1953894606413,705.28,-1060.4753894606413,2.0,2026-08
CRUDEOIL,SHORT,2026-08-26 12:04:00,7616.0,7620.099023035246,7599.603907859015,SHA_FLIP,2026-08-26 12:11:00,7599.603907859015,TAKE_PROFIT,1639.6092140985274,704.64,934.9692140985275,7.0,2026-08
SILVER,SHORT,2026-08-26 12:24:00,2471.0,2474.3621073782615,2460.9136778652155,SHA_FLIP,2026-08-26 12:47:00,2474.3621073782615,STOP_LOSS,-100.86322134784496,209.652,-310.51522134784494,23.0,2026-08
CRUDEOIL,SHORT,2026-08-26 12:35:00,7588.0,7595.296992409565,7558.81203036174,SHA_FLIP,2026-08-26 13:19:00,7558.81203036174,TAKE_PROFIT,2918.7969638260256,703.52,2215.2769638260256,44.0,2026-08
SILVER,SHORT,2026-08-26 13:12:00,2472.0,2473.2163425529766,2468.3509723410702,SHA_FLIP,2026-08-26 13:25:00,2468.3509723410702,TAKE_PROFIT,109.47082976789261,209.664,-100.19317023210738,13.0,2026-08
SILVER,SHORT,2026-08-26 13:37:00,2466.0,2469.13226113297,2456.6032166010896,SHA_FLIP,2026-08-26 13:39:00,2469.13226113297,STOP_LOSS,-93.96783398910429,209.592,-303.5598339891043,2.0,2026-08
SILVER,SHORT,2026-08-26 14:26:00,2464.0,2466.092720641658,2457.7218380750255,SHA_FLIP,2026-08-26 14:31:00,2466.092720641658,STOP_LOSS,-62.781619249744836,209.568,-272.3496192497448,5.0,2026-08
SILVER,LONG,2026-08-26 14:31:00,2468.0,2465.553860049115,2475.338419852655,SHA_FLIP,2026-08-26 14:40:00,2465.553860049115,STOP_LOSS,-73.38419852655079,209.61599999999999,-283.0001985265508,9.0,2026-08
CRUDEOIL,LONG,2026-08-26 14:45:00,7553.0,7549.745638880359,7566.0174444785625,SHA_FLIP,2026-08-26 14:46:00,7549.745638880359,STOP_LOSS,-325.43611196406346,702.12,-1027.5561119640633,1.0,2026-08
CRUDEOIL,SHORT,2026-08-26 14:46:00,7547.0,7551.506694555325,7528.973221778699,SHA_FLIP,2026-08-26 14:55:00,7551.506694555325,STOP_LOSS,-450.6694555325339,701.88,-1152.549455532534,9.0,2026-08
CRUDEOIL,LONG,2026-08-26 14:55:00,7560.0,7551.820942487515,7592.71623004994,SHA_FLIP,2026-08-26 15:13:00,7551.820942487515,STOP_LOSS,-817.9057512485087,702.4000000000001,-1520.3057512485088,18.0,2026-08
CRUDEOIL,LONG,2026-08-26 16:04:00,7573.0,7570.463328544192,7583.146685823231,SHA_FLIP,2026-08-26 16:08:00,7570.463328544192,STOP_LOSS,-253.66714558076637,702.9200000000001,-956.5871455807664,4.0,2026-08
CRUDEOIL,SHORT,2026-08-26 16:08:00,7569.0,7571.231108611345,7560.07556555462,SHA_FLIP,2026-08-26 16:19:00,7571.231108611345,STOP_LOSS,-223.11086113450074,702.76,-925.8708611345007,11.0,2026-08
CRUDEOIL,SHORT,2026-08-26 16:47:00,7573.0,7577.042984613679,7556.828061545282,SHA_FLIP,2026-08-26 16:54:00,7577.042984613679,STOP_LOSS,-404.2984613679437,702.9200000000001,-1107.2184613679437,7.0,2026-08
SILVER,SHORT,2026-08-26 16:21:00,2462.0,2464.63803664155,2454.0858900753497,SHA_FLIP,2026-08-26 17:28:00,2464.63803664155,STOP_LOSS,-79.14109924650347,209.544,-288.68509924650346,67.0,2026-08
SILVER,SHORT,2026-08-26 18:01:00,2461.0,2468.1711071026484,2439.4866786920547,SHA_FLIP,2026-08-26 18:04:00,2468.1711071026484,STOP_LOSS,-215.13321307945262,209.532,-424.66521307945266,3.0,2026-08
GOLD,SHORT,2026-08-26 18:56:00,129933.0,130060.38640434363,129550.8407869691,SHA_FLIP,2026-08-26 18:59:00,130060.38640434363,STOP_LOSS,-12738.640434363333,5597.320000000001,-18335.960434363333,3.0,2026-08
CRUDEOIL,LONG,2026-08-26 19:01:00,7651.0,7642.121704801971,7686.513180792117,SHA_FLIP,2026-08-26 19:15:00,7686.513180792117,TAKE_PROFIT,3551.3180792117055,706.04,2845.2780792117055,14.0,2026-08
CRUDEOIL,LONG,2026-08-26 19:46:00,7710.0,7704.123517157377,7733.505931370491,SHA_FLIP,2026-08-26 20:00:00,7733.505931370491,TAKE_PROFIT,2350.5931370491453,708.4000000000001,1642.1931370491452,14.0,2026-08
GOLD,SHORT,2026-08-26 19:56:00,130179.0,130249.66979758824,129966.99060723528,SHA_FLIP,2026-08-26 20:12:00,130249.66979758824,STOP_LOSS,-7066.979758824164,5607.16,-12674.139758824163,16.0,2026-08
GOLD,SHORT,2026-08-26 20:19:00,130140.0,130206.20332982822,129941.39001051534,SHA_FLIP,2026-08-26 20:29:00,129941.39001051534,TAKE_PROFIT,19860.998948465567,5605.6,14255.398948465567,10.0,2026-08
SILVER,SHORT,2026-08-26 20:02:00,2455.0,2458.8072553683123,2443.578233895063,SHA_FLIP,2026-08-26 20:32:00,2443.578233895063,TAKE_PROFIT,342.65298314810934,209.46,133.19298314810933,30.0,2026-08
CRUDEOIL,LONG,2026-08-26 20:30:00,7742.0,7735.780855445954,7766.876578216183,SHA_FLIP,2026-08-26 20:45:00,7766.876578216183,TAKE_PROFIT,2487.657821618268,709.6800000000001,1777.9778216182679,15.0,2026-08
GOLD,SHORT,2026-08-26 21:23:00,129510.0,129635.92469836795,129132.22590489616,SHA_FLIP,2026-08-26 21:26:00,129635.92469836795,STOP_LOSS,-12592.469836794771,5580.400000000001,-18172.869836794773,3.0,2026-08
CRUDEOIL,LONG,2026-08-26 21:21:00,7802.0,7790.6406385592345,7847.437445763062,SHA_FLIP,2026-08-26 21:47:00,7847.437445763062,TAKE_PROFIT,4543.744576306199,712.08,3831.664576306199,26.0,2026-08
CRUDEOIL,LONG,2026-08-26 22:14:00,7845.0,7841.807707836225,7857.769168655101,SHA_FLIP,2026-08-26 22:15:00,7841.807707836225,STOP_LOSS,-319.2292163775164,713.8,-1033.0292163775164,1.0,2026-08
GOLD,SHORT,2026-08-26 23:02:00,128745.0,128868.56668800178,128374.29993599466,SHA_FLIP,2026-08-26 23:04:00,128868.56668800178,STOP_LOSS,-12356.668800178159,5549.8,-17906.468800178158,2.0,2026-08
SILVER,LONG,2026-08-26 20:53:00,2447.0,2439.8372957398983,2468.488112780305,SHA_FLIP,2026-08-26 23:07:00,2439.8372957398983,STOP_LOSS,-214.88112780305073,209.364,-424.24512780305076,134.0,2026-08
CRUDEOIL,SHORT,2026-08-26 23:07:00,7791.0,7794.326981324329,7777.692074702685,SHA_FLIP,2026-08-26 23:19:00,7794.326981324329,STOP_LOSS,-332.6981324328699,711.6400000000001,-1044.33813243287,12.0,2026-08
CRUDEOIL,SHORT,2026-08-26 23:23:00,7790.0,7792.506938259159,7779.972246963363,SHA_FLIP,2026-08-26 23:24:00,7792.506938259159,STOP_LOSS,-250.6938259159142,711.6,-962.2938259159142,1.0,2026-08
CRUDEOIL,SHORT,2026-08-26 23:26:00,7791.0,7794.506590623814,7776.973637504743,SHA_FLIP,2026-08-27 09:00:00,7732.0,SESSION_END,5900.0,711.6400000000001,5188.36,574.0,2026-08
CRUDEOIL,SHORT,2026-08-27 09:36:00,7725.0,7728.787284806501,7709.850860773997,SHA_FLIP,2026-08-27 09:52:00,7728.787284806501,STOP_LOSS,-378.7284806500793,709.0,-1087.7284806500793,16.0,2026-08
SILVER,SHORT,2026-08-27 09:49:00,2440.0,2445.846028909305,2422.461913272085,SHA_FLIP,2026-08-27 09:56:00,2422.461913272085,TAKE_PROFIT,526.1426018374505,209.28,316.8626018374505,7.0,2026-08
SILVER,SHORT,2026-08-27 10:16:00,2426.0,2435.402576748571,2397.792269754287,SHA_FLIP,2026-08-27 10:20:00,2435.402576748571,STOP_LOSS,-282.0773024571281,209.112,-491.18930245712806,4.0,2026-08
CRUDEOIL,SHORT,2026-08-27 11:23:00,7708.0,7709.184456074855,7703.26217570058,SHA_FLIP,2026-08-27 11:37:00,7703.26217570058,TAKE_PROFIT,473.78242994200264,708.3199999999999,-234.5375700579973,14.0,2026-08
SILVER,SHORT,2026-08-27 11:32:00,2429.0,2433.9208274392363,2414.237517682291,SHA_FLIP,2026-08-27 11:44:00,2433.9208274392363,STOP_LOSS,-147.62482317708873,209.148,-356.77282317708875,12.0,2026-08
CRUDEOIL,SHORT,2026-08-27 12:27:00,7667.0,7671.370847719047,7649.516609123813,SHA_FLIP,2026-08-27 12:31:00,7649.516609123813,TAKE_PROFIT,1748.3390876186604,706.6800000000001,1041.6590876186604,4.0,2026-08
SILVER,SHORT,2026-08-27 13:06:00,2434.0,2437.016209531396,2424.9513714058126,SHA_FLIP,2026-08-27 13:14:00,2437.016209531396,STOP_LOSS,-90.48628594187448,209.208,-299.69428594187445,8.0,2026-08
CRUDEOIL,LONG,2026-08-27 13:27:00,7682.0,7677.238287622274,7701.046849510905,SHA_FLIP,2026-08-27 13:50:00,7701.046849510905,TAKE_PROFIT,1904.6849510905304,707.28,1197.4049510905304,23.0,2026-08
SILVER,SHORT,2026-08-27 14:33:00,2437.0,2439.554281194371,2429.337156416887,SHA_FLIP,2026-08-27 14:40:00,2439.554281194371,STOP_LOSS,-76.62843583113045,209.244,-285.8724358311305,7.0,2026-08
CRUDEOIL,LONG,2026-08-27 14:25:00,7726.0,7718.683642434911,7755.265430260355,SHA_FLIP,2026-08-27 14:44:00,7755.265430260355,TAKE_PROFIT,2926.543026035506,709.04,2217.503026035506,19.0,2026-08
CRUDEOIL,LONG,2026-08-27 15:07:00,7758.0,7754.759563928517,7770.961744285931,SHA_FLIP,2026-08-27 15:10:00,7754.759563928517,STOP_LOSS,-324.0436071482691,710.3199999999999,-1034.363607148269,3.0,2026-08
SILVER,LONG,2026-08-27 15:51:00,2436.0,2434.8618492713326,2439.414452186002,SHA_FLIP,2026-08-27 16:07:00,2434.8618492713326,STOP_LOSS,-34.14452186002109,209.232,-243.37652186002109,16.0,2026-08
CRUDEOIL,LONG,2026-08-27 15:52:00,7777.0,7772.710578467502,7794.157686129991,SHA_FLIP,2026-08-27 16:12:00,7772.710578467502,STOP_LOSS,-428.9421532497727,711.08,-1140.0221532497726,20.0,2026-08
CRUDEOIL,SHORT,2026-08-27 16:29:00,7771.0,7776.577950310956,7748.688198756176,SHA_FLIP,2026-08-27 16:32:00,7776.577950310956,STOP_LOSS,-557.7950310956112,710.84,-1268.6350310956113,3.0,2026-08
CRUDEOIL,LONG,2026-08-27 16:32:00,7787.0,7778.904960938319,7819.380156246723,SHA_FLIP,2026-08-27 16:43:00,7778.904960938319,STOP_LOSS,-809.5039061680836,711.48,-1520.9839061680836,11.0,2026-08
CRUDEOIL,SHORT,2026-08-27 16:44:00,7775.0,7782.604481223354,7744.582075106584,SHA_FLIP,2026-08-27 16:52:00,7782.604481223354,STOP_LOSS,-760.4481223354014,711.0,-1471.4481223354014,8.0,2026-08
CRUDEOIL,LONG,2026-08-27 16:52:00,7786.0,7781.459604493985,7804.161582024059,SHA_FLIP,2026-08-27 16:58:00,7781.459604493985,STOP_LOSS,-454.0395506014647,711.44,-1165.4795506014648,6.0,2026-08
CRUDEOIL,LONG,2026-08-27 17:41:00,7783.0,7779.800341117541,7795.798635529834,SHA_FLIP,2026-08-27 17:47:00,7779.800341117541,STOP_LOSS,-319.9658882458607,711.3199999999999,-1031.2858882458606,6.0,2026-08
CRUDEOIL,SHORT,2026-08-27 17:47:00,7770.0,7773.955864343772,7754.176542624911,SHA_FLIP,2026-08-27 17:52:00,7773.955864343772,STOP_LOSS,-395.5864343772191,710.8,-1106.386434377219,5.0,2026-08
SILVER,LONG,2026-08-27 16:13:00,2437.0,2434.4542537524885,2444.6372387425345,SHA_FLIP,2026-08-27 18:04:00,2434.4542537524885,STOP_LOSS,-76.37238742534464,209.244,-285.61638742534467,111.0,2026-08
GOLD,SHORT,2026-08-27 18:04:00,127300.0,127367.20164323482,127098.39507029555,SHA_FLIP,2026-08-27 18:09:00,127098.39507029555,TAKE_PROFIT,20160.492970445193,5492.0,14668.492970445193,5.0,2026-08
CRUDEOIL,LONG,2026-08-27 18:16:00,7798.0,7788.062446350764,7837.750214596945,SHA_FLIP,2026-08-27 18:22:00,7837.750214596945,TAKE_PROFIT,3975.0214596944716,711.9200000000001,3263.1014596944715,6.0,2026-08
SILVER,SHORT,2026-08-27 18:04:00,2435.0,2438.1756611550413,2425.473016534876,SHA_FLIP,2026-08-27 18:31:00,2425.473016534876,TAKE_PROFIT,285.8095039537193,209.22,76.58950395371929,27.0,2026-08
SILVER,SHORT,2026-08-27 18:32:00,2429.0,2434.2668247612205,2413.1995257163385,SHA_FLIP,2026-08-27 18:36:00,2434.2668247612205,STOP_LOSS,-158.00474283661515,209.148,-367.1527428366152,4.0,2026-08
GOLD,SHORT,2026-08-27 18:31:00,127110.0,127191.67900919094,126864.9629724272,SHA_FLIP,2026-08-27 18:42:00,127191.67900919094,STOP_LOSS,-8167.900919093518,5484.400000000001,-13652.300919093519,11.0,2026-08
CRUDEOIL,SHORT,2026-08-27 18:58:00,7770.0,7776.339162530236,7744.6433498790575,SHA_FLIP,2026-08-27 19:00:00,7776.339162530236,STOP_LOSS,-633.9162530235626,710.8,-1344.7162530235626,2.0,2026-08
GOLD,LONG,2026-08-27 18:56:00,127287.0,127197.08048472075,127556.75854583776,SHA_FLIP,2026-08-27 19:01:00,127197.08048472075,STOP_LOSS,-8991.951527925266,5491.4800000000005,-14483.431527925266,5.0,2026-08
SILVER,LONG,2026-08-27 18:56:00,2435.0,2430.876030112738,2447.3719096617856,SHA_FLIP,2026-08-27 19:04:00,2430.876030112738,STOP_LOSS,-123.71909661785594,209.22,-332.93909661785597,8.0,2026-08
CRUDEOIL,LONG,2026-08-27 19:01:00,7800.0,7790.473439976614,7838.106240093544,SHA_FLIP,2026-08-27 19:26:00,7790.473439976614,STOP_LOSS,-952.6560023386082,712.0,-1664.6560023386082,25.0,2026-08
CRUDEOIL,LONG,2026-08-27 19:29:00,7808.0,7801.921300941914,7832.3147962323455,SHA_FLIP,2026-08-27 19:47:00,7801.921300941914,STOP_LOSS,-607.8699058086386,712.3199999999999,-1320.1899058086385,18.0,2026-08
GOLD,SHORT,2026-08-27 19:03:00,127100.0,127201.5428429908,126795.37147102758,SHA_FLIP,2026-08-27 20:04:00,127201.5428429908,STOP_LOSS,-10154.28429908061,5484.0,-15638.28429908061,61.0,2026-08
GOLD,LONG,2026-08-27 20:31:00,127410.0,127343.02310101659,127610.93069695024,SHA_FLIP,2026-08-27 20:37:00,127343.02310101659,STOP_LOSS,-6697.689898341196,5496.400000000001,-12194.089898341197,6.0,2026-08
CRUDEOIL,SHORT,2026-08-27 20:51:00,7751.0,7757.228365373979,7726.086538504085,SHA_FLIP,2026-08-27 20:54:00,7757.228365373979,STOP_LOSS,-622.8365373978704,710.04,-1332.8765373978704,3.0,2026-08
SILVER,LONG,2026-08-27 20:48:00,2442.0,2438.1580727606756,2453.525781717973,SHA_FLIP,2026-08-27 20:54:00,2438.1580727606756,STOP_LOSS,-115.25781717973132,209.304,-324.5618171797313,6.0,2026-08
CRUDEOIL,LONG,2026-08-27 20:56:00,7767.0,7760.0748346142545,7794.700661542982,SHA_FLIP,2026-08-27 20:59:00,7760.0748346142545,STOP_LOSS,-692.5165385745458,710.6800000000001,-1403.196538574546,3.0,2026-08
SILVER,LONG,2026-08-27 21:02:00,2442.0,2438.985117984668,2451.0446460459966,SHA_FLIP,2026-08-27 21:30:00,2451.0446460459966,TAKE_PROFIT,271.33938137989844,209.304,62.03538137989844,28.0,2026-08
CRUDEOIL,LONG,2026-08-27 21:13:00,7766.0,7760.619892829191,7787.520428683238,SHA_FLIP,2026-08-27 21:32:00,7787.520428683238,TAKE_PROFIT,2152.0428683237697,710.6400000000001,1441.4028683237696,19.0,2026-08
CRUDEOIL,LONG,2026-08-27 21:54:00,7790.0,7785.86397758069,7806.544089677242,SHA_FLIP,2026-08-27 22:17:00,7806.544089677242,TAKE_PROFIT,1654.4089677241573,711.6,942.8089677241572,23.0,2026-08
GOLD,SHORT,2026-08-27 22:19:00,128011.0,128110.71580359431,127711.85258921706,SHA_FLIP,2026-08-27 22:51:00,127711.85258921706,TAKE_PROFIT,29914.741078294173,5520.4400000000005,24394.30107829417,32.0,2026-08
CRUDEOIL,LONG,2026-08-27 22:35:00,7799.0,7795.607049799765,7812.571800800939,SHA_FLIP,2026-08-27 23:00:00,7795.607049799765,STOP_LOSS,-339.2950200234736,711.96,-1051.2550200234737,25.0,2026-08
SILVER,LONG,2026-08-27 22:01:00,2446.0,2441.033362946328,2460.899911161016,SHA_FLIP,2026-08-27 23:05:00,2441.033362946328,STOP_LOSS,-148.99911161016007,209.352,-358.35111161016005,64.0,2026-08
CRUDEOIL,LONG,2026-08-27 23:02:00,7804.0,7800.244353277329,7819.0225868906855,SHA_FLIP,2026-08-27 23:05:00,7800.244353277329,STOP_LOSS,-375.5646722671372,712.1600000000001,-1087.7246722671373,3.0,2026-08
CRUDEOIL,LONG,2026-08-27 23:14:00,7815.0,7809.458737335297,7837.165050658812,SHA_FLIP,2026-08-27 23:17:00,7837.165050658812,TAKE_PROFIT,2216.5050658812106,712.6,1503.9050658812107,3.0,2026-08
SILVER,SHORT,2026-08-27 23:05:00,2442.0,2445.140570416876,2432.578288749372,SHA_FLIP,2026-08-28 09:00:00,2435.0,SESSION_END,210.0,209.304,0.695999999999998,595.0,2026-08
CRUDEOIL,SHORT,2026-08-28 09:28:00,7820.0,7823.996166220759,7804.015335116965,SHA_FLIP,2026-08-28 09:54:00,7823.996166220759,STOP_LOSS,-399.61662207588233,712.8,-1112.4166220758823,26.0,2026-08
SILVER,SHORT,2026-08-28 10:36:00,2434.0,2436.8883780410038,2425.3348658769887,SHA_FLIP,2026-08-28 10:54:00,2436.8883780410038,STOP_LOSS,-86.65134123011285,209.208,-295.8593412301128,18.0,2026-08
CRUDEOIL,SHORT,2026-08-28 10:58:00,7830.0,7833.654688869993,7815.381244520027,SHA_FLIP,2026-08-28 11:07:00,7815.381244520027,TAKE_PROFIT,1461.8755479972606,713.2,748.6755479972605,9.0,2026-08
CRUDEOIL,SHORT,2026-08-28 11:29:00,7825.0,7827.19164947199,7816.2334021120405,SHA_FLIP,2026-08-28 11:31:00,7827.19164947199,STOP_LOSS,-219.16494719898765,713.0,-932.1649471989876,2.0,2026-08
CRUDEOIL,LONG,2026-08-28 11:31:00,7835.0,7831.353827729928,7849.5846890802895,SHA_FLIP,2026-08-28 11:34:00,7831.353827729928,STOP_LOSS,-364.6172270072384,713.4000000000001,-1078.0172270072385,3.0,2026-08
SILVER,SHORT,2026-08-28 11:34:00,2434.0,2437.1317085014416,2424.604874495675,SHA_FLIP,2026-08-28 11:41:00,2437.1317085014416,STOP_LOSS,-93.95125504324824,209.208,-303.1592550432482,7.0,2026-08
CRUDEOIL,SHORT,2026-08-28 11:37:00,7820.0,7824.166290447516,7803.334838209936,SHA_FLIP,2026-08-28 12:05:00,7803.334838209936,TAKE_PROFIT,1666.5161790064303,712.8,953.7161790064304,28.0,2026-08
CRUDEOIL,SHORT,2026-08-28 12:31:00,7796.0,7798.952314506522,7784.190741973911,SHA_FLIP,2026-08-28 12:32:00,7798.952314506522,STOP_LOSS,-295.23145065222707,711.84,-1007.0714506522271,1.0,2026-08
CRUDEOIL,LONG,2026-08-28 14:00:00,7819.0,7812.033561829466,7846.865752682137,SHA_FLIP,2026-08-28 14:03:00,7812.033561829466,STOP_LOSS,-696.6438170534275,712.76,-1409.4038170534275,3.0,2026-08
CRUDEOIL,LONG,2026-08-28 14:16:00,7820.0,7808.129731698402,7867.4810732063925,SHA_FLIP,2026-08-28 14:57:00,7808.129731698402,STOP_LOSS,-1187.0268301598117,712.8,-1899.8268301598116,41.0,2026-08
CRUDEOIL,SHORT,2026-08-28 15:15:00,7817.0,7821.546147934101,7798.815408263596,SHA_FLIP,2026-08-28 15:31:00,7821.546147934101,STOP_LOSS,-454.61479341011,712.6800000000001,-1167.29479341011,16.0,2026-08
CRUDEOIL,SHORT,2026-08-28 15:35:00,7807.0,7812.05262158232,7786.789513670719,SHA_FLIP,2026-08-28 15:37:00,7812.05262158232,STOP_LOSS,-505.2621582320171,712.28,-1217.542158232017,2.0,2026-08
CRUDEOIL,SHORT,2026-08-28 16:44:00,7827.0,7832.094566886394,7806.621732454423,SHA_FLIP,2026-08-28 16:52:00,7832.094566886394,STOP_LOSS,-509.45668863942046,713.08,-1222.5366886394204,8.0,2026-08
GOLD,LONG,2026-08-28 17:35:00,128116.0,128053.43692530552,128303.68922408344,SHA_FLIP,2026-08-28 17:37:00,128053.43692530552,STOP_LOSS,-6256.307469448075,5524.64,-11780.947469448074,2.0,2026-08
CRUDEOIL,SHORT,2026-08-28 16:57:00,7820.0,7825.928177345992,7796.287290616034,SHA_FLIP,2026-08-28 17:56:00,7796.287290616034,TAKE_PROFIT,2371.2709383966285,712.8,1658.4709383966285,59.0,2026-08
GOLD,LONG,2026-08-28 17:50:00,128190.0,128113.22606590464,128420.32180228607,SHA_FLIP,2026-08-28 18:00:00,128113.22606590464,STOP_LOSS,-7677.39340953558,5527.6,-13204.99340953558,10.0,2026-08
CRUDEOIL,SHORT,2026-08-28 18:16:00,7790.0,7795.737128149187,7767.051487403252,SHA_FLIP,2026-08-28 18:25:00,7767.051487403252,TAKE_PROFIT,2294.8512596747605,711.6,1583.2512596747606,9.0,2026-08
CRUDEOIL,SHORT,2026-08-28 18:55:00,7768.0,7772.385915545568,7750.456337817726,SHA_FLIP,2026-08-28 18:57:00,7772.385915545568,STOP_LOSS,-438.5915545568423,710.72,-1149.3115545568423,2.0,2026-08
GOLD,LONG,2026-08-28 18:57:00,128160.0,128103.08043594204,128330.75869217387,SHA_FLIP,2026-08-28 19:18:00,128330.75869217387,TAKE_PROFIT,17075.869217386935,5526.400000000001,11549.469217386933,21.0,2026-08
CRUDEOIL,LONG,2026-08-28 19:01:00,7778.0,7771.1666768391915,7805.333292643234,SHA_FLIP,2026-08-28 19:29:00,7771.1666768391915,STOP_LOSS,-683.3323160808504,711.12,-1394.4523160808503,28.0,2026-08
SILVER,LONG,2026-08-28 12:46:00,2456.0,2449.74836646776,2474.7549005967194,SHA_FLIP,2026-08-28 19:30:00,2474.7549005967194,TAKE_PROFIT,562.6470179015814,209.472,353.17501790158144,404.0,2026-08
SILVER,SHORT,2026-08-28 19:32:00,2467.0,2474.3282188966305,2445.0153433101086,SHA_FLIP,2026-08-28 19:54:00,2445.0153433101086,TAKE_PROFIT,659.5397006967414,209.604,449.9357006967414,22.0,2026-08
GOLD,SHORT,2026-08-28 20:11:00,127326.0,127549.84133221324,126654.47600336028,SHA_FLIP,2026-08-28 20:26:00,127549.84133221324,STOP_LOSS,-22384.13322132401,5493.04,-27877.17322132401,15.0,2026-08
SILVER,SHORT,2026-08-28 21:02:00,2451.0,2454.553596304549,2440.339211086353,SHA_FLIP,2026-08-28 21:05:00,2454.553596304549,STOP_LOSS,-106.60788913647139,209.412,-316.0198891364714,3.0,2026-08
GOLD,SHORT,2026-08-28 21:02:00,127250.0,127351.92288671022,126944.23133986934,SHA_FLIP,2026-08-28 21:18:00,126944.23133986934,TAKE_PROFIT,30576.86601306632,5490.0,25086.86601306632,16.0,2026-08
SILVER,SHORT,2026-08-28 21:08:00,2450.0,2454.5240511934303,2436.427846419709,SHA_FLIP,2026-08-28 21:26:00,2436.427846419709,TAKE_PROFIT,407.1646074087266,209.4,197.76460740872662,18.0,2026-08
CRUDEOIL,LONG,2026-08-28 20:34:00,7825.0,7818.48134637848,7851.074614486079,SHA_FLIP,2026-08-28 21:31:00,7818.48134637848,STOP_LOSS,-651.8653621519661,713.0,-1364.865362151966,57.0,2026-08
CRUDEOIL,LONG,2026-08-28 22:08:00,7849.0,7842.257809887749,7875.968760449003,SHA_FLIP,2026-08-28 22:47:00,7842.257809887749,STOP_LOSS,-674.2190112250682,713.96,-1388.1790112250683,39.0,2026-08
GOLD,SHORT,2026-08-28 22:26:00,125881.0,126041.06132876819,125400.81601369542,SHA_FLIP,2026-08-28 22:52:00,126041.06132876819,STOP_LOSS,-16006.132876819174,5435.240000000001,-21441.372876819176,26.0,2026-08
SILVER,LONG,2026-08-28 22:51:00,2408.0,2401.3163466032456,2428.050960190263,SHA_FLIP,2026-08-28 23:02:00,2401.3163466032456,STOP_LOSS,-200.5096019026314,208.89600000000002,-409.4056019026314,11.0,2026-08
GOLD,SHORT,2026-08-28 23:10:00,125848.0,125948.86961297698,125545.39116106906,SHA_FLIP,2026-08-31 09:00:00,124354.0,SESSION_END,149400.0,5433.92,143966.08,3470.0,2026-08
SILVER,SHORT,2026-08-31 09:24:00,2382.0,2385.2445984366746,2372.2662046899763,SHA_FLIP,2026-08-31 09:34:00,2372.2662046899763,TAKE_PROFIT,292.01385930070956,208.584,83.42985930070955,10.0,2026-08
CRUDEOIL,LONG,2026-08-31 09:29:00,7990.0,7984.501311716548,8011.9947531338075,SHA_FLIP,2026-08-31 09:58:00,8011.9947531338075,TAKE_PROFIT,2199.4753133807535,719.6,1479.8753133807536,29.0,2026-08
SILVER,LONG,2026-08-31 10:07:00,2378.0,2373.4036476110896,2391.7890571667313,SHA_FLIP,2026-08-31 10:59:00,2391.7890571667313,TAKE_PROFIT,413.6717150019376,208.536,205.13571500193763,52.0,2026-08
SILVER,LONG,2026-08-31 11:06:00,2388.0,2383.0618789403575,2402.8143631789276,SHA_FLIP,2026-08-31 11:37:00,2383.0618789403575,STOP_LOSS,-148.1436317892758,208.656,-356.7996317892758,31.0,2026-08
CRUDEOIL,SHORT,2026-08-31 11:38:00,8042.0,8045.780831036716,8026.876675853135,SHA_FLIP,2026-08-31 11:51:00,8026.876675853135,TAKE_PROFIT,1512.3324146865343,721.6800000000001,790.6524146865343,13.0,2026-08
SILVER,LONG,2026-08-31 11:51:00,2390.0,2386.960019287951,2399.1199421361466,SHA_FLIP,2026-08-31 12:01:00,2386.960019287951,STOP_LOSS,-91.1994213614662,208.68,-299.8794213614662,10.0,2026-08
CRUDEOIL,SHORT,2026-08-31 12:06:00,8029.0,8033.20741725952,8012.170330961919,SHA_FLIP,2026-08-31 12:08:00,8033.20741725952,STOP_LOSS,-420.7417259520298,721.1600000000001,-1141.90172595203,2.0,2026-08
CRUDEOIL,SHORT,2026-08-31 12:16:00,8021.0,8027.419839438608,7995.32064224557,SHA_FLIP,2026-08-31 12:17:00,8027.419839438608,STOP_LOSS,-641.9839438607596,720.84,-1362.8239438607598,1.0,2026-08
CRUDEOIL,LONG,2026-08-31 14:24:00,8059.0,8049.224736264406,8098.101054942377,SHA_FLIP,2026-08-31 15:05:00,8049.224736264406,STOP_LOSS,-977.5263735594308,722.36,-1699.886373559431,41.0,2026-08
SILVER,LONG,2026-08-31 12:07:00,2390.0,2386.653910577309,2400.038268268073,SHA_FLIP,2026-08-31 16:15:00,2400.038268268073,TAKE_PROFIT,301.14804804218693,208.68,92.46804804218692,248.0,2026-08
CRUDEOIL,SHORT,2026-08-31 16:22:00,8041.0,8047.560758907518,8014.756964369928,SHA_FLIP,2026-08-31 16:23:00,8047.560758907518,STOP_LOSS,-656.0758907517993,721.6400000000001,-1377.7158907517994,1.0,2026-08
CRUDEOIL,LONG,2026-08-31 16:46:00,8063.0,8058.42555779344,8081.29776882624,SHA_FLIP,2026-08-31 16:48:00,8058.42555779344,STOP_LOSS,-457.4442206559979,722.52,-1179.964220655998,2.0,2026-08
SILVER,LONG,2026-08-31 16:50:00,2404.0,2400.846417377923,2413.460747866231,SHA_FLIP,2026-08-31 17:05:00,2400.846417377923,STOP_LOSS,-94.60747866231031,208.848,-303.4554786623103,15.0,2026-08
CRUDEOIL,LONG,2026-08-31 17:13:00,8085.0,8075.896819046836,8121.412723812657,SHA_FLIP,2026-08-31 17:25:00,8075.896819046836,STOP_LOSS,-910.3180953164156,723.4000000000001,-1633.7180953164157,12.0,2026-08
CRUDEOIL,LONG,2026-08-31 17:56:00,8069.0,8055.867161599745,8121.531353601022,SHA_FLIP,2026-08-31 17:57:00,8055.867161599745,STOP_LOSS,-1313.2838400255423,722.76,-2036.0438400255423,1.0,2026-08
CRUDEOIL,SHORT,2026-08-31 18:10:00,8049.0,8061.332052337722,7999.67179064911,SHA_FLIP,2026-08-31 18:18:00,8061.332052337722,STOP_LOSS,-1233.2052337722416,721.96,-1955.1652337722417,8.0,2026-08
CRUDEOIL,SHORT,2026-08-31 18:25:00,8052.0,8057.2551335025,8030.97946599,SHA_FLIP,2026-08-31 18:30:00,8057.2551335025,STOP_LOSS,-525.513350250003,722.08,-1247.593350250003,5.0,2026-08
GOLD,LONG,2026-08-31 18:37:00,124445.0,124324.79430564462,124805.61708306613,SHA_FLIP,2026-08-31 18:46:00,124324.79430564462,STOP_LOSS,-12020.569435537618,5377.8,-17398.369435537617,9.0,2026-08
GOLD,SHORT,2026-08-31 19:01:00,124290.0,124377.11617614953,124028.6514715514,SHA_FLIP,2026-08-31 19:16:00,124028.6514715514,TAKE_PROFIT,26134.852844859415,5371.6,20763.252844859417,15.0,2026-08
GOLD,LONG,2026-08-31 19:35:00,124214.0,124113.0323674452,124516.90289766442,SHA_FLIP,2026-08-31 19:41:00,124113.0323674452,STOP_LOSS,-10096.763255480619,5368.56,-15465.32325548062,6.0,2026-08
SILVER,SHORT,2026-08-31 18:47:00,2389.0,2393.1869793001642,2376.4390620995073,SHA_FLIP,2026-08-31 19:55:00,2376.4390620995073,TAKE_PROFIT,376.82813701478153,208.668,168.16013701478153,68.0,2026-08
GOLD,SHORT,2026-08-31 19:50:00,124003.0,124086.82399315257,123751.52802054228,SHA_FLIP,2026-08-31 20:05:00,124086.82399315257,STOP_LOSS,-8382.399315257499,5360.12,-13742.519315257498,15.0,2026-08
CRUDEOIL,SHORT,2026-08-31 20:02:00,8015.0,8019.953527314596,7995.185890741617,SHA_FLIP,2026-08-31 20:06:00,7995.185890741617,TAKE_PROFIT,1981.4109258382814,720.6,1260.8109258382815,4.0,2026-08
GOLD,LONG,2026-08-31 20:25:00,124295.0,124196.38642517032,124590.84072448904,SHA_FLIP,2026-08-31 20:33:00,124196.38642517032,STOP_LOSS,-9861.357482968015,5371.8,-15233.157482968014,8.0,2026-08
SILVER,LONG,2026-08-31 20:27:00,2383.0,2379.9201911203954,2392.2394266388137,SHA_FLIP,2026-08-31 20:35:00,2379.9201911203954,STOP_LOSS,-92.39426638813711,208.596,-300.9902663881371,8.0,2026-08
CRUDEOIL,SHORT,2026-08-31 20:40:00,7985.0,7995.785064991726,7941.859740033095,SHA_FLIP,2026-08-31 20:45:00,7995.785064991726,STOP_LOSS,-1078.5064991726358,719.4000000000001,-1797.906499172636,5.0,2026-08
GOLD,LONG,2026-08-31 20:40:00,124294.0,124196.9677039569,124585.09688812928,SHA_FLIP,2026-08-31 20:47:00,124196.9677039569,STOP_LOSS,-9703.229604309308,5371.76,-15074.989604309309,7.0,2026-08
SILVER,SHORT,2026-08-31 20:49:00,2380.0,2383.574636680248,2369.2760899592554,SHA_FLIP,2026-08-31 20:59:00,2383.574636680248,STOP_LOSS,-107.23910040744613,208.56,-315.79910040744613,10.0,2026-08
GOLD,LONG,2026-08-31 21:02:00,124340.0,124256.18595546328,124591.44213361015,SHA_FLIP,2026-08-31 21:03:00,124256.18595546328,STOP_LOSS,-8381.404453671712,5373.6,-13755.004453671712,1.0,2026-08
CRUDEOIL,LONG,2026-08-31 21:07:00,8020.0,8010.627059855936,8057.491760576257,SHA_FLIP,2026-08-31 21:15:00,8010.627059855936,STOP_LOSS,-937.294014406416,720.8,-1658.094014406416,8.0,2026-08
SILVER,LONG,2026-08-31 21:19:00,2383.0,2380.124243839608,2391.627268481176,SHA_FLIP,2026-08-31 21:23:00,2380.124243839608,STOP_LOSS,-86.27268481176088,208.596,-294.8686848117609,4.0,2026-08
GOLD,SHORT,2026-08-31 21:23:00,124079.0,124178.97824539231,123779.06526382307,SHA_FLIP,2026-08-31 21:32:00,124178.97824539231,STOP_LOSS,-9997.824539231078,5363.16,-15360.984539231078,9.0,2026-08
CRUDEOIL,LONG,2026-08-31 21:23:00,8015.0,8010.054030693359,8034.783877226564,SHA_FLIP,2026-08-31 21:33:00,8010.054030693359,STOP_LOSS,-494.5969306641018,720.6,-1215.1969306641017,10.0,2026-08
CRUDEOIL,LONG,2026-08-31 21:38:00,8015.0,8009.136099932756,8038.455600268975,SHA_FLIP,2026-08-31 21:48:00,8009.136099932756,STOP_LOSS,-586.3900067243776,720.6,-1306.9900067243775,10.0,2026-08
GOLD,SHORT,2026-08-31 21:55:00,124180.0,124247.9105156186,123976.2684531442,SHA_FLIP,2026-08-31 21:57:00,124247.9105156186,STOP_LOSS,-6791.051561859786,5367.2,-12158.251561859786,2.0,2026-08
CRUDEOIL,LONG,2026-08-31 21:52:00,8020.0,8014.126875337934,8043.492498648266,SHA_FLIP,2026-08-31 21:58:00,8014.126875337934,STOP_LOSS,-587.3124662066402,720.8,-1308.1124662066402,6.0,2026-08
GOLD,SHORT,2026-08-31 22:07:00,124116.0,124193.04796445277,123884.8561066417,SHA_FLIP,2026-08-31 22:11:00,124193.04796445277,STOP_LOSS,-7704.796445276588,5364.64,-13069.436445276588,4.0,2026-08
GOLD,SHORT,2026-08-31 22:18:00,124232.0,124302.8937310972,124019.31880670841,SHA_FLIP,2026-08-31 22:21:00,124302.8937310972,STOP_LOSS,-7089.3731097196,5369.280000000001,-12458.6531097196,3.0,2026-08
GOLD,SHORT,2026-08-31 22:25:00,124185.0,124258.42116819276,123964.73649542173,SHA_FLIP,2026-08-31 22:47:00,124258.42116819276,STOP_LOSS,-7342.116819275543,5367.400000000001,-12709.516819275545,22.0,2026-08
CRUDEOIL,LONG,2026-08-31 22:51:00,8020.0,8017.987074835505,8028.051700657979,SHA_FLIP,2026-08-31 22:53:00,8017.987074835505,STOP_LOSS,-201.29251644948454,720.8,-922.0925164494845,2.0,2026-08
GOLD,SHORT,2026-08-31 22:56:00,124160.0,124212.14305274829,124003.57084175514,SHA_FLIP,2026-08-31 22:57:00,124212.14305274829,STOP_LOSS,-5214.305274828803,5366.400000000001,-10580.705274828804,1.0,2026-08
CRUDEOIL,LONG,2026-08-31 22:56:00,8023.0,8018.603937418139,8040.584250327443,SHA_FLIP,2026-08-31 23:05:00,8018.603937418139,STOP_LOSS,-439.60625818608605,720.9200000000001,-1160.5262581860861,9.0,2026-08
GOLD,LONG,2026-08-31 23:04:00,124293.0,124222.86409285941,124503.40772142177,SHA_FLIP,2026-08-31 23:06:00,124222.86409285941,STOP_LOSS,-7013.590714058955,5371.72,-12385.310714058956,2.0,2026-08
SILVER,LONG,2026-08-31 21:37:00,2382.0,2377.5032907966834,2395.49012760995,SHA_FLIP,2026-09-01 09:00:00,2382.0,SESSION_END,0.0,208.584,-208.584,683.0,2026-09
CRUDEOIL,SHORT,2026-08-31 23:22:00,8015.0,8020.051375968183,7994.79449612727,SHA_FLIP,2026-09-01 09:00:00,8090.0,SESSION_END,-7500.0,720.6,-8220.6,578.0,2026-09
CRUDEOIL,SHORT,2026-09-01 10:03:00,8075.0,8076.456921811005,8069.172312755982,SHA_FLIP,2026-09-01 10:05:00,8076.456921811005,STOP_LOSS,-145.69218110045767,723.0,-868.6921811004577,2.0,2026-09
CRUDEOIL,SHORT,2026-09-01 11:06:00,8074.0,8079.980220588251,8050.0791176469975,SHA_FLIP,2026-09-01 11:08:00,8050.0791176469975,TAKE_PROFIT,2392.0882353002526,722.96,1669.1282353002525,2.0,2026-09
SILVER,SHORT,2026-09-01 10:31:00,2381.0,2385.183543428051,2368.449369715847,SHA_FLIP,2026-09-01 11:08:00,2385.183543428051,STOP_LOSS,-125.50630284153158,208.572,-334.0783028415316,37.0,2026-09
SILVER,SHORT,2026-09-01 12:16:00,2381.0,2382.974392432335,2375.0768227029944,SHA_FLIP,2026-09-01 12:19:00,2382.974392432335,STOP_LOSS,-59.23177297005623,208.572,-267.80377297005623,3.0,2026-09
CRUDEOIL,SHORT,2026-09-01 12:23:00,8050.0,8053.727095520507,8035.091617917973,SHA_FLIP,2026-09-01 12:35:00,8053.727095520507,STOP_LOSS,-372.70955205067366,722.0,-1094.7095520506737,12.0,2026-09
CRUDEOIL,LONG,2026-09-01 12:35:00,8062.0,8058.757405475113,8074.970378099548,SHA_FLIP,2026-09-01 12:38:00,8074.970378099548,TAKE_PROFIT,1297.0378099547816,722.48,574.5578099547815,3.0,2026-09
CRUDEOIL,LONG,2026-09-01 13:07:00,8100.0,8091.99983338565,8132.000666457399,SHA_FLIP,2026-09-01 13:09:00,8091.99983338565,STOP_LOSS,-800.0166614349837,724.0,-1524.0166614349837,2.0,2026-09
CRUDEOIL,LONG,2026-09-01 13:11:00,8100.0,8092.644133162026,8129.423467351895,SHA_FLIP,2026-09-01 13:35:00,8129.423467351895,TAKE_PROFIT,2942.346735189494,724.0,2218.346735189494,24.0,2026-09
SILVER,SHORT,2026-09-01 13:06:00,2380.0,2383.891551506722,2368.325345479834,SHA_FLIP,2026-09-01 13:40:00,2368.325345479834,TAKE_PROFIT,350.2396356049758,208.56,141.67963560497577,34.0,2026-09
CRUDEOIL,LONG,2026-09-01 13:35:00,8135.0,8124.502173966147,8176.991304135412,SHA_FLIP,2026-09-01 14:12:00,8176.991304135412,TAKE_PROFIT,4199.1304135412065,725.4000000000001,3473.7304135412064,37.0,2026-09
CRUDEOIL,LONG,2026-09-01 14:43:00,8175.0,8169.614525507701,8196.541897969197,SHA_FLIP,2026-09-01 14:45:00,8169.614525507701,STOP_LOSS,-538.5474492299181,727.0,-1265.5474492299181,2.0,2026-09
CRUDEOIL,LONG,2026-09-01 14:57:00,8175.0,8170.8230801560285,8191.707679375886,SHA_FLIP,2026-09-01 15:03:00,8170.8230801560285,STOP_LOSS,-417.6919843971518,727.0,-1144.6919843971518,6.0,2026-09
CRUDEOIL,SHORT,2026-09-01 15:05:00,8167.0,8172.15092639971,8146.396294401158,SHA_FLIP,2026-09-01 15:06:00,8172.15092639971,STOP_LOSS,-515.0926399710443,726.6800000000001,-1241.7726399710443,1.0,2026-09
SILVER,SHORT,2026-09-01 15:01:00,2344.0,2346.1716911006124,2337.484926698163,SHA_FLIP,2026-09-01 15:26:00,2346.1716911006124,STOP_LOSS,-65.1507330183722,208.128,-273.2787330183722,25.0,2026-09
SILVER,SHORT,2026-09-01 15:30:00,2341.0,2344.754698834692,2329.7359034959236,SHA_FLIP,2026-09-01 15:31:00,2344.754698834692,STOP_LOSS,-112.64096504076406,208.092,-320.73296504076404,1.0,2026-09
CRUDEOIL,SHORT,2026-09-01 15:34:00,8165.0,8169.3336101163695,8147.665559534522,SHA_FLIP,2026-09-01 15:39:00,8169.3336101163695,STOP_LOSS,-433.36101163695275,726.6,-1159.9610116369527,5.0,2026-09
CRUDEOIL,LONG,2026-09-01 15:41:00,8180.0,8175.504190998835,8197.98323600466,SHA_FLIP,2026-09-01 15:42:00,8175.504190998835,STOP_LOSS,-449.5809001165071,727.2,-1176.7809001165072,1.0,2026-09
CRUDEOIL,SHORT,2026-09-01 15:46:00,8160.0,8165.866673792882,8136.533304828474,SHA_FLIP,2026-09-01 15:50:00,8165.866673792882,STOP_LOSS,-586.6673792881556,726.4000000000001,-1313.0673792881557,4.0,2026-09
GOLD,SHORT,2026-09-01 18:02:00,122721.0,122810.91148455652,122451.26554633044,SHA_FLIP,2026-09-01 18:05:00,122451.26554633044,TAKE_PROFIT,26973.445366956003,5308.84,21664.605366956002,3.0,2026-09
SILVER,LONG,2026-09-01 15:38:00,2345.0,2340.847380327609,2357.4578590171736,SHA_FLIP,2026-09-01 18:07:00,2340.847380327609,STOP_LOSS,-124.57859017173632,208.14,-332.7185901717363,149.0,2026-09
GOLD,SHORT,2026-09-01 18:19:00,122579.0,122692.15132232015,122239.54603303956,SHA_FLIP,2026-09-01 18:31:00,122239.54603303956,TAKE_PROFIT,33945.39669604419,5303.16,28642.23669604419,12.0,2026-09
CRUDEOIL,LONG,2026-09-01 18:31:00,8185.0,8177.098508888443,8216.60596444623,SHA_FLIP,2026-09-01 18:45:00,8177.098508888443,STOP_LOSS,-790.1491111557334,727.4000000000001,-1517.5491111557335,14.0,2026-09
GOLD,SHORT,2026-09-01 18:54:00,122142.0,122261.63107399893,121783.10677800322,SHA_FLIP,2026-09-01 18:56:00,122261.63107399893,STOP_LOSS,-11963.10739989276,5285.68,-17248.78739989276,2.0,2026-09
CRUDEOIL,LONG,2026-09-01 18:49:00,8188.0,8181.009065325068,8215.963738699727,SHA_FLIP,2026-09-01 18:57:00,8181.009065325068,STOP_LOSS,-699.093467493185,727.52,-1426.613467493185,8.0,2026-09
CRUDEOIL,LONG,2026-09-01 19:07:00,8190.0,8184.2144725274675,8213.14210989013,SHA_FLIP,2026-09-01 19:30:00,8184.2144725274675,STOP_LOSS,-578.5527472532522,727.6,-1306.152747253252,23.0,2026-09
GOLD,LONG,2026-09-01 19:29:00,122600.0,122495.59402053316,122913.21793840053,SHA_FLIP,2026-09-01 19:32:00,122495.59402053316,STOP_LOSS,-10440.597946684284,5304.0,-15744.597946684284,3.0,2026-09
GOLD,SHORT,2026-09-01 19:34:00,122368.0,122512.21307830015,121935.36076509955,SHA_FLIP,2026-09-01 19:38:00,122512.21307830015,STOP_LOSS,-14421.307830014848,5294.72,-19716.02783001485,4.0,2026-09
SILVER,SHORT,2026-09-01 18:27:00,2345.0,2349.1991349743626,2332.4025950769123,SHA_FLIP,2026-09-01 19:39:00,2349.1991349743626,STOP_LOSS,-125.97404923087652,208.14,-334.1140492308765,72.0,2026-09
GOLD,LONG,2026-09-01 19:38:00,122540.0,122418.09904732186,122905.70285803443,SHA_FLIP,2026-09-01 19:52:00,122905.70285803443,TAKE_PROFIT,36570.2858034434,5301.6,31268.685803443404,14.0,2026-09
GOLD,LONG,2026-09-01 20:05:00,122850.0,122756.95790176601,123129.12629470196,SHA_FLIP,2026-09-01 20:08:00,122756.95790176601,STOP_LOSS,-9304.20982339856,5314.0,-14618.20982339856,3.0,2026-09
SILVER,LONG,2026-09-01 20:05:00,2352.0,2347.9047622397184,2364.285713280845,SHA_FLIP,2026-09-01 20:09:00,2347.9047622397184,STOP_LOSS,-122.85713280844902,208.224,-331.081132808449,4.0,2026-09
CRUDEOIL,SHORT,2026-09-01 20:18:00,8133.0,8139.709447396815,8106.162210412738,SHA_FLIP,2026-09-01 20:22:00,8139.709447396815,STOP_LOSS,-670.9447396815449,725.3199999999999,-1396.2647396815448,4.0,2026-09
CRUDEOIL,LONG,2026-09-01 20:23:00,8150.0,8143.772779124535,8174.908883501859,SHA_FLIP,2026-09-01 20:39:00,8174.908883501859,TAKE_PROFIT,2490.8883501859236,726.0,1764.8883501859236,16.0,2026-09
CRUDEOIL,LONG,2026-09-01 20:50:00,8170.0,8162.214312918323,8201.142748326707,SHA_FLIP,2026-09-01 21:00:00,8162.214312918323,STOP_LOSS,-778.568708167677,726.8,-1505.368708167677,10.0,2026-09
SILVER,SHORT,2026-09-01 20:09:00,2347.0,2352.039883173756,2331.8803504787315,SHA_FLIP,2026-09-01 21:21:00,2352.039883173756,STOP_LOSS,-151.19649521268457,208.164,-359.36049521268455,72.0,2026-09
GOLD,LONG,2026-09-01 21:05:00,122662.0,122613.94244125242,122806.17267624273,SHA_FLIP,2026-09-01 21:26:00,122806.17267624273,TAKE_PROFIT,14417.26762427279,5306.4800000000005,9110.78762427279,21.0,2026-09
CRUDEOIL,LONG,2026-09-01 21:32:00,8191.0,8187.295993805503,8205.816024777989,SHA_FLIP,2026-09-01 21:34:00,8187.295993805503,STOP_LOSS,-370.40061944971967,727.6400000000001,-1098.0406194497198,2.0,2026-09
SILVER,SHORT,2026-09-01 21:46:00,2350.0,2352.5739384479643,2342.278184656107,SHA_FLIP,2026-09-01 22:40:00,2342.278184656107,TAKE_PROFIT,231.6544603167904,208.2,23.454460316790403,54.0,2026-09
CRUDEOIL,LONG,2026-09-01 22:26:00,8306.0,8293.738856309708,8355.044574761167,SHA_FLIP,2026-09-01 22:40:00,8293.738856309708,STOP_LOSS,-1226.1143690291647,732.24,-1958.3543690291647,14.0,2026-09
CRUDEOIL,SHORT,2026-09-01 22:41:00,8285.0,8296.212862513565,8240.148549945741,SHA_FLIP,2026-09-01 22:44:00,8296.212862513565,STOP_LOSS,-1121.2862513564687,731.4000000000001,-1852.6862513564688,3.0,2026-09
GOLD,SHORT,2026-09-01 22:26:00,122440.0,122522.55629764612,122192.33110706163,SHA_FLIP,2026-09-01 22:47:00,122192.33110706163,TAKE_PROFIT,24766.88929383672,5297.6,19469.289293836722,21.0,2026-09
GOLD,SHORT,2026-09-01 23:16:00,122253.0,122333.60594830012,122011.18215509965,SHA_FLIP,2026-09-01 23:29:00,122011.18215509965,TAKE_PROFIT,24181.784490034624,5290.12,18891.664490034625,13.0,2026-09
CRUDEOIL,LONG,2026-09-01 22:47:00,8310.0,8300.045857738602,8349.816569045593,SHA_FLIP,2026-09-02 09:00:00,8394.0,SESSION_END,8400.0,732.4000000000001,7667.6,613.0,2026-09
SILVER,SHORT,2026-09-01 23:06:00,2343.0,2346.202625249374,2333.3921242518786,SHA_FLIP,2026-09-02 09:00:00,2314.0,SESSION_END,870.0,208.11599999999999,661.884,594.0,2026-09
GOLD,SHORT,2026-09-01 23:29:00,122145.0,122258.00563605422,121805.98309183733,SHA_FLIP,2026-09-02 09:00:00,120998.0,SESSION_END,114700.0,5285.8,109414.2,571.0,2026-09
CRUDEOIL,LONG,2026-09-02 09:37:00,8389.0,8382.546230118587,8414.815079525652,SHA_FLIP,2026-09-02 09:49:00,8382.546230118587,STOP_LOSS,-645.3769881412882,735.56,-1380.936988141288,12.0,2026-09
CRUDEOIL,SHORT,2026-09-02 09:51:00,8380.0,8384.10074519875,8363.597019205,SHA_FLIP,2026-09-02 10:01:00,8363.597019205,TAKE_PROFIT,1640.2980794999166,735.2,905.0980794999166,10.0,2026-09
CRUDEOIL,SHORT,2026-09-02 10:19:00,8369.0,8370.859841216154,8361.560635135385,SHA_FLIP,2026-09-02 10:25:00,8370.859841216154,STOP_LOSS,-185.98412161536544,734.76,-920.7441216153654,6.0,2026-09
CRUDEOIL,SHORT,2026-09-02 10:30:00,8365.0,8366.861251226888,8357.554995092447,SHA_FLIP,2026-09-02 10:31:00,8366.861251226888,STOP_LOSS,-186.1251226888271,734.6,-920.7251226888271,1.0,2026-09
SILVER,SHORT,2026-09-02 09:38:00,2313.0,2316.147637821794,2303.557086534618,SHA_FLIP,2026-09-02 10:46:00,2316.147637821794,STOP_LOSS,-94.42913465381935,207.756,-302.1851346538193,68.0,2026-09
CRUDEOIL,LONG,2026-09-02 10:32:00,8380.0,8375.708660189583,8397.16535924167,SHA_FLIP,2026-09-02 10:48:00,8375.708660189583,STOP_LOSS,-429.1339810417412,735.2,-1164.3339810417413,16.0,2026-09
CRUDEOIL,LONG,2026-09-02 11:06:00,8385.0,8380.883094396746,8401.467622413016,SHA_FLIP,2026-09-02 11:07:00,8380.883094396746,STOP_LOSS,-411.6905603254054,735.4000000000001,-1147.0905603254055,1.0,2026-09
CRUDEOIL,LONG,2026-09-02 11:59:00,8400.0,8395.919796836013,8416.320812655948,SHA_FLIP,2026-09-02 12:00:00,8395.919796836013,STOP_LOSS,-408.020316398688,736.0,-1144.020316398688,1.0,2026-09
SILVER,LONG,2026-09-02 11:44:00,2324.0,2318.725629586592,2339.8231112402245,SHA_FLIP,2026-09-02 12:03:00,2318.725629586592,STOP_LOSS,-158.23111240224534,207.888,-366.1191124022454,19.0,2026-09
CRUDEOIL,SHORT,2026-09-02 12:02:00,8388.0,8393.652505585564,8365.389977657745,SHA_FLIP,2026-09-02 12:08:00,8393.652505585564,STOP_LOSS,-565.2505585563631,735.52,-1300.770558556363,6.0,2026-09
SILVER,SHORT,2026-09-02 12:19:00,2318.0,2320.6734103499407,2309.979768950178,SHA_FLIP,2026-09-02 12:26:00,2320.6734103499407,STOP_LOSS,-80.20231049822087,207.816,-288.0183104982209,7.0,2026-09
CRUDEOIL,LONG,2026-09-02 12:21:00,8397.0,8388.426195401817,8431.295218392734,SHA_FLIP,2026-09-02 12:28:00,8388.426195401817,STOP_LOSS,-857.3804598183415,735.88,-1593.2604598183416,7.0,2026-09
CRUDEOIL,SHORT,2026-09-02 12:30:00,8374.0,8380.092172514793,8349.631309940829,SHA_FLIP,2026-09-02 12:36:00,8349.631309940829,TAKE_PROFIT,2436.869005917106,734.96,1701.9090059171058,6.0,2026-09
CRUDEOIL,SHORT,2026-09-02 13:31:00,8326.0,8330.969317475881,8306.122730096475,SHA_FLIP,2026-09-02 13:32:00,8330.969317475881,STOP_LOSS,-496.93174758813257,733.04,-1229.9717475881325,1.0,2026-09
CRUDEOIL,LONG,2026-09-02 13:49:00,8349.0,8339.729391586,8386.082433656004,SHA_FLIP,2026-09-02 13:58:00,8339.729391586,STOP_LOSS,-927.060841400089,733.96,-1661.020841400089,9.0,2026-09
SILVER,LONG,2026-09-02 12:28:00,2321.0,2318.503981756024,2328.4880547319276,SHA_FLIP,2026-09-02 14:03:00,2318.503981756024,STOP_LOSS,-74.88054731927605,207.852,-282.732547319276,95.0,2026-09
CRUDEOIL,SHORT,2026-09-02 14:02:00,8325.0,8335.815657138906,8281.737371444375,SHA_FLIP,2026-09-02 14:04:00,8335.815657138906,STOP_LOSS,-1081.5657138906317,733.0,-1814.5657138906317,2.0,2026-09
SILVER,SHORT,2026-09-02 14:17:00,2320.0,2322.350973289638,2312.9470801310854,SHA_FLIP,2026-09-02 14:24:00,2312.9470801310854,TAKE_PROFIT,211.58759606743843,207.84,3.7475960674384226,7.0,2026-09
CRUDEOIL,LONG,2026-09-02 14:12:00,8348.0,8339.127022841123,8383.491908635508,SHA_FLIP,2026-09-02 14:28:00,8339.127022841123,STOP_LOSS,-887.2977158876893,733.9200000000001,-1621.2177158876893,16.0,2026-09
CRUDEOIL,LONG,2026-09-02 14:34:00,8349.0,8341.834606807583,8377.66157276967,SHA_FLIP,2026-09-02 14:35:00,8341.834606807583,STOP_LOSS,-716.5393192417469,733.96,-1450.499319241747,1.0,2026-09
CRUDEOIL,SHORT,2026-09-02 14:35:00,8337.0,8345.610007433428,8302.559970266288,SHA_FLIP,2026-09-02 14:37:00,8345.610007433428,STOP_LOSS,-861.0007433428109,733.48,-1594.480743342811,2.0,2026-09
CRUDEOIL,LONG,2026-09-02 14:43:00,8358.0,8352.459938220545,8380.16024711782,SHA_FLIP,2026-09-02 15:05:00,8352.459938220545,STOP_LOSS,-554.0061779454845,734.3199999999999,-1288.3261779454845,22.0,2026-09
CRUDEOIL,LONG,2026-09-02 15:10:00,8363.0,8358.851834441248,8379.592662235009,SHA_FLIP,2026-09-02 15:11:00,8358.851834441248,STOP_LOSS,-414.81655587522255,734.52,-1149.3365558752225,1.0,2026-09
CRUDEOIL,SHORT,2026-09-02 15:11:00,8349.0,8356.195076817587,8320.219692729654,SHA_FLIP,2026-09-02 15:25:00,8356.195076817587,STOP_LOSS,-719.5076817586596,733.96,-1453.4676817586596,14.0,2026-09
CRUDEOIL,SHORT,2026-09-02 15:44:00,8342.0,8347.742019377003,8319.031922491988,SHA_FLIP,2026-09-02 15:55:00,8347.742019377003,STOP_LOSS,-574.2019377003089,733.6800000000001,-1307.881937700309,11.0,2026-09
CRUDEOIL,SHORT,2026-09-02 16:23:00,8345.0,8349.413084699747,8327.347661201013,SHA_FLIP,2026-09-02 16:33:00,8349.413084699747,STOP_LOSS,-441.30846997468325,733.8,-1175.1084699746832,10.0,2026-09
SILVER,SHORT,2026-09-02 14:43:00,2317.0,2319.4875674385407,2309.537297684378,SHA_FLIP,2026-09-02 16:44:00,2319.4875674385407,STOP_LOSS,-74.6270231562221,207.804,-282.43102315622207,121.0,2026-09
CRUDEOIL,SHORT,2026-09-02 17:21:00,8278.0,8287.729395635813,8239.082417456746,SHA_FLIP,2026-09-02 17:48:00,8287.729395635813,STOP_LOSS,-972.9395635813489,731.12,-1704.0595635813488,27.0,2026-09
GOLD,LONG,2026-09-02 17:47:00,121811.0,121696.03112096283,122155.90663711152,SHA_FLIP,2026-09-02 18:05:00,121696.03112096283,STOP_LOSS,-11496.887903717288,5272.4400000000005,-16769.32790371729,18.0,2026-09
CRUDEOIL,LONG,2026-09-02 18:16:00,8300.0,8295.70559143585,8317.1776342566,SHA_FLIP,2026-09-02 18:19:00,8295.70559143585,STOP_LOSS,-429.4408564150217,732.0,-1161.4408564150217,3.0,2026-09
GOLD,LONG,2026-09-02 18:15:00,121850.0,121742.43337801126,122172.6998659662,SHA_FLIP,2026-09-02 18:24:00,121742.43337801126,STOP_LOSS,-10756.662198873528,5274.0,-16030.662198873528,9.0,2026-09
SILVER,LONG,2026-09-02 17:52:00,2335.0,2327.6283147704676,2357.1150556885973,SHA_FLIP,2026-09-02 18:27:00,2327.6283147704676,STOP_LOSS,-221.15055688597295,208.02,-429.1705568859729,35.0,2026-09
GOLD,SHORT,2026-09-02 18:43:00,121731.0,121842.11881169539,121397.64356491384,SHA_FLIP,2026-09-02 18:47:00,121842.11881169539,STOP_LOSS,-11111.881169538538,5269.24,-16381.121169538537,4.0,2026-09
GOLD,LONG,2026-09-02 18:51:00,121896.0,121819.92471868676,122124.22584393973,SHA_FLIP,2026-09-02 19:02:00,122124.22584393973,TAKE_PROFIT,22822.584393972647,5275.84,17546.744393972647,11.0,2026-09
SILVER,LONG,2026-09-02 18:33:00,2336.0,2330.192514681994,2353.422455954018,SHA_FLIP,2026-09-02 19:38:00,2353.422455954018,TAKE_PROFIT,522.6736786205402,208.032,314.6416786205401,65.0,2026-09
GOLD,SHORT,2026-09-02 20:47:00,122457.0,122580.8173917586,122085.54782472421,SHA_FLIP,2026-09-02 21:00:00,122580.8173917586,STOP_LOSS,-12381.739175859548,5298.280000000001,-17680.019175859547,13.0,2026-09
CRUDEOIL,LONG,2026-09-02 21:01:00,8354.0,8345.013359171397,8389.946563314414,SHA_FLIP,2026-09-02 21:02:00,8345.013359171397,STOP_LOSS,-898.6640828603413,734.1600000000001,-1632.8240828603414,1.0,2026-09
CRUDEOIL,LONG,2026-09-02 21:16:00,8350.0,8339.853210333144,8390.587158667426,SHA_FLIP,2026-09-02 21:17:00,8339.853210333144,STOP_LOSS,-1014.6789666856421,734.0,-1748.678966685642,1.0,2026-09
CRUDEOIL,SHORT,2026-09-02 21:22:00,8332.0,8342.443634979212,8290.225460083151,SHA_FLIP,2026-09-02 21:25:00,8342.443634979212,STOP_LOSS,-1044.363497921222,733.28,-1777.643497921222,3.0,2026-09
GOLD,SHORT,2026-09-02 21:12:00,122454.0,122553.45914582639,122155.62256252083,SHA_FLIP,2026-09-02 21:25:00,122553.45914582639,STOP_LOSS,-9945.914582638943,5298.16,-15244.074582638943,13.0,2026-09
CRUDEOIL,LONG,2026-09-02 21:27:00,8347.0,8337.39335300433,8385.426587982678,SHA_FLIP,2026-09-02 21:28:00,8337.39335300433,STOP_LOSS,-960.6646995669507,733.88,-1694.5446995669508,1.0,2026-09
CRUDEOIL,SHORT,2026-09-02 21:28:00,8330.0,8342.125760729581,8281.496957081676,SHA_FLIP,2026-09-02 21:38:00,8342.125760729581,STOP_LOSS,-1212.5760729581089,733.2,-1945.776072958109,10.0,2026-09
CRUDEOIL,SHORT,2026-09-02 21:44:00,8321.0,8328.504452355795,8290.982190576819,SHA_FLIP,2026-09-02 21:45:00,8328.504452355795,STOP_LOSS,-750.4452355795365,732.84,-1483.2852355795367,1.0,2026-09
CRUDEOIL,SHORT,2026-09-02 21:53:00,8330.0,8336.770190783014,8302.919236867943,SHA_FLIP,2026-09-02 21:57:00,8336.770190783014,STOP_LOSS,-677.0190783014186,733.2,-1410.2190783014187,4.0,2026-09
CRUDEOIL,LONG,2026-09-02 21:58:00,8345.0,8338.01288632573,8372.948454697078,SHA_FLIP,2026-09-02 22:00:00,8338.01288632573,STOP_LOSS,-698.7113674269494,733.8,-1432.5113674269494,2.0,2026-09
SILVER,SHORT,2026-09-02 19:45:00,2347.0,2353.240122497379,2328.2796325078625,SHA_FLIP,2026-09-02 22:24:00,2353.240122497379,STOP_LOSS,-187.20367492137484,208.164,-395.3676749213748,159.0,2026-09
GOLD,LONG,2026-09-02 22:24:00,122577.0,122490.81869485661,122835.54391543016,SHA_FLIP,2026-09-02 22:33:00,122490.81869485661,STOP_LOSS,-8618.130514338554,5303.08,-13921.210514338554,9.0,2026-09
GOLD,SHORT,2026-09-02 22:41:00,122390.0,122474.5160299251,122136.4519102247,SHA_FLIP,2026-09-02 22:43:00,122474.5160299251,STOP_LOSS,-8451.602992510016,5295.6,-13747.202992510016,2.0,2026-09
CRUDEOIL,LONG,2026-09-02 22:37:00,8367.0,8360.145380750819,8394.418476996725,SHA_FLIP,2026-09-02 22:47:00,8360.145380750819,STOP_LOSS,-685.4619249181269,734.6800000000001,-1420.141924918127,10.0,2026-09
SILVER,SHORT,2026-09-02 22:48:00,2340.0,2342.613890648332,2332.158328055004,SHA_FLIP,2026-09-02 22:58:00,2342.613890648332,STOP_LOSS,-78.41671944996051,208.08,-286.49671944996055,10.0,2026-09
CRUDEOIL,LONG,2026-09-02 22:56:00,8368.0,8361.864452500702,8392.542189997192,SHA_FLIP,2026-09-02 22:59:00,8361.864452500702,STOP_LOSS,-613.55474992979,734.72,-1348.27474992979,3.0,2026-09
SILVER,LONG,2026-09-02 22:59:00,2343.0,2340.68443540059,2349.9466937982306,SHA_FLIP,2026-09-02 23:06:00,2340.68443540059,STOP_LOSS,-69.46693798230626,208.11599999999999,-277.58293798230625,7.0,2026-09
CRUDEOIL,LONG,2026-09-02 23:04:00,8367.0,8362.1672092092,8386.331163163202,SHA_FLIP,2026-09-02 23:18:00,8362.1672092092,STOP_LOSS,-483.2790790800573,734.6800000000001,-1217.9590790800573,14.0,2026-09
CRUDEOIL,SHORT,2026-09-03 09:35:00,8324.0,8328.19588517802,8307.21645928792,SHA_FLIP,2026-09-03 09:36:00,8328.19588517802,STOP_LOSS,-419.5885178020035,732.96,-1152.5485178020035,1.0,2026-09
SILVER,LONG,2026-09-03 09:38:00,2367.0,2362.786500328656,2379.640499014032,SHA_FLIP,2026-09-03 10:47:00,2362.786500328656,STOP_LOSS,-126.40499014031775,208.404,-334.80899014031775,69.0,2026-09
CRUDEOIL,SHORT,2026-09-03 10:41:00,8303.0,8308.505264595678,8280.978941617286,SHA_FLIP,2026-09-03 10:53:00,8280.978941617286,TAKE_PROFIT,2202.105838271382,732.12,1469.985838271382,12.0,2026-09
SILVER,SHORT,2026-09-03 11:08:00,2360.0,2365.4306297536673,2343.708110738998,SHA_FLIP,2026-09-03 11:20:00,2365.4306297536673,STOP_LOSS,-162.9188926100187,208.32,-371.2388926100187,12.0,2026-09
CRUDEOIL,SHORT,2026-09-03 11:22:00,8245.0,8251.1512229141,8220.395108343597,SHA_FLIP,2026-09-03 11:43:00,8251.1512229141,STOP_LOSS,-615.1222914100799,729.8,-1344.9222914100799,21.0,2026-09
CRUDEOIL,SHORT,2026-09-03 11:47:00,8241.0,8245.658510284064,8222.365958863746,SHA_FLIP,2026-09-03 11:56:00,8245.658510284064,STOP_LOSS,-465.85102840635955,729.6400000000001,-1195.4910284063596,9.0,2026-09
CRUDEOIL,SHORT,2026-09-03 12:17:00,8240.0,8245.289283297685,8218.84286680926,SHA_FLIP,2026-09-03 12:20:00,8245.289283297685,STOP_LOSS,-528.928329768496,729.6,-1258.528329768496,3.0,2026-09
CRUDEOIL,LONG,2026-09-03 12:21:00,8264.0,8256.85595614291,8292.57617542836,SHA_FLIP,2026-09-03 12:23:00,8256.85595614291,STOP_LOSS,-714.4043857089855,730.56,-1444.9643857089854,2.0,2026-09
CRUDEOIL,LONG,2026-09-03 12:31:00,8265.0,8258.916585987692,8289.333656049232,SHA_FLIP,2026-09-03 12:32:00,8258.916585987692,STOP_LOSS,-608.3414012307912,730.6,-1338.9414012307911,1.0,2026-09
CRUDEOIL,LONG,2026-09-03 13:13:00,8300.0,8293.58207911512,8325.67168353952,SHA_FLIP,2026-09-03 13:18:00,8293.58207911512,STOP_LOSS,-641.7920884880004,732.0,-1373.7920884880004,5.0,2026-09
CRUDEOIL,LONG,2026-09-03 13:29:00,8294.0,8288.779434215561,8314.882263137755,SHA_FLIP,2026-09-03 13:32:00,8314.882263137755,TAKE_PROFIT,2088.2263137755217,731.76,1356.4663137755217,3.0,2026-09
SILVER,SHORT,2026-09-03 11:52:00,2364.0,2366.113563882835,2357.659308351495,SHA_FLIP,2026-09-03 13:34:00,2366.113563882835,STOP_LOSS,-63.406916485050715,208.368,-271.7749164850507,102.0,2026-09
CRUDEOIL,SHORT,2026-09-03 13:35:00,8228.0,8255.68987021462,8117.240519141516,SHA_FLIP,2026-09-03 13:36:00,8255.68987021462,STOP_LOSS,-2768.9870214620896,729.12,-3498.1070214620895,1.0,2026-09
SILVER,SHORT,2026-09-03 14:08:00,2364.0,2366.710219865184,2355.8693404044475,SHA_FLIP,2026-09-03 14:18:00,2366.710219865184,STOP_LOSS,-81.30659595552515,208.368,-289.67459595552515,10.0,2026-09
CRUDEOIL,LONG,2026-09-03 14:53:00,8357.0,8348.19828024312,8392.206879027523,SHA_FLIP,2026-09-03 15:26:00,8392.206879027523,TAKE_PROFIT,3520.687902752252,734.28,2786.407902752252,33.0,2026-09
SILVER,SHORT,2026-09-03 14:24:00,2363.0,2365.214290271797,2356.357129184609,SHA_FLIP,2026-09-03 15:30:00,2356.357129184609,TAKE_PROFIT,199.28612446172338,208.356,-9.06987553827662,66.0,2026-09
CRUDEOIL,LONG,2026-09-03 16:02:00,8446.0,8434.33598932816,8492.656042687362,SHA_FLIP,2026-09-03 16:33:00,8434.33598932816,STOP_LOSS,-1166.4010671840515,737.84,-1904.2410671840516,31.0,2026-09
SILVER,SHORT,2026-09-03 17:03:00,2359.0,2363.1753499496854,2346.473950150944,SHA_FLIP,2026-09-03 17:33:00,2363.1753499496854,STOP_LOSS,-125.26049849056108,208.308,-333.56849849056107,30.0,2026-09
SILVER,SHORT,2026-09-03 17:46:00,2359.0,2361.3722007883443,2351.883397634967,SHA_FLIP,2026-09-03 17:54:00,2361.3722007883443,STOP_LOSS,-71.16602365033032,208.308,-279.4740236503303,8.0,2026-09
SILVER,LONG,2026-09-03 17:55:00,2364.0,2360.9569384393158,2373.1291846820527,SHA_FLIP,2026-09-03 18:01:00,2373.1291846820527,TAKE_PROFIT,273.8755404615813,208.368,65.5075404615813,6.0,2026-09
GOLD,LONG,2026-09-03 17:55:00,124257.0,124124.67909736035,124653.96270791895,SHA_FLIP,2026-09-03 18:02:00,124653.96270791895,TAKE_PROFIT,39696.27079189522,5370.280000000001,34325.99079189522,7.0,2026-09
CRUDEOIL,SHORT,2026-09-03 18:20:00,8377.0,8388.343900587277,8331.624397650892,SHA_FLIP,2026-09-03 19:16:00,8388.343900587277,STOP_LOSS,-1134.3900587276948,735.08,-1869.4700587276948,56.0,2026-09
GOLD,SHORT,2026-09-03 19:32:00,124577.0,124735.00634530089,124102.98096409733,SHA_FLIP,2026-09-03 19:37:00,124735.00634530089,STOP_LOSS,-15800.634530089155,5383.08,-21183.714530089157,5.0,2026-09
CRUDEOIL,LONG,2026-09-03 19:34:00,8400.0,8389.306155324139,8442.775378703445,SHA_FLIP,2026-09-03 19:42:00,8389.306155324139,STOP_LOSS,-1069.3844675861328,736.0,-1805.3844675861328,8.0,2026-09
GOLD,SHORT,2026-09-03 19:39:00,124641.0,124779.63581129347,124225.0925661196,SHA_FLIP,2026-09-03 19:45:00,124779.63581129347,STOP_LOSS,-13863.581129346858,5385.64,-19249.221129346857,6.0,2026-09
SILVER,SHORT,2026-09-03 19:05:00,2371.0,2374.2007874510196,2361.3976376469413,SHA_FLIP,2026-09-03 19:50:00,2374.2007874510196,STOP_LOSS,-96.02362353058652,208.452,-304.4756235305865,45.0,2026-09
GOLD,LONG,2026-09-03 19:45:00,124831.0,124718.99335825087,125167.0199252474,SHA_FLIP,2026-09-03 20:10:00,124718.99335825087,STOP_LOSS,-11200.664174913254,5393.240000000001,-16593.904174913256,25.0,2026-09
GOLD,LONG,2026-09-03 20:16:00,124904.0,124801.69393711242,125210.91818866275,SHA_FLIP,2026-09-03 20:26:00,124801.69393711242,STOP_LOSS,-10230.606288758281,5396.16,-15626.766288758281,10.0,2026-09
CRUDEOIL,SHORT,2026-09-03 20:31:00,8390.0,8400.503545416652,8347.985818333393,SHA_FLIP,2026-09-03 20:35:00,8400.503545416652,STOP_LOSS,-1050.3545416651832,735.6,-1785.9545416651831,4.0,2026-09
SILVER,LONG,2026-09-03 20:15:00,2374.0,2369.690049866907,2386.929850399279,SHA_FLIP,2026-09-03 20:37:00,2386.929850399279,TAKE_PROFIT,387.89551197837227,208.488,179.40751197837227,22.0,2026-09
CRUDEOIL,LONG,2026-09-03 20:53:00,8419.0,8411.713912243871,8448.144351024515,SHA_FLIP,2026-09-03 20:59:00,8411.713912243871,STOP_LOSS,-728.6087756128836,736.76,-1465.3687756128836,6.0,2026-09
CRUDEOIL,SHORT,2026-09-03 20:59:00,8390.0,8402.357580199161,8340.569679203356,SHA_FLIP,2026-09-03 21:23:00,8340.569679203356,TAKE_PROFIT,4943.032079664408,735.6,4207.432079664408,24.0,2026-09
GOLD,SHORT,2026-09-03 21:26:00,125244.0,125330.10703147089,124985.67890558732,SHA_FLIP,2026-09-03 21:29:00,125330.10703147089,STOP_LOSS,-8610.703147089225,5409.76,-14020.463147089225,3.0,2026-09
GOLD,SHORT,2026-09-03 21:37:00,125251.0,125344.6189426321,124970.14317210368,SHA_FLIP,2026-09-03 21:41:00,125344.6189426321,STOP_LOSS,-9361.894263210706,5410.04,-14771.934263210707,4.0,2026-09
CRUDEOIL,SHORT,2026-09-03 21:49:00,8333.0,8341.987743511334,8297.049025954664,SHA_FLIP,2026-09-03 21:54:00,8341.987743511334,STOP_LOSS,-898.7743511333974,733.3199999999999,-1632.0943511333974,5.0,2026-09
SILVER,SHORT,2026-09-03 21:34:00,2386.0,2389.2153328634017,2376.354001409795,SHA_FLIP,2026-09-03 22:00:00,2389.2153328634017,STOP_LOSS,-96.45998590205181,208.632,-305.0919859020518,26.0,2026-09
GOLD,LONG,2026-09-03 21:41:00,125334.0,125246.3383050324,125596.98508490279,SHA_FLIP,2026-09-03 22:02:00,125246.3383050324,STOP_LOSS,-8766.16949675954,5413.360000000001,-14179.52949675954,21.0,2026-09
CRUDEOIL,LONG,2026-09-03 21:55:00,8357.0,8348.437839515374,8391.248641938502,SHA_FLIP,2026-09-03 22:08:00,8348.437839515374,STOP_LOSS,-856.2160484625565,734.28,-1590.4960484625565,13.0,2026-09
CRUDEOIL,LONG,2026-09-03 22:20:00,8359.0,8353.627634681156,8380.489461275378,SHA_FLIP,2026-09-03 22:22:00,8353.627634681156,STOP_LOSS,-537.2365318844459,734.36,-1271.596531884446,2.0,2026-09
CRUDEOIL,SHORT,2026-09-03 22:25:00,8346.0,8350.535001331793,8327.859994672828,SHA_FLIP,2026-09-03 22:29:00,8350.535001331793,STOP_LOSS,-453.5001331792955,733.84,-1187.3401331792957,4.0,2026-09
GOLD,SHORT,2026-09-03 22:03:00,125271.0,125321.1472361271,125120.5582916187,SHA_FLIP,2026-09-03 22:33:00,125120.5582916187,TAKE_PROFIT,15044.17083813023,5410.84,9633.33083813023,30.0,2026-09
SILVER,SHORT,2026-09-03 22:12:00,2385.0,2388.144980716544,2375.565057850368,SHA_FLIP,2026-09-03 22:34:00,2388.144980716544,STOP_LOSS,-94.34942149632207,208.62,-302.96942149632207,22.0,2026-09
CRUDEOIL,LONG,2026-09-03 22:30:00,8375.0,8367.089298107674,8406.642807569304,SHA_FLIP,2026-09-03 22:35:00,8367.089298107674,STOP_LOSS,-791.070189232596,735.0,-1526.070189232596,5.0,2026-09
SILVER,SHORT,2026-09-03 22:49:00,2386.0,2389.3452603555597,2375.964218933321,SHA_FLIP,2026-09-03 22:51:00,2389.3452603555597,STOP_LOSS,-100.35781066679192,208.632,-308.9898106667919,2.0,2026-09
GOLD,LONG,2026-09-03 23:11:00,125339.0,125284.0617848429,125503.81464547131,SHA_FLIP,2026-09-04 09:00:00,124888.0,SESSION_END,-45100.0,5413.56,-50513.56,589.0,2026-09
CRUDEOIL,SHORT,2026-09-03 23:25:00,8350.0,8356.219125479049,8325.123498083805,SHA_FLIP,2026-09-04 09:00:00,8366.0,SESSION_END,-1600.0,734.0,-2334.0,575.0,2026-09
CRUDEOIL,LONG,2026-09-04 09:20:00,8370.0,8366.897882625744,8382.408469497022,SHA_FLIP,2026-09-04 09:27:00,8382.408469497022,TAKE_PROFIT,1240.8469497022452,734.8,506.04694970224523,7.0,2026-09
SILVER,LONG,2026-09-04 10:29:00,2387.0,2385.036401376184,2392.8907958714476,SHA_FLIP,2026-09-04 10:33:00,2385.036401376184,STOP_LOSS,-58.90795871447608,208.644,-267.5519587144761,4.0,2026-09
CRUDEOIL,LONG,2026-09-04 11:16:00,8343.0,8338.031052000124,8362.875791999504,SHA_FLIP,2026-09-04 11:26:00,8338.031052000124,STOP_LOSS,-496.8947999876036,733.72,-1230.6147999876036,10.0,2026-09
CRUDEOIL,SHORT,2026-09-04 11:27:00,8329.0,8336.87796826926,8297.488126922959,SHA_FLIP,2026-09-04 11:30:00,8336.87796826926,STOP_LOSS,-787.7968269260236,733.1600000000001,-1520.9568269260237,3.0,2026-09
CRUDEOIL,LONG,2026-09-04 11:34:00,8347.0,8340.236579029572,8374.053683881713,SHA_FLIP,2026-09-04 11:42:00,8340.236579029572,STOP_LOSS,-676.3420970428342,733.88,-1410.2220970428343,8.0,2026-09
CRUDEOIL,SHORT,2026-09-04 11:43:00,8339.0,8343.447580100308,8321.209679598767,SHA_FLIP,2026-09-04 12:05:00,8343.447580100308,STOP_LOSS,-444.7580100308187,733.56,-1178.3180100308186,22.0,2026-09
SILVER,SHORT,2026-09-04 10:36:00,2385.0,2388.120484267414,2375.6385471977574,SHA_FLIP,2026-09-04 12:05:00,2375.6385471977574,TAKE_PROFIT,280.84358406727915,208.62,72.22358406727915,89.0,2026-09
CRUDEOIL,SHORT,2026-09-04 12:09:00,8335.0,8338.26321545189,8321.947138192438,SHA_FLIP,2026-09-04 12:10:00,8338.26321545189,STOP_LOSS,-326.32154518905736,733.4000000000001,-1059.7215451890575,1.0,2026-09
CRUDEOIL,SHORT,2026-09-04 12:14:00,8330.0,8335.037703446622,8309.849186213512,SHA_FLIP,2026-09-04 12:23:00,8335.037703446622,STOP_LOSS,-503.770344662189,733.2,-1236.970344662189,9.0,2026-09
CRUDEOIL,LONG,2026-09-04 12:24:00,8350.0,8344.965074500209,8370.139701999164,SHA_FLIP,2026-09-04 12:54:00,8344.965074500209,STOP_LOSS,-503.49254997909156,734.0,-1237.4925499790916,30.0,2026-09
SILVER,LONG,2026-09-04 13:44:00,2390.0,2387.56817283123,2397.2954815063094,SHA_FLIP,2026-09-04 13:54:00,2387.56817283123,STOP_LOSS,-72.95481506309443,208.68,-281.63481506309444,10.0,2026-09
CRUDEOIL,LONG,2026-09-04 14:00:00,8301.0,8285.749060617985,8362.003757528058,SHA_FLIP,2026-09-04 14:05:00,8285.749060617985,STOP_LOSS,-1525.0939382014622,732.04,-2257.133938201462,5.0,2026-09
CRUDEOIL,SHORT,2026-09-04 14:26:00,8277.0,8285.6432303274,8242.427078690402,SHA_FLIP,2026-09-04 14:28:00,8285.6432303274,STOP_LOSS,-864.3230327399579,731.08,-1595.4030327399578,2.0,2026-09
CRUDEOIL,LONG,2026-09-04 14:32:00,8305.0,8297.461348527111,8335.154605891556,SHA_FLIP,2026-09-04 14:33:00,8297.461348527111,STOP_LOSS,-753.8651472888887,732.2,-1486.0651472888887,1.0,2026-09
SILVER,LONG,2026-09-04 14:25:00,2389.0,2386.8325131734455,2395.5024604796636,SHA_FLIP,2026-09-04 14:37:00,2386.8325131734455,STOP_LOSS,-65.02460479663569,208.668,-273.6926047966357,12.0,2026-09
CRUDEOIL,SHORT,2026-09-04 14:47:00,8291.0,8299.586435375079,8256.654258499686,SHA_FLIP,2026-09-04 14:58:00,8299.586435375079,STOP_LOSS,-858.6435375078509,731.6400000000001,-1590.283537507851,11.0,2026-09
CRUDEOIL,LONG,2026-09-04 15:09:00,8309.0,8303.998732910652,8329.005068357394,SHA_FLIP,2026-09-04 15:11:00,8303.998732910652,STOP_LOSS,-500.1267089348403,732.36,-1232.4867089348404,2.0,2026-09
SILVER,SHORT,2026-09-04 14:37:00,2386.0,2388.9137470753053,2377.258758774084,SHA_FLIP,2026-09-04 15:44:00,2388.9137470753053,STOP_LOSS,-87.41241225915928,208.632,-296.0444122591593,67.0,2026-09
SILVER,LONG,2026-09-04 16:17:00,2391.0,2389.1894647621784,2396.4316057134647,SHA_FLIP,2026-09-04 16:20:00,2389.1894647621784,STOP_LOSS,-54.31605713464705,208.692,-263.00805713464706,3.0,2026-09
CRUDEOIL,SHORT,2026-09-04 15:46:00,8293.0,8300.828780075532,8261.684879697874,SHA_FLIP,2026-09-04 16:48:00,8300.828780075532,STOP_LOSS,-782.878007553154,731.72,-1514.598007553154,62.0,2026-09
CRUDEOIL,LONG,2026-09-04 17:01:00,8301.0,8292.78822409042,8333.84710363832,SHA_FLIP,2026-09-04 17:18:00,8292.78822409042,STOP_LOSS,-821.1775909579956,732.04,-1553.2175909579955,17.0,2026-09
CRUDEOIL,LONG,2026-09-04 17:21:00,8300.0,8297.438263679105,8310.24694528358,SHA_FLIP,2026-09-04 17:23:00,8297.438263679105,STOP_LOSS,-256.1736320894852,732.0,-988.1736320894852,2.0,2026-09
CRUDEOIL,SHORT,2026-09-04 17:32:00,8292.0,8294.50260491565,8281.989580337402,SHA_FLIP,2026-09-04 17:33:00,8294.50260491565,STOP_LOSS,-250.26049156494992,731.6800000000001,-981.94049156495,1.0,2026-09
SILVER,SHORT,2026-09-04 16:24:00,2388.0,2390.5316548544647,2380.405035436606,SHA_FLIP,2026-09-04 17:58:00,2390.5316548544647,STOP_LOSS,-75.94964563394115,208.656,-284.60564563394115,94.0,2026-09
CRUDEOIL,SHORT,2026-09-04 18:21:00,8255.0,8265.28357337253,8213.865706509881,SHA_FLIP,2026-09-04 18:41:00,8265.28357337253,STOP_LOSS,-1028.3573372529645,730.2,-1758.5573372529645,20.0,2026-09
CRUDEOIL,LONG,2026-09-04 20:54:00,8303.0,8295.744128573691,8332.023485705235,SHA_FLIP,2026-09-04 21:12:00,8295.744128573691,STOP_LOSS,-725.5871426308659,732.12,-1457.7071426308657,18.0,2026-09
CRUDEOIL,LONG,2026-09-04 21:22:00,8319.0,8308.924350565587,8359.302597737653,SHA_FLIP,2026-09-04 21:44:00,8308.924350565587,STOP_LOSS,-1007.5649434413208,732.76,-1740.3249434413208,22.0,2026-09
CRUDEOIL,SHORT,2026-09-04 22:03:00,8304.0,8307.158420204887,8291.366319180452,SHA_FLIP,2026-09-04 22:09:00,8307.158420204887,STOP_LOSS,-315.84202048870793,732.1600000000001,-1048.002020488708,6.0,2026-09
CRUDEOIL,LONG,2026-09-04 22:10:00,8315.0,8311.8886453499,8327.4454186004,SHA_FLIP,2026-09-04 22:15:00,8311.8886453499,STOP_LOSS,-311.1354650100111,732.6,-1043.735465010011,5.0,2026-09
CRUDEOIL,LONG,2026-09-04 23:16:00,8338.0,8332.55072465901,8359.797101363962,SHA_FLIP,2026-09-04 23:17:00,8332.55072465901,STOP_LOSS,-544.9275340990425,733.52,-1278.4475340990425,1.0,2026-09
GOLD,SHORT,2026-09-04 18:00:00,123251.0,123797.41641570909,121611.75075287274,SHA_FLIP,2026-09-07 09:00:00,122404.0,SESSION_END,84700.0,5330.04,79369.96,3780.0,2026-09
SILVER,SHORT,2026-09-04 18:01:00,2368.0,2380.927523649911,2329.2174290502667,SHA_FLIP,2026-09-07 09:00:00,2346.0,SESSION_END,660.0,208.416,451.584,3779.0,2026-09
CRUDEOIL,LONG,2026-09-07 10:40:00,8464.0,8460.19848882691,8479.206044692357,SHA_FLIP,2026-09-07 10:41:00,8460.19848882691,STOP_LOSS,-380.15111730892386,738.56,-1118.7111173089238,1.0,2026-09
CRUDEOIL,LONG,2026-09-07 10:51:00,8460.0,8457.954744852457,8468.181020590171,SHA_FLIP,2026-09-07 11:03:00,8457.954744852457,STOP_LOSS,-204.52551475427754,738.4000000000001,-942.9255147542776,12.0,2026-09
SILVER,LONG,2026-09-07 10:47:00,2350.0,2347.0381279319463,2358.885616204161,SHA_FLIP,2026-09-07 11:25:00,2347.0381279319463,STOP_LOSS,-88.85616204161124,208.2,-297.05616204161123,38.0,2026-09
CRUDEOIL,LONG,2026-09-07 11:45:00,8492.0,8487.722359851505,8509.110560593981,SHA_FLIP,2026-09-07 11:47:00,8487.722359851505,STOP_LOSS,-427.7640148495266,739.6800000000001,-1167.4440148495266,2.0,2026-09
CRUDEOIL,SHORT,2026-09-07 11:48:00,8480.0,8486.264585305555,8454.941658777781,SHA_FLIP,2026-09-07 11:55:00,8486.264585305555,STOP_LOSS,-626.4585305554647,739.2,-1365.6585305554647,7.0,2026-09
SILVER,LONG,2026-09-07 12:11:00,2349.0,2347.0628332439887,2354.811500268034,SHA_FLIP,2026-09-07 12:25:00,2347.0628332439887,STOP_LOSS,-58.115002680337966,208.188,-266.30300268033795,14.0,2026-09
CRUDEOIL,SHORT,2026-09-07 12:23:00,8450.0,8455.611702514525,8427.5531899419,SHA_FLIP,2026-09-07 12:27:00,8455.611702514525,STOP_LOSS,-561.170251452495,738.0,-1299.170251452495,4.0,2026-09
SILVER,SHORT,2026-09-07 12:26:00,2346.0,2348.0765047173113,2339.770485848066,SHA_FLIP,2026-09-07 12:35:00,2348.0765047173113,STOP_LOSS,-62.29514151933927,208.152,-270.44714151933925,9.0,2026-09
CRUDEOIL,SHORT,2026-09-07 12:33:00,8452.0,8457.50253319642,8429.989867214317,SHA_FLIP,2026-09-07 12:37:00,8429.989867214317,TAKE_PROFIT,2201.01327856828,738.08,1462.93327856828,4.0,2026-09
SILVER,SHORT,2026-09-07 12:38:00,2347.0,2349.1130592543427,2340.660822236972,SHA_FLIP,2026-09-07 12:45:00,2349.1130592543427,STOP_LOSS,-63.39177763028147,208.164,-271.55577763028145,7.0,2026-09
CRUDEOIL,SHORT,2026-09-07 13:06:00,8423.0,8431.358250232062,8389.56699907175,SHA_FLIP,2026-09-07 13:08:00,8431.358250232062,STOP_LOSS,-835.8250232062346,736.9200000000001,-1572.7450232062347,2.0,2026-09
SILVER,SHORT,2026-09-07 12:50:00,2347.0,2350.1526888910207,2337.541933326938,SHA_FLIP,2026-09-07 13:24:00,2350.1526888910207,STOP_LOSS,-94.58066673062149,208.164,-302.7446667306215,34.0,2026-09
SILVER,LONG,2026-09-07 14:33:00,2356.0,2354.4230279453773,2360.730916163868,SHA_FLIP,2026-09-07 14:37:00,2354.4230279453773,STOP_LOSS,-47.30916163868187,208.272,-255.58116163868186,4.0,2026-09
SILVER,SHORT,2026-09-07 14:38:00,2353.0,2355.0872081449575,2346.7383755651276,SHA_FLIP,2026-09-07 14:40:00,2355.0872081449575,STOP_LOSS,-62.61624434872374,208.236,-270.85224434872373,2.0,2026-09
SILVER,LONG,2026-09-07 15:11:00,2354.0,2352.0584877742353,2359.824536677294,SHA_FLIP,2026-09-07 15:31:00,2352.0584877742353,STOP_LOSS,-58.24536677293963,208.248,-266.4933667729396,20.0,2026-09
CRUDEOIL,LONG,2026-09-07 14:55:00,8397.0,8392.429210664932,8415.283157340273,SHA_FLIP,2026-09-07 15:35:00,8392.429210664932,STOP_LOSS,-457.07893350681843,735.88,-1192.9589335068185,40.0,2026-09
CRUDEOIL,LONG,2026-09-07 15:48:00,8405.0,8399.967354748946,8425.130581004218,SHA_FLIP,2026-09-07 15:51:00,8399.967354748946,STOP_LOSS,-503.26452510544186,736.2,-1239.464525105442,3.0,2026-09
CRUDEOIL,SHORT,2026-09-07 15:59:00,8392.0,8396.53016174857,8373.879353005723,SHA_FLIP,2026-09-07 16:04:00,8396.53016174857,STOP_LOSS,-453.01617485692987,735.6800000000001,-1188.69617485693,5.0,2026-09
CRUDEOIL,SHORT,2026-09-07 17:22:00,8464.0,8467.99812828094,8448.007486876239,SHA_FLIP,2026-09-07 17:23:00,8467.99812828094,STOP_LOSS,-399.8128280940364,738.56,-1138.3728280940363,1.0,2026-09
CRUDEOIL,LONG,2026-09-07 17:33:00,8476.0,8472.24532712148,8491.01869151408,SHA_FLIP,2026-09-07 17:34:00,8472.24532712148,STOP_LOSS,-375.46728785200685,739.04,-1114.5072878520068,1.0,2026-09
CRUDEOIL,SHORT,2026-09-07 17:54:00,8471.0,8477.871299769717,8443.514800921133,SHA_FLIP,2026-09-07 17:58:00,8477.871299769717,STOP_LOSS,-687.1299769716643,738.84,-1425.9699769716644,4.0,2026-09
SILVER,SHORT,2026-09-07 16:26:00,2349.0,2351.116538597511,2342.650384207467,SHA_FLIP,2026-09-07 18:01:00,2351.116538597511,STOP_LOSS,-63.49615792532859,208.188,-271.6841579253286,95.0,2026-09
GOLD,SHORT,2026-09-07 18:07:00,122551.0,122633.2382716452,122304.28518506441,SHA_FLIP,2026-09-07 18:08:00,122633.2382716452,STOP_LOSS,-8223.827164519753,5302.04,-13525.867164519754,1.0,2026-09
GOLD,LONG,2026-09-07 18:12:00,122713.0,122629.8800005347,122962.3599983959,SHA_FLIP,2026-09-07 18:19:00,122629.8800005347,STOP_LOSS,-8311.999946529977,5308.52,-13620.519946529977,7.0,2026-09
CRUDEOIL,LONG,2026-09-07 18:00:00,8478.0,8472.535082441029,8499.859670235885,SHA_FLIP,2026-09-07 18:19:00,8472.535082441029,STOP_LOSS,-546.4917558971138,739.12,-1285.6117558971137,19.0,2026-09
SILVER,LONG,2026-09-07 18:02:00,2352.0,2349.801043758224,2358.5968687253285,SHA_FLIP,2026-09-07 18:28:00,2349.801043758224,STOP_LOSS,-65.96868725328477,208.224,-274.19268725328476,26.0,2026-09
CRUDEOIL,LONG,2026-09-07 18:31:00,8496.0,8486.623231128176,8533.507075487294,SHA_FLIP,2026-09-07 18:39:00,8486.623231128176,STOP_LOSS,-937.6768871823515,739.84,-1677.5168871823516,8.0,2026-09
CRUDEOIL,SHORT,2026-09-07 18:42:00,8467.0,8476.551392396166,8428.794430415335,SHA_FLIP,2026-09-07 19:04:00,8476.551392396166,STOP_LOSS,-955.1392396166193,738.6800000000001,-1693.8192396166194,22.0,2026-09
GOLD,LONG,2026-09-07 19:16:00,122814.0,122729.83359439872,123066.49921680384,SHA_FLIP,2026-09-07 19:29:00,122729.83359439872,STOP_LOSS,-8416.640560128144,5312.56,-13729.200560128145,13.0,2026-09
GOLD,LONG,2026-09-07 19:32:00,122866.0,122801.69650602445,123058.91048192664,SHA_FLIP,2026-09-07 19:35:00,122801.69650602445,STOP_LOSS,-6430.349397554528,5314.64,-11744.989397554527,3.0,2026-09
SILVER,LONG,2026-09-07 18:30:00,2354.0,2350.895841289491,2363.3124761315275,SHA_FLIP,2026-09-07 20:16:00,2363.3124761315275,TAKE_PROFIT,279.3742839458264,208.248,71.1262839458264,106.0,2026-09
CRUDEOIL,LONG,2026-09-07 19:19:00,8489.0,8482.665874661127,8514.336501355494,SHA_FLIP,2026-09-07 20:27:00,8514.336501355494,TAKE_PROFIT,2533.6501355493965,739.56,1794.0901355493966,68.0,2026-09
GOLD,LONG,2026-09-07 20:45:00,123116.0,123048.6601145516,123318.01965634519,SHA_FLIP,2026-09-07 20:46:00,123048.6601145516,STOP_LOSS,-6733.988544839667,5324.64,-12058.628544839667,1.0,2026-09
CRUDEOIL,LONG,2026-09-07 20:55:00,8519.0,8513.588972197236,8540.644111211055,SHA_FLIP,2026-09-07 20:57:00,8513.588972197236,STOP_LOSS,-541.1027802763783,740.76,-1281.8627802763783,2.0,2026-09
GOLD,SHORT,2026-09-07 20:56:00,122956.0,123003.4529342064,122813.64119738078,SHA_FLIP,2026-09-07 20:57:00,123003.4529342064,STOP_LOSS,-4745.293420640519,5318.24,-10063.533420640519,1.0,2026-09
CRUDEOIL,SHORT,2026-09-07 20:59:00,8510.0,8517.632994865675,8479.4680205373,SHA_FLIP,2026-09-07 21:03:00,8517.632994865675,STOP_LOSS,-763.2994865674846,740.4000000000001,-1503.6994865674847,4.0,2026-09
CRUDEOIL,LONG,2026-09-07 21:04:00,8530.0,8521.5084147323,8563.966341070802,SHA_FLIP,2026-09-07 21:05:00,8521.5084147323,STOP_LOSS,-849.158526770043,741.2,-1590.358526770043,1.0,2026-09
SILVER,LONG,2026-09-07 20:40:00,2371.0,2366.832039653236,2383.5038810402925,SHA_FLIP,2026-09-07 21:12:00,2366.832039653236,STOP_LOSS,-125.03881040292526,208.452,-333.49081040292526,32.0,2026-09
SILVER,SHORT,2026-09-07 21:23:00,2367.0,2368.045298529567,2363.864104411299,SHA_FLIP,2026-09-07 21:29:00,2368.045298529567,STOP_LOSS,-31.35895588700805,208.404,-239.76295588700805,6.0,2026-09
SILVER,LONG,2026-09-07 21:30:00,2369.0,2366.478484667199,2376.5645459984025,SHA_FLIP,2026-09-07 21:49:00,2366.478484667199,STOP_LOSS,-75.64545998402536,208.428,-284.07345998402536,19.0,2026-09
GOLD,SHORT,2026-09-07 22:02:00,122992.0,123014.80726729173,122923.5781981248,SHA_FLIP,2026-09-07 22:11:00,123014.80726729173,STOP_LOSS,-2280.7267291733297,5319.68,-7600.40672917333,9.0,2026-09
GOLD,LONG,2026-09-07 22:31:00,123048.0,123018.52141284084,123136.43576147748,SHA_FLIP,2026-09-07 22:36:00,123018.52141284084,STOP_LOSS,-2947.858715915936,5321.92,-8269.778715915936,5.0,2026-09
SILVER,SHORT,2026-09-07 22:27:00,2365.0,2368.274223934148,2355.1773281975566,SHA_FLIP,2026-09-07 22:44:00,2368.274223934148,STOP_LOSS,-98.22671802443438,208.38,-306.6067180244344,17.0,2026-09
GOLD,SHORT,2026-09-07 22:39:00,123007.0,123027.82451661682,122944.52645014954,SHA_FLIP,2026-09-07 22:50:00,123027.82451661682,STOP_LOSS,-2082.451661681989,5320.280000000001,-7402.73166168199,11.0,2026-09
GOLD,SHORT,2026-09-07 23:01:00,122914.0,122966.24488644266,122757.26534067203,SHA_FLIP,2026-09-07 23:11:00,122966.24488644266,STOP_LOSS,-5224.4886442655115,5316.56,-10541.048644265513,10.0,2026-09
CRUDEOIL,LONG,2026-09-07 23:23:00,8485.0,8482.26344612698,8495.946215492077,SHA_FLIP,2026-09-07 23:26:00,8482.26344612698,STOP_LOSS,-273.65538730191474,739.4000000000001,-1013.0553873019148,3.0,2026-09
SILVER,SHORT,2026-09-07 23:02:00,2366.0,2368.6583100583516,2358.025069824945,SHA_FLIP,2026-09-08 09:00:00,2383.0,SESSION_END,-510.0,208.392,-718.392,598.0,2026-09
CRUDEOIL,LONG,2026-09-08 09:32:00,8510.0,8506.245682551764,8525.017269792945,SHA_FLIP,2026-09-08 09:35:00,8506.245682551764,STOP_LOSS,-375.4317448236179,740.4000000000001,-1115.831744823618,3.0,2026-09
CRUDEOIL,SHORT,2026-09-08 09:40:00,8501.0,8504.671445578726,8486.314217685096,SHA_FLIP,2026-09-08 09:45:00,8504.671445578726,STOP_LOSS,-367.14455787259794,740.04,-1107.184557872598,5.0,2026-09
CRUDEOIL,LONG,2026-09-08 09:46:00,8515.0,8510.746425629639,8532.014297481444,SHA_FLIP,2026-09-08 09:49:00,8510.746425629639,STOP_LOSS,-425.35743703610933,740.6,-1165.9574370361092,3.0,2026-09
CRUDEOIL,LONG,2026-09-08 10:37:00,8530.0,8525.832683458895,8546.66926616442,SHA_FLIP,2026-09-08 10:40:00,8525.832683458895,STOP_LOSS,-416.73165411048103,741.2,-1157.931654110481,3.0,2026-09
SILVER,SHORT,2026-09-08 11:23:00,2378.0,2379.7245173209676,2372.826448037097,SHA_FLIP,2026-09-08 11:32:00,2372.826448037097,TAKE_PROFIT,155.2065588870846,208.536,-53.32944111291539,9.0,2026-09
SILVER,SHORT,2026-09-08 12:25:00,2367.0,2370.5060215425233,2356.48193537243,SHA_FLIP,2026-09-08 12:34:00,2370.5060215425233,STOP_LOSS,-105.18064627569856,208.404,-313.58464627569856,9.0,2026-09
CRUDEOIL,LONG,2026-09-08 12:07:00,8595.0,8586.754096907076,8627.983612371696,SHA_FLIP,2026-09-08 13:00:00,8627.983612371696,TAKE_PROFIT,3298.3612371695926,743.8,2554.5612371695925,53.0,2026-09
SILVER,LONG,2026-09-08 12:34:00,2371.0,2367.2897959498523,2382.130612150443,SHA_FLIP,2026-09-08 13:05:00,2367.2897959498523,STOP_LOSS,-111.30612150443085,208.452,-319.75812150443085,31.0,2026-09
CRUDEOIL,SHORT,2026-09-08 13:50:00,8633.0,8642.03693998334,8596.85224006664,SHA_FLIP,2026-09-08 13:53:00,8642.03693998334,STOP_LOSS,-903.6939983339835,745.3199999999999,-1649.0139983339834,3.0,2026-09
CRUDEOIL,LONG,2026-09-08 13:59:00,8661.0,8646.05404097159,8720.783836113638,SHA_FLIP,2026-09-08 14:05:00,8646.05404097159,STOP_LOSS,-1494.5959028409561,746.44,-2241.035902840956,6.0,2026-09
SILVER,SHORT,2026-09-08 14:01:00,2357.0,2360.976839722062,2345.0694808338144,SHA_FLIP,2026-09-08 14:05:00,2360.976839722062,STOP_LOSS,-119.30519166185604,208.284,-327.58919166185603,4.0,2026-09
CRUDEOIL,SHORT,2026-09-08 14:14:00,8639.0,8644.850588915539,8615.597644337846,SHA_FLIP,2026-09-08 14:15:00,8644.850588915539,STOP_LOSS,-585.0588915538538,745.56,-1330.6188915538537,1.0,2026-09
CRUDEOIL,SHORT,2026-09-08 14:33:00,8639.0,8651.356393441381,8589.574426234474,SHA_FLIP,2026-09-08 15:11:00,8589.574426234474,TAKE_PROFIT,4942.557376552577,745.56,4196.997376552577,38.0,2026-09
CRUDEOIL,SHORT,2026-09-08 15:51:00,8584.0,8595.836280341644,8536.654878633424,SHA_FLIP,2026-09-08 15:54:00,8595.836280341644,STOP_LOSS,-1183.6280341643942,743.36,-1926.9880341643943,3.0,2026-09
CRUDEOIL,LONG,2026-09-08 16:29:00,8615.0,8610.95488534137,8631.180458634517,SHA_FLIP,2026-09-08 16:32:00,8610.95488534137,STOP_LOSS,-404.5114658629245,744.6,-1149.1114658629244,3.0,2026-09
CRUDEOIL,LONG,2026-09-08 16:37:00,8615.0,8611.853352393447,8627.58659042621,SHA_FLIP,2026-09-08 16:39:00,8611.853352393447,STOP_LOSS,-314.6647606552506,744.6,-1059.2647606552505,2.0,2026-09
CRUDEOIL,SHORT,2026-09-08 16:39:00,8602.0,8609.363481980032,8572.546072079873,SHA_FLIP,2026-09-08 16:40:00,8609.363481980032,STOP_LOSS,-736.3481980031793,744.08,-1480.4281980031792,1.0,2026-09
CRUDEOIL,LONG,2026-09-08 16:42:00,8625.0,8616.09820150811,8660.60719396756,SHA_FLIP,2026-09-08 16:45:00,8616.09820150811,STOP_LOSS,-890.1798491890077,745.0,-1635.1798491890077,3.0,2026-09
CRUDEOIL,SHORT,2026-09-08 17:15:00,8611.0,8614.256706559967,8597.973173760132,SHA_FLIP,2026-09-08 17:16:00,8614.256706559967,STOP_LOSS,-325.6706559966915,744.44,-1070.1106559966915,1.0,2026-09
CRUDEOIL,LONG,2026-09-08 17:17:00,8620.0,8615.547772757713,8637.80890896915,SHA_FLIP,2026-09-08 17:23:00,8615.547772757713,STOP_LOSS,-445.22272422873357,744.8,-1190.0227242287335,6.0,2026-09
GOLD,SHORT,2026-09-08 17:41:00,122985.0,123042.57507008775,122812.27478973674,SHA_FLIP,2026-09-08 17:45:00,122812.27478973674,TAKE_PROFIT,17272.521026326285,5319.400000000001,11953.121026326284,4.0,2026-09
SILVER,LONG,2026-09-08 14:05:00,2361.0,2356.8327403594703,2373.501778921589,SHA_FLIP,2026-09-08 17:50:00,2356.8327403594703,STOP_LOSS,-125.01778921588993,208.332,-333.3497892158899,225.0,2026-09
CRUDEOIL,SHORT,2026-09-08 17:24:00,8607.0,8612.220647721559,8586.117409113765,SHA_FLIP,2026-09-08 17:52:00,8612.220647721559,STOP_LOSS,-522.0647721558635,744.28,-1266.3447721558634,28.0,2026-09
CRUDEOIL,SHORT,2026-09-08 17:54:00,8600.0,8604.66415184246,8581.343392630159,SHA_FLIP,2026-09-08 17:59:00,8581.343392630159,TAKE_PROFIT,1865.6607369841367,744.0,1121.6607369841367,5.0,2026-09
GOLD,SHORT,2026-09-08 17:58:00,122879.0,122997.71489863482,122522.85530409554,SHA_FLIP,2026-09-08 18:00:00,122997.71489863482,STOP_LOSS,-11871.489863481838,5315.16,-17186.649863481838,2.0,2026-09
SILVER,LONG,2026-09-08 18:02:00,2368.0,2361.9366689554786,2386.1899931335643,SHA_FLIP,2026-09-08 19:12:00,2361.9366689554786,STOP_LOSS,-181.89993133564258,208.416,-390.3159313356426,70.0,2026-09
GOLD,LONG,2026-09-08 18:01:00,122990.0,122840.29052310801,123439.12843067598,SHA_FLIP,2026-09-08 19:12:00,122840.29052310801,STOP_LOSS,-14970.947689199238,5319.6,-20290.547689199237,71.0,2026-09
GOLD,SHORT,2026-09-08 19:36:00,122961.0,123050.65295678315,122692.04112965056,SHA_FLIP,2026-09-08 19:57:00,123050.65295678315,STOP_LOSS,-8965.295678314578,5318.4400000000005,-14283.735678314579,21.0,2026-09
GOLD,SHORT,2026-09-08 20:01:00,122933.0,122989.66979629027,122762.9906111292,SHA_FLIP,2026-09-08 20:03:00,122989.66979629027,STOP_LOSS,-5666.9796290269005,5317.320000000001,-10984.2996290269,2.0,2026-09
CRUDEOIL,LONG,2026-09-08 19:30:00,8563.0,8555.42610736293,8593.295570548282,SHA_FLIP,2026-09-08 20:04:00,8555.42610736293,STOP_LOSS,-757.3892637070458,742.52,-1499.9092637070457,34.0,2026-09
GOLD,LONG,2026-09-08 20:06:00,123034.0,122976.68314248692,123205.95057253925,SHA_FLIP,2026-09-08 20:11:00,122976.68314248692,STOP_LOSS,-5731.685751308396,5321.360000000001,-11053.045751308397,5.0,2026-09
GOLD,LONG,2026-09-08 20:15:00,123024.0,122978.19673935707,123161.4097819288,SHA_FLIP,2026-09-08 20:18:00,122978.19673935707,STOP_LOSS,-4580.326064293331,5320.96,-9901.28606429333,3.0,2026-09
GOLD,SHORT,2026-09-08 20:20:00,122940.0,122985.74765439196,122802.75703682411,SHA_FLIP,2026-09-08 20:23:00,122985.74765439196,STOP_LOSS,-4574.765439196199,5317.6,-9892.365439196199,3.0,2026-09
SILVER,SHORT,2026-09-08 19:35:00,2366.0,2369.2867321138556,2356.1398036584333,SHA_FLIP,2026-09-08 20:33:00,2369.2867321138556,STOP_LOSS,-98.60196341566734,208.392,-306.99396341566734,58.0,2026-09
GOLD,LONG,2026-09-08 20:30:00,123025.0,122972.7531019549,123181.74069413528,SHA_FLIP,2026-09-08 20:41:00,123181.74069413528,TAKE_PROFIT,15674.069413528196,5321.0,10353.069413528196,11.0,2026-09
CRUDEOIL,SHORT,2026-09-08 20:48:00,8523.0,8528.702200646658,8500.191197413369,SHA_FLIP,2026-09-08 20:49:00,8528.702200646658,STOP_LOSS,-570.220064665773,740.9200000000001,-1311.140064665773,1.0,2026-09
CRUDEOIL,LONG,2026-09-08 20:50:00,8540.0,8532.55701373651,8569.771945053959,SHA_FLIP,2026-09-08 21:01:00,8532.55701373651,STOP_LOSS,-744.2986263489729,741.6,-1485.8986263489728,11.0,2026-09
CRUDEOIL,SHORT,2026-09-08 21:02:00,8521.0,8530.006388419271,8484.974446322914,SHA_FLIP,2026-09-08 21:03:00,8530.006388419271,STOP_LOSS,-900.6388419271389,740.84,-1641.478841927139,1.0,2026-09
GOLD,LONG,2026-09-08 21:02:00,123184.0,123099.22020346258,123438.33938961226,SHA_FLIP,2026-09-08 21:07:00,123099.22020346258,STOP_LOSS,-8477.979653741932,5327.360000000001,-13805.339653741932,5.0,2026-09
GOLD,LONG,2026-09-08 21:24:00,123122.0,123071.45907415726,123273.62277752822,SHA_FLIP,2026-09-08 21:29:00,123071.45907415726,STOP_LOSS,-5054.092584273894,5324.88,-10378.972584273895,5.0,2026-09
GOLD,SHORT,2026-09-08 21:30:00,123044.0,123082.16869186073,122929.49392441781,SHA_FLIP,2026-09-08 21:39:00,122929.49392441781,TAKE_PROFIT,11450.607558219053,5321.76,6128.847558219053,9.0,2026-09
CRUDEOIL,SHORT,2026-09-08 21:58:00,8483.0,8491.052051896668,8450.791792413329,SHA_FLIP,2026-09-08 22:08:00,8491.052051896668,STOP_LOSS,-805.2051896667763,739.3199999999999,-1544.5251896667762,10.0,2026-09
CRUDEOIL,SHORT,2026-09-08 22:11:00,8471.0,8480.107232606599,8434.571069573605,SHA_FLIP,2026-09-08 22:15:00,8480.107232606599,STOP_LOSS,-910.72326065987,738.84,-1649.5632606598701,4.0,2026-09
CRUDEOIL,SHORT,2026-09-08 22:24:00,8477.0,8486.534184643375,8438.8632614265,SHA_FLIP,2026-09-08 22:26:00,8486.534184643375,STOP_LOSS,-953.4184643374829,739.08,-1692.4984643374828,2.0,2026-09
CRUDEOIL,LONG,2026-09-08 22:26:00,8516.0,8501.038767978976,8575.844928084094,SHA_FLIP,2026-09-08 22:27:00,8501.038767978976,STOP_LOSS,-1496.1232021023534,740.6400000000001,-2236.7632021023537,1.0,2026-09
GOLD,LONG,2026-09-08 22:21:00,122916.0,122860.58982254913,123082.23053235262,SHA_FLIP,2026-09-08 22:29:00,122860.58982254913,STOP_LOSS,-5541.017745087447,5316.64,-10857.657745087447,8.0,2026-09
CRUDEOIL,SHORT,2026-09-08 22:31:00,8463.0,8483.425449508848,8381.298201964608,SHA_FLIP,2026-09-08 22:48:00,8483.425449508848,STOP_LOSS,-2042.5449508848033,738.52,-2781.0649508848032,17.0,2026-09
SILVER,LONG,2026-09-08 22:49:00,2369.0,2367.1174489996683,2374.647653000995,SHA_FLIP,2026-09-08 22:51:00,2367.1174489996683,STOP_LOSS,-56.476530009949784,208.428,-264.9045300099498,2.0,2026-09
SILVER,SHORT,2026-09-08 22:52:00,2366.0,2368.053619125253,2359.8391426242406,SHA_FLIP,2026-09-08 22:59:00,2368.053619125253,STOP_LOSS,-61.60857375759406,208.392,-270.00057375759405,7.0,2026-09
CRUDEOIL,SHORT,2026-09-08 22:55:00,8469.0,8476.007010983723,8440.971956065106,SHA_FLIP,2026-09-08 23:02:00,8476.007010983723,STOP_LOSS,-700.7010983723376,738.76,-1439.4610983723376,7.0,2026-09
SILVER,LONG,2026-09-08 22:59:00,2369.0,2366.932009293652,2375.2039721190445,SHA_FLIP,2026-09-08 23:06:00,2366.932009293652,STOP_LOSS,-62.03972119044465,208.428,-270.46772119044465,7.0,2026-09
GOLD,SHORT,2026-09-08 23:12:00,122816.0,122858.98077867163,122687.05766398512,SHA_FLIP,2026-09-09 09:00:00,122601.0,SESSION_END,21500.0,5312.64,16187.36,588.0,2026-09
SILVER,SHORT,2026-09-08 23:06:00,2366.0,2368.696407791455,2357.910776625635,SHA_FLIP,2026-09-09 09:00:00,2365.0,SESSION_END,30.0,208.392,-178.392,594.0,2026-09
CRUDEOIL,LONG,2026-09-09 09:31:00,8666.0,8663.729767708577,8675.080929165691,SHA_FLIP,2026-09-09 09:34:00,8663.729767708577,STOP_LOSS,-227.02322914228716,746.6400000000001,-973.6632291422873,3.0,2026-09
SILVER,LONG,2026-09-09 10:17:00,2367.0,2364.9150627677636,2373.254811696709,SHA_FLIP,2026-09-09 10:38:00,2373.254811696709,TAKE_PROFIT,187.64435090127336,208.404,-20.75964909872664,21.0,2026-09
CRUDEOIL,LONG,2026-09-09 10:45:00,8659.0,8655.529969200461,8672.880123198156,SHA_FLIP,2026-09-09 11:00:00,8655.529969200461,STOP_LOSS,-347.00307995390176,746.36,-1093.363079953902,15.0,2026-09
CRUDEOIL,SHORT,2026-09-09 11:00:00,8650.0,8654.847129290492,8630.61148283803,SHA_FLIP,2026-09-09 11:01:00,8654.847129290492,STOP_LOSS,-484.7129290492376,746.0,-1230.7129290492376,1.0,2026-09
CRUDEOIL,LONG,2026-09-09 11:04:00,8661.0,8653.09740524117,8692.610379035323,SHA_FLIP,2026-09-09 11:07:00,8653.09740524117,STOP_LOSS,-790.2594758830674,746.44,-1536.6994758830674,3.0,2026-09
CRUDEOIL,SHORT,2026-09-09 11:07:00,8649.0,8658.03496316597,8612.86014733612,SHA_FLIP,2026-09-09 11:15:00,8658.03496316597,STOP_LOSS,-903.4963165970112,745.96,-1649.4563165970112,8.0,2026-09
CRUDEOIL,LONG,2026-09-09 11:17:00,8666.0,8661.10925592884,8685.562976284637,SHA_FLIP,2026-09-09 11:18:00,8661.10925592884,STOP_LOSS,-489.07440711591335,746.6400000000001,-1235.7144071159134,1.0,2026-09
CRUDEOIL,SHORT,2026-09-09 11:20:00,8651.0,8656.949026584989,8627.203893660044,SHA_FLIP,2026-09-09 11:30:00,8656.949026584989,STOP_LOSS,-594.9026584989042,746.04,-1340.9426584989042,10.0,2026-09
CRUDEOIL,LONG,2026-09-09 12:36:00,8690.0,8682.314998116643,8720.74000753343,SHA_FLIP,2026-09-09 12:47:00,8720.74000753343,TAKE_PROFIT,3074.000753342989,747.6,2326.400753342989,11.0,2026-09
CRUDEOIL,LONG,2026-09-09 13:37:00,8721.0,8712.351952685845,8755.592189256618,SHA_FLIP,2026-09-09 13:40:00,8712.351952685845,STOP_LOSS,-864.804731415461,748.84,-1613.6447314154611,3.0,2026-09
CRUDEOIL,SHORT,2026-09-09 13:41:00,8697.0,8706.460106258559,8659.159574965764,SHA_FLIP,2026-09-09 14:00:00,8706.460106258559,STOP_LOSS,-946.0106258558881,747.88,-1693.8906258558882,19.0,2026-09
CRUDEOIL,LONG,2026-09-09 14:29:00,8733.0,8725.302453000055,8763.79018799978,SHA_FLIP,2026-09-09 15:08:00,8763.79018799978,TAKE_PROFIT,3079.0187999780755,749.3199999999999,2329.698799978076,39.0,2026-09
SILVER,LONG,2026-09-09 10:57:00,2375.0,2371.8465797958793,2384.460260612362,SHA_FLIP,2026-09-09 15:24:00,2371.8465797958793,STOP_LOSS,-94.60260612362163,208.5,-303.1026061236216,267.0,2026-09
CRUDEOIL,LONG,2026-09-09 15:44:00,8778.0,8770.214153888846,8809.143384444615,SHA_FLIP,2026-09-09 15:49:00,8770.214153888846,STOP_LOSS,-778.584611115366,751.12,-1529.7046111153659,5.0,2026-09
SILVER,SHORT,2026-09-09 15:46:00,2370.0,2372.9316600625534,2361.2050198123397,SHA_FLIP,2026-09-09 15:50:00,2372.9316600625534,STOP_LOSS,-87.94980187660258,208.44,-296.3898018766026,4.0,2026-09
CRUDEOIL,SHORT,2026-09-09 15:49:00,8765.0,8773.67977502571,8730.28089989716,SHA_FLIP,2026-09-09 15:54:00,8773.67977502571,STOP_LOSS,-867.9775025710114,750.6,-1618.5775025710113,5.0,2026-09
CRUDEOIL,LONG,2026-09-09 15:56:00,8779.0,8772.071403452359,8806.714386190564,SHA_FLIP,2026-09-09 16:04:00,8772.071403452359,STOP_LOSS,-692.8596547641064,751.1600000000001,-1444.0196547641065,8.0,2026-09
SILVER,LONG,2026-09-09 16:05:00,2373.0,2371.892287063158,2376.3231388105255,SHA_FLIP,2026-09-09 16:12:00,2371.892287063158,STOP_LOSS,-33.231388105255064,208.476,-241.70738810525506,7.0,2026-09
CRUDEOIL,LONG,2026-09-09 16:12:00,8781.0,8773.37129496617,8811.514820135322,SHA_FLIP,2026-09-09 16:18:00,8773.37129496617,STOP_LOSS,-762.8705033830556,751.24,-1514.1105033830556,6.0,2026-09
CRUDEOIL,SHORT,2026-09-09 16:18:00,8773.0,8778.648023099315,8750.407907602741,SHA_FLIP,2026-09-09 16:24:00,8750.407907602741,TAKE_PROFIT,2259.2092397258966,750.9200000000001,1508.2892397258966,6.0,2026-09
SILVER,SHORT,2026-09-09 16:12:00,2371.0,2373.875047630329,2362.374857109013,SHA_FLIP,2026-09-09 16:26:00,2373.875047630329,STOP_LOSS,-86.25142890986808,208.452,-294.7034289098681,14.0,2026-09
SILVER,LONG,2026-09-09 17:20:00,2379.0,2374.9691653395657,2391.092503981303,SHA_FLIP,2026-09-09 17:28:00,2374.9691653395657,STOP_LOSS,-120.92503981302798,208.548,-329.473039813028,8.0,2026-09
GOLD,SHORT,2026-09-09 18:09:00,123086.0,123167.09381599473,122842.71855201582,SHA_FLIP,2026-09-09 18:13:00,123167.09381599473,STOP_LOSS,-8109.381599472545,5323.4400000000005,-13432.821599472545,4.0,2026-09
SILVER,SHORT,2026-09-09 17:29:00,2374.0,2378.033051006855,2361.9008469794344,SHA_FLIP,2026-09-09 18:33:00,2378.033051006855,STOP_LOSS,-120.99153020565609,208.488,-329.4795302056561,64.0,2026-09
CRUDEOIL,LONG,2026-09-09 17:29:00,8795.0,8785.42553173623,8833.297873055082,SHA_FLIP,2026-09-09 18:35:00,8785.42553173623,STOP_LOSS,-957.4468263770541,751.8,-1709.246826377054,66.0,2026-09
CRUDEOIL,SHORT,2026-09-09 18:47:00,8797.0,8805.565812215496,8762.736751138014,SHA_FLIP,2026-09-09 18:51:00,8805.565812215496,STOP_LOSS,-856.5812215496408,751.88,-1608.4612215496409,4.0,2026-09
CRUDEOIL,LONG,2026-09-09 18:52:00,8821.0,8808.835693675815,8869.657225296738,SHA_FLIP,2026-09-09 18:55:00,8808.835693675815,STOP_LOSS,-1216.4306324184508,752.84,-1969.270632418451,3.0,2026-09
GOLD,LONG,2026-09-09 19:18:00,123750.0,123636.95354204033,124089.13937387902,SHA_FLIP,2026-09-09 19:25:00,123636.95354204033,STOP_LOSS,-11304.645795967372,5350.0,-16654.64579596737,7.0,2026-09
GOLD,SHORT,2026-09-09 19:25:00,123553.0,123655.61734467349,123245.14796597953,SHA_FLIP,2026-09-09 19:30:00,123655.61734467349,STOP_LOSS,-10261.734467349015,5342.12,-15603.854467349014,5.0,2026-09
CRUDEOIL,SHORT,2026-09-09 19:31:00,8780.0,8789.20623681313,8743.17505274748,SHA_FLIP,2026-09-09 19:32:00,8789.20623681313,STOP_LOSS,-920.623681313009,751.2,-1671.823681313009,1.0,2026-09
GOLD,LONG,2026-09-09 19:32:00,123767.0,123673.50296127597,124047.4911161721,SHA_FLIP,2026-09-09 19:42:00,123673.50296127597,STOP_LOSS,-9349.703872403188,5350.68,-14700.383872403188,10.0,2026-09
CRUDEOIL,SHORT,2026-09-09 19:44:00,8777.0,8783.714345921639,8750.142616313446,SHA_FLIP,2026-09-09 19:45:00,8783.714345921639,STOP_LOSS,-671.4345921638596,751.08,-1422.5145921638596,1.0,2026-09
GOLD,LONG,2026-09-09 19:45:00,123758.0,123658.66728871962,124055.99813384115,SHA_FLIP,2026-09-09 19:49:00,123658.66728871962,STOP_LOSS,-9933.271128038177,5350.320000000001,-15283.591128038177,4.0,2026-09
CRUDEOIL,LONG,2026-09-09 19:47:00,8800.0,8789.983876151158,8840.064495395367,SHA_FLIP,2026-09-09 19:54:00,8840.064495395367,TAKE_PROFIT,4006.4495395366976,752.0,3254.4495395366976,7.0,2026-09
GOLD,LONG,2026-09-09 19:58:00,123802.0,123705.85019060886,124090.44942817341,SHA_FLIP,2026-09-09 20:03:00,123705.85019060886,STOP_LOSS,-9614.980939113593,5352.08,-14967.060939113593,5.0,2026-09
CRUDEOIL,LONG,2026-09-09 20:06:00,8823.0,8812.889148157778,8863.44340736889,SHA_FLIP,2026-09-09 20:08:00,8812.889148157778,STOP_LOSS,-1011.0851842222473,752.9200000000001,-1764.0051842222474,2.0,2026-09
GOLD,SHORT,2026-09-09 20:25:00,123638.0,123692.83533052297,123473.4940084311,SHA_FLIP,2026-09-09 20:29:00,123692.83533052297,STOP_LOSS,-5483.533052296843,5345.52,-10829.053052296844,4.0,2026-09
CRUDEOIL,LONG,2026-09-09 20:16:00,8820.0,8813.150351998589,8847.398592005644,SHA_FLIP,2026-09-09 20:35:00,8847.398592005644,TAKE_PROFIT,2739.8592005643877,752.8,1987.0592005643878,19.0,2026-09
SILVER,LONG,2026-09-09 19:21:00,2393.0,2386.981493576353,2411.055519270941,SHA_FLIP,2026-09-09 20:36:00,2386.981493576353,STOP_LOSS,-180.55519270941204,208.716,-389.27119270941205,75.0,2026-09
GOLD,SHORT,2026-09-09 20:32:00,123412.0,123589.0687835158,122880.7936494526,SHA_FLIP,2026-09-09 20:53:00,122880.7936494526,TAKE_PROFIT,53120.635054740706,5336.4800000000005,47784.1550547407,21.0,2026-09
CRUDEOIL,LONG,2026-09-09 21:14:00,8852.0,8840.800444183516,8896.798223265934,SHA_FLIP,2026-09-09 21:20:00,8840.800444183516,STOP_LOSS,-1119.9555816483553,754.08,-1874.0355816483552,6.0,2026-09
GOLD,LONG,2026-09-09 21:21:00,123425.0,123297.7229935044,123806.8310194868,SHA_FLIP,2026-09-09 21:25:00,123297.7229935044,STOP_LOSS,-12727.700649559847,5337.0,-18064.700649559847,4.0,2026-09
CRUDEOIL,LONG,2026-09-09 21:27:00,8853.0,8845.403494125083,8883.386023499668,SHA_FLIP,2026-09-09 21:31:00,8845.403494125083,STOP_LOSS,-759.6505874917057,754.12,-1513.7705874917056,4.0,2026-09
GOLD,LONG,2026-09-09 21:37:00,123356.0,123289.69262645503,123554.92212063492,SHA_FLIP,2026-09-09 21:38:00,123289.69262645503,STOP_LOSS,-6630.737354497251,5334.24,-11964.97735449725,1.0,2026-09
GOLD,SHORT,2026-09-09 21:38:00,123212.0,123298.46639040564,122952.60082878309,SHA_FLIP,2026-09-09 21:55:00,123298.46639040564,STOP_LOSS,-8646.639040563605,5328.4800000000005,-13975.119040563604,17.0,2026-09
CRUDEOIL,SHORT,2026-09-09 21:46:00,8843.0,8852.12870188531,8806.485192458757,SHA_FLIP,2026-09-09 22:09:00,8806.485192458757,TAKE_PROFIT,3651.48075412435,753.72,2897.7607541243497,23.0,2026-09
SILVER,LONG,2026-09-09 21:20:00,2390.0,2384.7778589160657,2405.666423251803,SHA_FLIP,2026-09-09 22:38:00,2405.666423251803,TAKE_PROFIT,469.99269755408477,208.68,261.31269755408476,78.0,2026-09
GOLD,LONG,2026-09-09 23:12:00,123630.0,123572.2725391521,123803.18238254372,SHA_FLIP,2026-09-09 23:20:00,123572.2725391521,STOP_LOSS,-5772.74608479056,5345.2,-11117.946084790561,8.0,2026-09
CRUDEOIL,LONG,2026-09-09 23:26:00,8815.0,8805.205671597561,8854.177313609754,SHA_FLIP,2026-09-10 09:00:00,8832.0,SESSION_END,1700.0,752.6,947.4,574.0,2026-09
SILVER,LONG,2026-09-09 23:26:00,2401.0,2397.828621665932,2410.5141350022036,SHA_FLIP,2026-09-10 09:00:00,2396.0,SESSION_END,-150.0,208.812,-358.812,574.0,2026-09
SILVER,SHORT,2026-09-10 10:10:00,2394.0,2396.6751438034594,2385.974568589622,SHA_FLIP,2026-09-10 10:15:00,2396.6751438034594,STOP_LOSS,-80.25431410378133,208.728,-288.98231410378133,5.0,2026-09
CRUDEOIL,LONG,2026-09-10 09:33:00,8835.0,8830.321564661064,8853.713741355743,SHA_FLIP,2026-09-10 10:43:00,8830.321564661064,STOP_LOSS,-467.8435338935742,753.4000000000001,-1221.2435338935743,70.0,2026-09
CRUDEOIL,SHORT,2026-09-10 11:28:00,8782.0,8787.935150241798,8758.25939903281,SHA_FLIP,2026-09-10 11:31:00,8787.935150241798,STOP_LOSS,-593.5150241797601,751.28,-1344.79502417976,3.0,2026-09
CRUDEOIL,SHORT,2026-09-10 11:57:00,8772.0,8778.299747619605,8746.80100952158,SHA_FLIP,2026-09-10 12:05:00,8778.299747619605,STOP_LOSS,-629.9747619605114,750.88,-1380.8547619605115,8.0,2026-09
CRUDEOIL,SHORT,2026-09-10 12:08:00,8768.0,8773.546573557802,8745.813705768793,SHA_FLIP,2026-09-10 12:09:00,8773.546573557802,STOP_LOSS,-554.6573557801821,750.72,-1305.3773557801821,1.0,2026-09
SILVER,LONG,2026-09-10 10:18:00,2399.0,2394.654478786595,2412.036563640215,SHA_FLIP,2026-09-10 12:45:00,2394.654478786595,STOP_LOSS,-130.36563640214808,208.788,-339.1536364021481,147.0,2026-09
CRUDEOIL,LONG,2026-09-10 12:46:00,8813.0,8805.399789342968,8843.400842628129,SHA_FLIP,2026-09-10 12:58:00,8843.400842628129,TAKE_PROFIT,3040.0842628128885,752.52,2287.5642628128885,12.0,2026-09
CRUDEOIL,LONG,2026-09-10 14:40:00,8954.0,8942.23694539932,9001.052218402721,SHA_FLIP,2026-09-10 14:51:00,8942.23694539932,STOP_LOSS,-1176.3054600680334,758.1600000000001,-1934.4654600680335,11.0,2026-09
CRUDEOIL,LONG,2026-09-10 14:55:00,8962.0,8954.811485256778,8990.754058972889,SHA_FLIP,2026-09-10 15:02:00,8990.754058972889,TAKE_PROFIT,2875.4058972888743,758.48,2116.9258972888742,7.0,2026-09
CRUDEOIL,LONG,2026-09-10 15:26:00,8976.0,8968.268690236819,9006.925239052725,SHA_FLIP,2026-09-10 15:30:00,8968.268690236819,STOP_LOSS,-773.1309763181343,759.04,-1532.1709763181343,4.0,2026-09
SILVER,SHORT,2026-09-10 14:46:00,2381.0,2384.2132239169932,2371.3603282490203,SHA_FLIP,2026-09-10 15:33:00,2384.2132239169932,STOP_LOSS,-96.39671750979687,208.572,-304.9687175097969,47.0,2026-09
SILVER,LONG,2026-09-10 15:33:00,2385.0,2379.778801504148,2400.6635954875564,SHA_FLIP,2026-09-10 15:38:00,2379.778801504148,STOP_LOSS,-156.6359548755645,208.62,-365.2559548755645,5.0,2026-09
CRUDEOIL,SHORT,2026-09-10 15:31:00,8964.0,8972.872712685961,8928.509149256155,SHA_FLIP,2026-09-10 16:06:00,8928.509149256155,TAKE_PROFIT,3549.085074384493,758.56,2790.525074384493,35.0,2026-09
CRUDEOIL,SHORT,2026-09-10 16:27:00,8908.0,8926.131484983123,8835.474060067507,SHA_FLIP,2026-09-10 16:28:00,8926.131484983123,STOP_LOSS,-1813.14849831233,756.3199999999999,-2569.4684983123298,1.0,2026-09
CRUDEOIL,LONG,2026-09-10 16:31:00,8963.0,8942.92090187451,9043.316392501962,SHA_FLIP,2026-09-10 17:05:00,8942.92090187451,STOP_LOSS,-2007.9098125490418,758.52,-2766.429812549042,34.0,2026-09
SILVER,SHORT,2026-09-10 15:40:00,2377.0,2382.8459346031045,2359.4621961906864,SHA_FLIP,2026-09-10 17:20:00,2359.4621961906864,TAKE_PROFIT,526.1341142794072,208.524,317.6101142794072,100.0,2026-09
SILVER,SHORT,2026-09-10 17:48:00,2359.0,2363.2594190081895,2346.2217429754314,SHA_FLIP,2026-09-10 17:58:00,2346.2217429754314,TAKE_PROFIT,383.34771073705724,208.308,175.03971073705725,10.0,2026-09
GOLD,SHORT,2026-09-10 17:53:00,122773.0,122892.26770681051,122415.19687956847,SHA_FLIP,2026-09-10 18:00:00,122892.26770681051,STOP_LOSS,-11926.77068105113,5310.92,-17237.69068105113,7.0,2026-09
GOLD,SHORT,2026-09-10 18:25:00,122058.0,122286.58594842997,121372.24215471008,SHA_FLIP,2026-09-10 18:28:00,122286.58594842997,STOP_LOSS,-22858.594842997263,5282.320000000001,-28140.914842997263,3.0,2026-09
CRUDEOIL,LONG,2026-09-10 18:27:00,9210.0,9190.68154633075,9287.273814676999,SHA_FLIP,2026-09-10 18:30:00,9190.68154633075,STOP_LOSS,-1931.845366924972,768.4000000000001,-2700.245366924972,3.0,2026-09
GOLD,LONG,2026-09-10 18:50:00,122445.0,122342.51432235852,122752.45703292445,SHA_FLIP,2026-09-10 18:55:00,122342.51432235852,STOP_LOSS,-10248.567764148174,5297.8,-15546.367764148174,5.0,2026-09
CRUDEOIL,LONG,2026-09-10 18:55:00,9203.0,9195.068823909023,9234.724704363907,SHA_FLIP,2026-09-10 18:57:00,9195.068823909023,STOP_LOSS,-793.1176090976805,768.12,-1561.2376090976804,2.0,2026-09
GOLD,LONG,2026-09-10 18:58:00,122490.0,122345.8331871655,122922.50043850351,SHA_FLIP,2026-09-10 19:00:00,122345.8331871655,STOP_LOSS,-14416.681283450453,5299.6,-19716.28128345045,2.0,2026-09
SILVER,LONG,2026-09-10 18:59:00,2338.0,2331.391816757329,2357.8245497280136,SHA_FLIP,2026-09-10 19:39:00,2331.391816757329,STOP_LOSS,-198.24549728013608,208.056,-406.3014972801361,40.0,2026-09
CRUDEOIL,LONG,2026-09-10 19:35:00,9164.0,9148.590606675007,9225.637573299973,SHA_FLIP,2026-09-10 19:43:00,9148.590606675007,STOP_LOSS,-1540.9393324993289,766.56,-2307.499332499329,8.0,2026-09
CRUDEOIL,SHORT,2026-09-10 19:50:00,9137.0,9155.978944830578,9061.084220677687,SHA_FLIP,2026-09-10 19:53:00,9155.978944830578,STOP_LOSS,-1897.8944830578257,765.48,-2663.3744830578257,3.0,2026-09
SILVER,SHORT,2026-09-10 20:10:00,2335.0,2339.2065595377153,2322.380321386854,SHA_FLIP,2026-09-10 21:42:00,2322.380321386854,TAKE_PROFIT,378.5903583943764,208.02,170.57035839437637,92.0,2026-09
CRUDEOIL,LONG,2026-09-10 22:05:00,9352.0,9323.457855194876,9466.168579220495,SHA_FLIP,2026-09-10 22:06:00,9323.457855194876,STOP_LOSS,-2854.2144805123826,774.08,-3628.2944805123825,1.0,2026-09
SILVER,SHORT,2026-09-10 22:05:00,2327.0,2330.7697221901362,2315.6908334295913,SHA_FLIP,2026-09-10 22:32:00,2330.7697221901362,STOP_LOSS,-113.09166570408706,207.924,-321.01566570408704,27.0,2026-09
CRUDEOIL,SHORT,2026-09-10 22:14:00,9299.0,9314.599679506156,9236.601281975374,SHA_FLIP,2026-09-10 22:33:00,9314.599679506156,STOP_LOSS,-1559.9679506156463,771.96,-2331.9279506156463,19.0,2026-09
SILVER,SHORT,2026-09-10 22:48:00,2327.0,2330.0895659189155,2317.7313022432536,SHA_FLIP,2026-09-10 22:54:00,2330.0895659189155,STOP_LOSS,-92.68697756746406,207.924,-300.61097756746403,6.0,2026-09
SILVER,SHORT,2026-09-10 23:05:00,2327.0,2330.9333104215884,2315.2000687352347,SHA_FLIP,2026-09-11 09:00:00,2296.0,SESSION_END,930.0,207.924,722.076,595.0,2026-09
CRUDEOIL,LONG,2026-09-10 23:26:00,9355.0,9342.153268638225,9406.3869254471,SHA_FLIP,2026-09-11 09:00:00,9444.0,SESSION_END,8900.0,774.2,8125.8,574.0,2026-09
GOLD,LONG,2026-09-10 19:02:00,122559.0,122398.95714881252,123039.12855356243,SHA_FLIP,2026-09-11 09:00:00,121514.0,SESSION_END,-104500.0,5302.360000000001,-109802.36,838.0,2026-09
CRUDEOIL,SHORT,2026-09-11 10:17:00,9391.0,9397.959371174293,9363.162515302829,SHA_FLIP,2026-09-11 10:18:00,9397.959371174293,STOP_LOSS,-695.9371174292755,775.6400000000001,-1471.5771174292756,1.0,2026-09
CRUDEOIL,SHORT,2026-09-11 11:34:00,9270.0,9286.046132504496,9205.815469982015,SHA_FLIP,2026-09-11 11:42:00,9286.046132504496,STOP_LOSS,-1604.61325044962,770.8,-2375.41325044962,8.0,2026-09
SILVER,LONG,2026-09-11 11:02:00,2313.0,2308.6652211743362,2326.0043364769913,SHA_FLIP,2026-09-11 12:04:00,2308.6652211743362,STOP_LOSS,-130.04336476991284,207.756,-337.7993647699128,62.0,2026-09
CRUDEOIL,LONG,2026-09-11 11:46:00,9287.0,9267.058542100256,9366.765831598976,SHA_FLIP,2026-09-11 12:31:00,9267.058542100256,STOP_LOSS,-1994.145789974391,771.48,-2765.625789974391,45.0,2026-09
SILVER,LONG,2026-09-11 12:41:00,2319.0,2315.4402147353308,2329.6793557940077,SHA_FLIP,2026-09-11 12:46:00,2315.4402147353308,STOP_LOSS,-106.79355794007733,207.828,-314.6215579400773,5.0,2026-09
SILVER,SHORT,2026-09-11 12:49:00,2314.0,2317.3937069770795,2303.8188790687614,SHA_FLIP,2026-09-11 12:53:00,2317.3937069770795,STOP_LOSS,-101.81120931238638,207.768,-309.5792093123864,4.0,2026-09
CRUDEOIL,LONG,2026-09-11 13:41:00,9293.0,9274.89905742761,9365.403770289558,SHA_FLIP,2026-09-11 13:43:00,9274.89905742761,STOP_LOSS,-1810.0942572389613,771.72,-2581.8142572389615,2.0,2026-09
SILVER,SHORT,2026-09-11 12:56:00,2314.0,2317.7357929873283,2302.792621038015,SHA_FLIP,2026-09-11 13:54:00,2317.7357929873283,STOP_LOSS,-112.07378961984887,207.768,-319.8417896198489,58.0,2026-09
CRUDEOIL,SHORT,2026-09-11 13:45:00,9251.0,9268.859970781432,9179.560116874272,SHA_FLIP,2026-09-11 14:02:00,9179.560116874272,TAKE_PROFIT,7143.988312572765,770.04,6373.948312572765,17.0,2026-09
CRUDEOIL,SHORT,2026-09-11 14:57:00,9174.0,9184.179638581438,9133.281445674249,SHA_FLIP,2026-09-11 15:10:00,9133.281445674249,TAKE_PROFIT,4071.855432575103,766.96,3304.895432575103,13.0,2026-09
SILVER,SHORT,2026-09-11 15:01:00,2311.0,2315.145295674449,2298.5641129766536,SHA_FLIP,2026-09-11 15:26:00,2315.145295674449,STOP_LOSS,-124.35887023346368,207.732,-332.09087023346365,25.0,2026-09
CRUDEOIL,SHORT,2026-09-11 15:22:00,9138.0,9149.347038406642,9092.611846373431,SHA_FLIP,2026-09-11 15:28:00,9149.347038406642,STOP_LOSS,-1134.7038406642241,765.52,-1900.223840664224,6.0,2026-09
SILVER,LONG,2026-09-11 15:50:00,2316.0,2313.4178193383013,2323.746541985096,SHA_FLIP,2026-09-11 16:08:00,2313.4178193383013,STOP_LOSS,-77.46541985095973,207.792,-285.25741985095976,18.0,2026-09
CRUDEOIL,LONG,2026-09-11 16:11:00,9110.0,9099.75438460563,9150.982461577478,SHA_FLIP,2026-09-11 16:13:00,9099.75438460563,STOP_LOSS,-1024.5615394369452,764.4000000000001,-1788.9615394369453,2.0,2026-09
CRUDEOIL,SHORT,2026-09-11 16:16:00,9093.0,9101.732463244934,9058.070147020262,SHA_FLIP,2026-09-11 16:18:00,9101.732463244934,STOP_LOSS,-873.2463244934479,763.72,-1636.966324493448,2.0,2026-09
CRUDEOIL,LONG,2026-09-11 16:39:00,9105.0,9096.357647852426,9139.569408590294,SHA_FLIP,2026-09-11 16:40:00,9096.357647852426,STOP_LOSS,-864.2352147573547,764.2,-1628.4352147573547,1.0,2026-09
SILVER,SHORT,2026-09-11 17:01:00,2305.0,2308.5870048680326,2294.238985395902,SHA_FLIP,2026-09-11 17:15:00,2308.5870048680326,STOP_LOSS,-107.61014604097909,207.66,-315.27014604097906,14.0,2026-09
CRUDEOIL,SHORT,2026-09-11 17:15:00,9101.0,9116.15727452033,9040.370901918679,SHA_FLIP,2026-09-11 17:17:00,9116.15727452033,STOP_LOSS,-1515.7274520330247,764.04,-2279.7674520330247,2.0,2026-09
SILVER,LONG,2026-09-11 17:33:00,2306.0,2302.8360997120035,2315.4917008639895,SHA_FLIP,2026-09-11 18:00:00,2302.8360997120035,STOP_LOSS,-94.91700863989536,207.672,-302.5890086398954,27.0,2026-09
SILVER,SHORT,2026-09-11 18:00:00,2290.0,2305.605537214282,2243.1833883571544,SHA_FLIP,2026-09-11 18:02:00,2305.605537214282,STOP_LOSS,-468.166116428456,207.48,-675.646116428456,2.0,2026-09
GOLD,SHORT,2026-09-11 18:01:00,121899.0,122340.68301475269,120573.95095574192,SHA_FLIP,2026-09-11 18:04:00,122340.68301475269,STOP_LOSS,-44168.301475269254,5275.96,-49444.26147526925,3.0,2026-09
CRUDEOIL,SHORT,2026-09-11 18:04:00,9115.0,9124.783903475118,9075.864386099529,SHA_FLIP,2026-09-11 18:10:00,9124.783903475118,STOP_LOSS,-978.3903475117768,764.6,-1742.9903475117767,6.0,2026-09
CRUDEOIL,LONG,2026-09-11 18:11:00,9135.0,9124.703629060245,9176.185483759022,SHA_FLIP,2026-09-11 18:30:00,9124.703629060245,STOP_LOSS,-1029.6370939755434,765.4000000000001,-1795.0370939755435,19.0,2026-09
CRUDEOIL,SHORT,2026-09-11 18:58:00,9072.0,9090.631019378263,8997.475922486949,SHA_FLIP,2026-09-11 19:02:00,9090.631019378263,STOP_LOSS,-1863.1019378262863,762.88,-2625.9819378262864,4.0,2026-09
GOLD,LONG,2026-09-11 18:05:00,122247.0,121804.47611685231,123574.57164944307,SHA_FLIP,2026-09-11 19:05:00,123574.57164944307,TAKE_PROFIT,132757.1649443067,5289.88,127467.28494430671,60.0,2026-09
CRUDEOIL,SHORT,2026-09-11 19:17:00,9096.0,9111.79411462476,9032.823541500962,SHA_FLIP,2026-09-11 19:20:00,9111.79411462476,STOP_LOSS,-1579.4114624759459,763.84,-2343.251462475946,3.0,2026-09
GOLD,LONG,2026-09-11 19:17:00,123491.0,123340.97620202959,123941.07139391123,SHA_FLIP,2026-09-11 19:21:00,123340.97620202959,STOP_LOSS,-15002.379797041067,5339.64,-20342.019797041066,4.0,2026-09
GOLD,LONG,2026-09-11 19:29:00,123599.0,123485.98265900544,123938.05202298367,SHA_FLIP,2026-09-11 19:30:00,123485.98265900544,STOP_LOSS,-11301.734099455643,5343.96,-16645.694099455643,1.0,2026-09
CRUDEOIL,LONG,2026-09-11 19:21:00,9115.0,9096.60964527807,9188.561418887723,SHA_FLIP,2026-09-11 19:30:00,9096.60964527807,STOP_LOSS,-1839.0354721930635,764.6,-2603.6354721930634,9.0,2026-09
GOLD,LONG,2026-09-11 19:35:00,123403.0,123274.80702018822,123787.57893943533,SHA_FLIP,2026-09-11 19:42:00,123274.80702018822,STOP_LOSS,-12819.297981177806,5336.12,-18155.417981177805,7.0,2026-09
GOLD,SHORT,2026-09-11 20:29:00,123026.0,123122.44548844376,122736.66353466873,SHA_FLIP,2026-09-11 20:31:00,123122.44548844376,STOP_LOSS,-9644.548844375822,5321.04,-14965.588844375823,2.0,2026-09
CRUDEOIL,SHORT,2026-09-11 20:47:00,9139.0,9148.578295908923,9100.686816364308,SHA_FLIP,2026-09-11 20:53:00,9148.578295908923,STOP_LOSS,-957.8295908922883,765.56,-1723.3895908922882,6.0,2026-09
GOLD,SHORT,2026-09-11 21:40:00,122990.0,123021.42019959036,122895.73940122893,SHA_FLIP,2026-09-11 21:49:00,122895.73940122893,TAKE_PROFIT,9426.059877107036,5319.6,4106.459877107036,9.0,2026-09
CRUDEOIL,LONG,2026-09-11 22:00:00,9186.0,9169.523778877165,9251.904884491341,SHA_FLIP,2026-09-11 22:04:00,9169.523778877165,STOP_LOSS,-1647.622112283534,767.44,-2415.062112283534,4.0,2026-09
CRUDEOIL,SHORT,2026-09-11 22:14:00,9150.0,9165.554266230205,9087.78293507918,SHA_FLIP,2026-09-11 22:19:00,9165.554266230205,STOP_LOSS,-1555.426623020503,766.0,-2321.426623020503,5.0,2026-09
CRUDEOIL,SHORT,2026-09-11 22:41:00,9156.0,9167.57062191708,9109.717512331677,SHA_FLIP,2026-09-11 23:15:00,9167.57062191708,STOP_LOSS,-1157.0621917080643,766.24,-1923.3021917080644,34.0,2026-09
SILVER,LONG,2026-09-11 18:06:00,2318.0,2300.373189137933,2370.880432586201,SHA_FLIP,2026-09-14 17:00:00,2300.373189137933,STOP_LOSS,-528.804325862011,207.816,-736.620325862011,4254.0,2026-09
GOLD,SHORT,2026-09-14 17:52:00,121257.0,121368.73954092251,120921.78137723246,SHA_FLIP,2026-09-14 18:06:00,120921.78137723246,TAKE_PROFIT,33521.86227675411,5250.280000000001,28271.58227675411,14.0,2026-09
CRUDEOIL,LONG,2026-09-14 17:56:00,9485.0,9463.65384263709,9570.38462945164,SHA_FLIP,2026-09-14 18:07:00,9570.38462945164,TAKE_PROFIT,8538.462945164065,779.4000000000001,7759.062945164065,11.0,2026-09
CRUDEOIL,LONG,2026-09-14 18:33:00,9555.0,9537.669394280243,9624.322422879028,SHA_FLIP,2026-09-14 18:35:00,9537.669394280243,STOP_LOSS,-1733.0605719756932,782.2,-2515.260571975693,2.0,2026-09
CRUDEOIL,SHORT,2026-09-14 18:41:00,9525.0,9541.669676278965,9458.32129488414,SHA_FLIP,2026-09-14 19:19:00,9541.669676278965,STOP_LOSS,-1666.9676278965198,781.0,-2447.96762789652,38.0,2026-09
SILVER,SHORT,2026-09-14 18:19:00,2285.0,2289.20768166272,2272.37695501184,SHA_FLIP,2026-09-14 19:20:00,2289.20768166272,STOP_LOSS,-126.23044988160018,207.42000000000002,-333.6504498816002,61.0,2026-09
GOLD,LONG,2026-09-14 19:17:00,121100.0,120987.60771884155,121437.17684347535,SHA_FLIP,2026-09-14 19:21:00,120987.60771884155,STOP_LOSS,-11239.22811584489,5244.0,-16483.22811584489,4.0,2026-09
CRUDEOIL,LONG,2026-09-14 19:51:00,9550.0,9537.069298090757,9601.722807636972,SHA_FLIP,2026-09-14 20:00:00,9537.069298090757,STOP_LOSS,-1293.0701909242998,782.0,-2075.0701909243,9.0,2026-09
GOLD,SHORT,2026-09-14 19:54:00,120875.0,120988.22438550797,120535.32684347608,SHA_FLIP,2026-09-14 20:00:00,120988.22438550797,STOP_LOSS,-11322.438550797233,5235.0,-16557.438550797233,6.0,2026-09
GOLD,LONG,2026-09-14 20:05:00,121019.0,120949.14769369515,121228.55691891455,SHA_FLIP,2026-09-14 20:07:00,120949.14769369515,STOP_LOSS,-6985.230630484875,5240.76,-12225.990630484876,2.0,2026-09
SILVER,SHORT,2026-09-14 19:52:00,2284.0,2287.9572395122855,2272.1282814631436,SHA_FLIP,2026-09-14 20:35:00,2287.9572395122855,STOP_LOSS,-118.71718536856406,207.40800000000002,-326.1251853685641,43.0,2026-09
GOLD,LONG,2026-09-14 20:56:00,121119.0,121062.8517892363,121287.4446322911,SHA_FLIP,2026-09-14 21:02:00,121287.4446322911,TAKE_PROFIT,16844.463229109533,5244.76,11599.703229109533,6.0,2026-09
SILVER,LONG,2026-09-14 20:54:00,2288.0,2284.869938876937,2297.3901833691893,SHA_FLIP,2026-09-14 21:09:00,2297.3901833691893,TAKE_PROFIT,281.70550107568033,207.45600000000002,74.24950107568031,15.0,2026-09
CRUDEOIL,SHORT,2026-09-14 21:04:00,9413.0,9449.3762485645,9267.495005742,SHA_FLIP,2026-09-14 21:24:00,9449.3762485645,STOP_LOSS,-3637.62485645002,776.52,-4414.144856450021,20.0,2026-09
CRUDEOIL,SHORT,2026-09-14 21:36:00,9405.0,9419.808687476354,9345.765250094584,SHA_FLIP,2026-09-14 21:51:00,9419.808687476354,STOP_LOSS,-1480.8687476353953,776.2,-2257.068747635395,15.0,2026-09
CRUDEOIL,SHORT,2026-09-14 22:06:00,9412.0,9426.173076018697,9355.307695925214,SHA_FLIP,2026-09-14 22:17:00,9355.307695925214,TAKE_PROFIT,5669.230407478608,776.48,4892.750407478608,11.0,2026-09
GOLD,LONG,2026-09-14 21:39:00,121350.0,121267.39002478191,121597.82992565427,SHA_FLIP,2026-09-14 22:17:00,121597.82992565427,TAKE_PROFIT,24782.992565426684,5254.0,19528.992565426684,38.0,2026-09
CRUDEOIL,SHORT,2026-09-14 22:56:00,9318.0,9332.998711795652,9258.005152817394,SHA_FLIP,2026-09-14 23:00:00,9332.998711795652,STOP_LOSS,-1499.8711795651616,772.72,-2272.591179565162,4.0,2026-09
CRUDEOIL,SHORT,2026-09-14 23:24:00,9307.0,9321.370346054839,9249.518615780646,SHA_FLIP,2026-09-14 23:28:00,9321.370346054839,STOP_LOSS,-1437.0346054838592,772.28,-2209.314605483859,4.0,2026-09
GOLD,SHORT,2026-09-14 23:12:00,121544.0,121598.81857100819,121379.54428697543,SHA_FLIP,2026-09-14 23:29:00,121598.81857100819,STOP_LOSS,-5481.857100818888,5261.76,-10743.617100818889,17.0,2026-09
GOLD,LONG,2026-09-14 23:29:00,121633.0,121546.14389315656,121893.5683205303,SHA_FLIP,2026-09-15 09:00:00,121600.0,SESSION_END,-3300.0,5265.320000000001,-8565.32,571.0,2026-09
SILVER,LONG,2026-09-14 21:23:00,2294.0,2289.8239304007534,2306.52820879774,SHA_FLIP,2026-09-15 09:00:00,2300.0,SESSION_END,180.0,207.528,-27.52799999999999,697.0,2026-09
SILVER,LONG,2026-09-15 09:15:00,2302.0,2297.8288896719514,2314.513330984146,SHA_FLIP,2026-09-15 09:20:00,2297.8288896719514,STOP_LOSS,-125.13330984145796,207.624,-332.757309841458,5.0,2026-09
CRUDEOIL,LONG,2026-09-15 09:42:00,9442.0,9435.419879897889,9468.320480408445,SHA_FLIP,2026-09-15 10:15:00,9468.320480408445,TAKE_PROFIT,2632.048040844529,777.6800000000001,1854.368040844529,33.0,2026-09
CRUDEOIL,LONG,2026-09-15 10:15:00,9472.0,9465.751208287873,9496.995166848508,SHA_FLIP,2026-09-15 10:25:00,9465.751208287873,STOP_LOSS,-624.8791712127058,778.88,-1403.759171212706,10.0,2026-09
SILVER,SHORT,2026-09-15 11:04:00,2288.0,2291.3461404683385,2277.9615785949845,SHA_FLIP,2026-09-15 11:10:00,2291.3461404683385,STOP_LOSS,-100.3842140501547,207.45600000000002,-307.8402140501547,6.0,2026-09
SILVER,LONG,2026-09-15 11:11:00,2293.0,2290.4434841982657,2300.669547405203,SHA_FLIP,2026-09-15 11:36:00,2290.4434841982657,STOP_LOSS,-76.69547405203048,207.516,-284.21147405203044,25.0,2026-09
CRUDEOIL,LONG,2026-09-15 11:55:00,9465.0,9453.816071149757,9509.735715400973,SHA_FLIP,2026-09-15 12:10:00,9453.816071149757,STOP_LOSS,-1118.392885024332,778.6,-1896.9928850243318,15.0,2026-09
SILVER,SHORT,2026-09-15 11:57:00,2291.0,2293.1870053070093,2284.438984078972,SHA_FLIP,2026-09-15 12:27:00,2293.1870053070093,STOP_LOSS,-65.61015921027774,207.492,-273.1021592102777,30.0,2026-09
CRUDEOIL,LONG,2026-09-15 12:24:00,9480.0,9470.087342818668,9519.650628725329,SHA_FLIP,2026-09-15 12:28:00,9470.087342818668,STOP_LOSS,-991.2657181332179,779.2,-1770.465718133218,4.0,2026-09
SILVER,LONG,2026-09-15 12:27:00,2294.0,2291.4012462213736,2301.796261335879,SHA_FLIP,2026-09-15 12:30:00,2291.4012462213736,STOP_LOSS,-77.9626133587908,207.528,-285.4906133587908,3.0,2026-09
SILVER,SHORT,2026-09-15 12:32:00,2291.0,2293.147501677995,2284.557494966015,SHA_FLIP,2026-09-15 13:11:00,2284.557494966015,TAKE_PROFIT,193.27515101955214,207.492,-14.21684898044785,39.0,2026-09
CRUDEOIL,SHORT,2026-09-15 14:34:00,9482.0,9489.580749133942,9451.677003464232,SHA_FLIP,2026-09-15 14:45:00,9489.580749133942,STOP_LOSS,-758.0749133941936,779.28,-1537.3549133941935,11.0,2026-09
CRUDEOIL,LONG,2026-09-15 14:46:00,9507.0,9497.891523558119,9543.433905767524,SHA_FLIP,2026-09-15 15:30:00,9497.891523558119,STOP_LOSS,-910.8476441881066,780.28,-1691.1276441881066,44.0,2026-09
SILVER,SHORT,2026-09-15 13:21:00,2286.0,2290.169324528397,2273.4920264148095,SHA_FLIP,2026-09-15 15:30:00,2290.169324528397,STOP_LOSS,-125.07973585190484,207.43200000000002,-332.51173585190486,129.0,2026-09
CRUDEOIL,SHORT,2026-09-15 15:51:00,9495.0,9504.495423535713,9457.01830585715,SHA_FLIP,2026-09-15 16:08:00,9457.01830585715,TAKE_PROFIT,3798.1694142850756,779.8,3018.3694142850754,17.0,2026-09
CRUDEOIL,SHORT,2026-09-15 17:04:00,9385.0,9396.572358639707,9338.710565441172,SHA_FLIP,2026-09-15 17:09:00,9396.572358639707,STOP_LOSS,-1157.235863970709,775.4000000000001,-1932.6358639707091,5.0,2026-09
CRUDEOIL,SHORT,2026-09-15 17:17:00,9385.0,9397.163942532345,9336.344229870621,SHA_FLIP,2026-09-15 17:19:00,9397.163942532345,STOP_LOSS,-1216.3942532344663,775.4000000000001,-1991.7942532344664,2.0,2026-09
CRUDEOIL,SHORT,2026-09-15 17:22:00,9390.0,9398.692793741753,9355.228825032988,SHA_FLIP,2026-09-15 17:32:00,9398.692793741753,STOP_LOSS,-869.2793741753121,775.6,-1644.879374175312,10.0,2026-09
CRUDEOIL,LONG,2026-09-15 17:32:00,9416.0,9404.670685121633,9461.317259513467,SHA_FLIP,2026-09-15 17:36:00,9404.670685121633,STOP_LOSS,-1132.9314878366858,776.6400000000001,-1909.571487836686,4.0,2026-09
GOLD,SHORT,2026-09-15 17:33:00,121100.0,121161.39214178042,120915.82357465873,SHA_FLIP,2026-09-15 17:39:00,120915.82357465873,TAKE_PROFIT,18417.642534126935,5244.0,13173.642534126935,6.0,2026-09
SILVER,LONG,2026-09-15 16:43:00,2291.0,2288.5957258448975,2298.2128224653075,SHA_FLIP,2026-09-15 17:40:00,2288.5957258448975,STOP_LOSS,-72.12822465307454,207.492,-279.6202246530745,57.0,2026-09
SILVER,LONG,2026-09-15 18:01:00,2293.0,2288.246026326698,2307.261921019906,SHA_FLIP,2026-09-15 18:24:00,2307.261921019906,TAKE_PROFIT,427.8576305971774,207.516,220.34163059717739,23.0,2026-09
SILVER,LONG,2026-09-15 18:48:00,2305.0,2301.0812712806755,2316.7561861579734,SHA_FLIP,2026-09-15 18:52:00,2301.0812712806755,STOP_LOSS,-117.56186157973389,207.66,-325.22186157973385,4.0,2026-09
GOLD,SHORT,2026-09-15 18:59:00,121185.0,121265.69533623847,120942.9139912846,SHA_FLIP,2026-09-15 19:06:00,121265.69533623847,STOP_LOSS,-8069.533623846655,5247.400000000001,-13316.933623846657,7.0,2026-09
SILVER,SHORT,2026-09-15 18:53:00,2302.0,2306.789137833592,2287.6325864992236,SHA_FLIP,2026-09-15 19:07:00,2306.789137833592,STOP_LOSS,-143.67413500776365,207.624,-351.2981350077637,14.0,2026-09
GOLD,LONG,2026-09-15 19:07:00,121299.0,121209.65551615604,121567.03345153188,SHA_FLIP,2026-09-15 19:09:00,121209.65551615604,STOP_LOSS,-8934.448384396092,5251.96,-14186.40838439609,2.0,2026-09
GOLD,SHORT,2026-09-15 19:10:00,121134.0,121222.24439437191,120869.26681688426,SHA_FLIP,2026-09-15 19:12:00,121222.24439437191,STOP_LOSS,-8824.439437191177,5245.360000000001,-14069.799437191177,2.0,2026-09
CRUDEOIL,LONG,2026-09-15 19:31:00,9482.0,9466.34727538585,9544.610898456602,SHA_FLIP,2026-09-15 20:03:00,9544.610898456602,TAKE_PROFIT,6261.089845660172,779.28,5481.809845660172,32.0,2026-09
GOLD,SHORT,2026-09-15 20:21:00,120833.0,120932.09493421491,120535.71519735527,SHA_FLIP,2026-09-15 20:22:00,120932.09493421491,STOP_LOSS,-9909.49342149106,5233.320000000001,-15142.81342149106,1.0,2026-09
SILVER,SHORT,2026-09-15 20:52:00,2292.0,2294.8884047130286,2283.334785860914,SHA_FLIP,2026-09-15 21:01:00,2294.8884047130286,STOP_LOSS,-86.65214139085947,207.504,-294.1561413908595,9.0,2026-09
GOLD,LONG,2026-09-15 21:08:00,121109.0,121062.56223552926,121248.31329341223,SHA_FLIP,2026-09-15 21:25:00,121248.31329341223,TAKE_PROFIT,13931.32934122259,5244.360000000001,8686.96934122259,17.0,2026-09
GOLD,LONG,2026-09-15 21:37:00,121130.0,121125.66147425227,121143.0155772432,SHA_FLIP,2026-09-15 21:38:00,121143.0155772432,TAKE_PROFIT,1301.5577243204461,5245.2,-3943.6422756795537,1.0,2026-09
SILVER,LONG,2026-09-15 21:02:00,2295.0,2292.570236746135,2302.2892897615952,SHA_FLIP,2026-09-15 21:43:00,2292.570236746135,STOP_LOSS,-72.89289761595228,207.54,-280.43289761595224,41.0,2026-09
GOLD,SHORT,2026-09-15 21:42:00,121100.0,121142.627923762,120972.11622871399,SHA_FLIP,2026-09-15 21:51:00,121142.627923762,STOP_LOSS,-4262.7923762003775,5244.0,-9506.792376200377,9.0,2026-09
GOLD,LONG,2026-09-15 21:51:00,121268.0,121199.13798562594,121474.58604312217,SHA_FLIP,2026-09-15 21:57:00,121199.13798562594,STOP_LOSS,-6886.201437405543,5250.72,-12136.921437405545,6.0,2026-09
CRUDEOIL,LONG,2026-09-15 20:21:00,9558.0,9531.728000870942,9663.087996516231,SHA_FLIP,2026-09-15 22:09:00,9663.087996516231,TAKE_PROFIT,10508.799651623121,782.3199999999999,9726.479651623122,108.0,2026-09
GOLD,LONG,2026-09-15 22:16:00,121215.0,121164.5820151336,121366.25395459922,SHA_FLIP,2026-09-15 22:21:00,121164.5820151336,STOP_LOSS,-5041.798486640619,5248.6,-10290.398486640619,5.0,2026-09
SILVER,LONG,2026-09-15 21:52:00,2297.0,2294.0177402078475,2305.9467793764575,SHA_FLIP,2026-09-15 22:34:00,2294.0177402078475,STOP_LOSS,-89.46779376457471,207.564,-297.0317937645747,42.0,2026-09
GOLD,SHORT,2026-09-15 22:22:00,121190.0,121243.88165839144,121028.35502482567,SHA_FLIP,2026-09-15 22:43:00,121243.88165839144,STOP_LOSS,-5388.165839144494,5247.6,-10635.765839144495,21.0,2026-09
GOLD,SHORT,2026-09-15 22:53:00,121170.0,121227.4942655202,120997.51720343939,SHA_FLIP,2026-09-15 23:07:00,121227.4942655202,STOP_LOSS,-5749.426552020304,5246.8,-10996.226552020304,14.0,2026-09
CRUDEOIL,LONG,2026-09-15 23:21:00,9750.0,9736.557536418912,9803.769854324353,SHA_FLIP,2026-09-15 23:26:00,9736.557536418912,STOP_LOSS,-1344.2463581088305,790.0,-2134.2463581088305,5.0,2026-09
SILVER,SHORT,2026-09-15 22:47:00,2295.0,2297.117520513487,2288.6474384595394,SHA_FLIP,2026-09-16 09:00:00,2321.0,SESSION_END,-780.0,207.54,-987.54,613.0,2026-09
CRUDEOIL,LONG,2026-09-16 10:09:00,9563.0,9557.100417934193,9586.59832826323,SHA_FLIP,2026-09-16 10:12:00,9557.100417934193,STOP_LOSS,-589.9582065807408,782.52,-1372.4782065807408,3.0,2026-09
SILVER,LONG,2026-09-16 10:31:00,2320.0,2318.1983864967783,2325.404840509665,SHA_FLIP,2026-09-16 10:33:00,2318.1983864967783,STOP_LOSS,-54.04840509665064,207.84,-261.8884050966507,2.0,2026-09
SILVER,SHORT,2026-09-16 10:33:00,2318.0,2319.9754341424195,2312.0736975727414,SHA_FLIP,2026-09-16 10:35:00,2319.9754341424195,STOP_LOSS,-59.263024272586335,207.816,-267.07902427258637,2.0,2026-09
CRUDEOIL,LONG,2026-09-16 10:32:00,9583.0,9576.079883907616,9610.680464369536,SHA_FLIP,2026-09-16 10:43:00,9576.079883907616,STOP_LOSS,-692.0116092383978,783.3199999999999,-1475.3316092383977,11.0,2026-09
CRUDEOIL,LONG,2026-09-16 10:53:00,9579.0,9574.539546423106,9596.841814307576,SHA_FLIP,2026-09-16 11:02:00,9574.539546423106,STOP_LOSS,-446.0453576893997,783.1600000000001,-1229.2053576893998,9.0,2026-09
CRUDEOIL,SHORT,2026-09-16 11:03:00,9570.0,9572.674232147923,9559.303071408307,SHA_FLIP,2026-09-16 11:09:00,9572.674232147923,STOP_LOSS,-267.42321479232487,782.8,-1050.2232147923248,6.0,2026-09
CRUDEOIL,LONG,2026-09-16 11:19:00,9583.0,9575.385380461183,9613.45847815527,SHA_FLIP,2026-09-16 11:20:00,9575.385380461183,STOP_LOSS,-761.4619538817351,783.3199999999999,-1544.781953881735,1.0,2026-09
CRUDEOIL,LONG,2026-09-16 11:59:00,9581.0,9573.887636513848,9609.44945394461,SHA_FLIP,2026-09-16 12:08:00,9573.887636513848,STOP_LOSS,-711.236348615239,783.24,-1494.476348615239,9.0,2026-09
CRUDEOIL,SHORT,2026-09-16 12:09:00,9565.0,9575.903925750807,9521.384296996774,SHA_FLIP,2026-09-16 12:29:00,9521.384296996774,TAKE_PROFIT,4361.570300322637,782.6,3578.9703003226373,20.0,2026-09
CRUDEOIL,LONG,2026-09-16 14:05:00,9580.0,9566.433398151157,9634.266407395371,SHA_FLIP,2026-09-16 14:15:00,9566.433398151157,STOP_LOSS,-1356.6601848842765,783.2,-2139.8601848842764,10.0,2026-09
CRUDEOIL,LONG,2026-09-16 14:34:00,9587.0,9578.666975973645,9620.33209610542,SHA_FLIP,2026-09-16 14:57:00,9578.666975973645,STOP_LOSS,-833.3024026354906,783.48,-1616.7824026354906,23.0,2026-09
CRUDEOIL,SHORT,2026-09-16 14:57:00,9557.0,9573.351464904577,9491.59414038169,SHA_FLIP,2026-09-16 14:58:00,9573.351464904577,STOP_LOSS,-1635.146490457737,782.28,-2417.4264904577367,1.0,2026-09
CRUDEOIL,SHORT,2026-09-16 16:02:00,9513.0,9523.686688151198,9470.253247395209,SHA_FLIP,2026-09-16 16:03:00,9523.686688151198,STOP_LOSS,-1068.6688151197814,780.52,-1849.1888151197813,1.0,2026-09
CRUDEOIL,SHORT,2026-09-16 16:11:00,9510.0,9518.591102725522,9475.63558909791,SHA_FLIP,2026-09-16 16:30:00,9475.63558909791,TAKE_PROFIT,3436.441090208973,780.4000000000001,2656.041090208973,19.0,2026-09
CRUDEOIL,SHORT,2026-09-16 17:25:00,9466.0,9475.85663383623,9426.573464655077,SHA_FLIP,2026-09-16 17:38:00,9475.85663383623,STOP_LOSS,-985.6633836230685,778.6400000000001,-1764.3033836230686,13.0,2026-09
GOLD,SHORT,2026-09-16 17:43:00,122271.0,122326.9060143472,122103.2819569584,SHA_FLIP,2026-09-16 18:00:00,122103.2819569584,TAKE_PROFIT,16771.80430416047,5290.84,11480.964304160469,17.0,2026-09
GOLD,LONG,2026-09-16 18:08:00,122250.0,122182.23029172274,122453.3091248318,SHA_FLIP,2026-09-16 18:18:00,122453.3091248318,TAKE_PROFIT,20330.912483179418,5290.0,15040.912483179418,10.0,2026-09
CRUDEOIL,LONG,2026-09-16 17:38:00,9479.0,9468.65994338124,9520.360226475037,SHA_FLIP,2026-09-16 18:28:00,9520.360226475037,TAKE_PROFIT,4136.022647503705,779.1600000000001,3356.8626475037054,50.0,2026-09
GOLD,LONG,2026-09-16 18:30:00,122408.0,122344.3061846934,122599.0814459198,SHA_FLIP,2026-09-16 18:35:00,122344.3061846934,STOP_LOSS,-6369.38153066003,5296.320000000001,-11665.70153066003,5.0,2026-09
GOLD,LONG,2026-09-16 18:42:00,122455.0,122390.87927407908,122647.36217776276,SHA_FLIP,2026-09-16 18:46:00,122647.36217776276,TAKE_PROFIT,19236.21777627559,5298.2,13938.017776275588,4.0,2026-09
CRUDEOIL,LONG,2026-09-16 18:52:00,9509.0,9493.166954809332,9572.33218076267,SHA_FLIP,2026-09-16 19:04:00,9493.166954809332,STOP_LOSS,-1583.304519066769,780.36,-2363.664519066769,12.0,2026-09
SILVER,LONG,2026-09-16 10:48:00,2320.0,2316.8716603824346,2329.3850188526962,SHA_FLIP,2026-09-16 19:22:00,2316.8716603824346,STOP_LOSS,-93.85018852696248,207.84,-301.6901885269625,514.0,2026-09
CRUDEOIL,SHORT,2026-09-16 19:04:00,9489.0,9498.108349231537,9452.56660307385,SHA_FLIP,2026-09-16 19:23:00,9452.56660307385,TAKE_PROFIT,3643.3396926149726,779.56,2863.7796926149726,19.0,2026-09
CRUDEOIL,LONG,2026-09-16 19:34:00,9500.0,9484.24685570676,9563.012577172958,SHA_FLIP,2026-09-16 19:36:00,9484.24685570676,STOP_LOSS,-1575.314429323953,780.0,-2355.314429323953,2.0,2026-09
GOLD,SHORT,2026-09-16 19:50:00,122066.0,122157.28686052929,121792.13941841213,SHA_FLIP,2026-09-16 19:58:00,122157.28686052929,STOP_LOSS,-9128.68605292897,5282.64,-14411.32605292897,8.0,2026-09
CRUDEOIL,SHORT,2026-09-16 19:46:00,9456.0,9469.419861745022,9402.320553019912,SHA_FLIP,2026-09-16 20:02:00,9469.419861745022,STOP_LOSS,-1341.986174502199,778.24,-2120.226174502199,16.0,2026-09
CRUDEOIL,SHORT,2026-09-16 20:05:00,9452.0,9465.176308840213,9399.294764639148,SHA_FLIP,2026-09-16 20:28:00,9399.294764639148,TAKE_PROFIT,5270.523536085238,778.08,4492.4435360852385,23.0,2026-09
GOLD,LONG,2026-09-16 20:38:00,122507.0,122421.99805929449,122762.00582211652,SHA_FLIP,2026-09-16 20:41:00,122421.99805929449,STOP_LOSS,-8500.194070550788,5300.280000000001,-13800.474070550788,3.0,2026-09
GOLD,LONG,2026-09-16 21:07:00,122431.0,122367.85830757832,122620.42507726503,SHA_FLIP,2026-09-16 21:12:00,122367.85830757832,STOP_LOSS,-6314.169242167554,5297.24,-11611.409242167554,5.0,2026-09
GOLD,SHORT,2026-09-16 21:14:00,122340.0,122398.21861236078,122165.34416291765,SHA_FLIP,2026-09-16 21:17:00,122398.21861236078,STOP_LOSS,-5821.861236078257,5293.6,-11115.461236078258,3.0,2026-09
GOLD,LONG,2026-09-16 21:17:00,122400.0,122312.81295070915,122661.56114787255,SHA_FLIP,2026-09-16 21:33:00,122312.81295070915,STOP_LOSS,-8718.704929084925,5296.0,-14014.704929084925,16.0,2026-09
CRUDEOIL,LONG,2026-09-16 21:33:00,9368.0,9346.282955523431,9454.868177906275,SHA_FLIP,2026-09-16 21:34:00,9346.282955523431,STOP_LOSS,-2171.7044476568844,774.72,-2946.4244476568847,1.0,2026-09
GOLD,SHORT,2026-09-16 21:34:00,122269.0,122320.4145113826,122114.75646585222,SHA_FLIP,2026-09-16 21:39:00,122320.4145113826,STOP_LOSS,-5141.4511382594355,5290.76,-10432.211138259436,5.0,2026-09
GOLD,SHORT,2026-09-16 21:52:00,122300.0,122328.68063460654,122213.95809618037,SHA_FLIP,2026-09-16 21:56:00,122328.68063460654,STOP_LOSS,-2868.06346065423,5292.0,-8160.06346065423,4.0,2026-09
CRUDEOIL,LONG,2026-09-16 22:25:00,9383.0,9373.964063580921,9419.143745676316,SHA_FLIP,2026-09-16 22:30:00,9373.964063580921,STOP_LOSS,-903.5936419079007,775.3199999999999,-1678.9136419079007,5.0,2026-09
CRUDEOIL,SHORT,2026-09-16 22:41:00,9366.0,9374.694914519947,9331.220341920212,SHA_FLIP,2026-09-16 22:45:00,9374.694914519947,STOP_LOSS,-869.4914519946906,774.6400000000001,-1644.1314519946907,4.0,2026-09
GOLD,LONG,2026-09-16 23:20:00,122350.0,122293.05123788338,122520.84628634986,SHA_FLIP,2026-09-16 23:28:00,122520.84628634986,TAKE_PROFIT,17084.62863498571,5294.0,11790.628634985711,8.0,2026-09
SILVER,LONG,2026-09-16 20:06:00,2314.0,2309.806714976994,2326.579855069018,SHA_FLIP,2026-09-17 09:00:00,2297.0,SESSION_END,-510.0,207.768,-717.768,774.0,2026-09
CRUDEOIL,LONG,2026-09-17 09:57:00,9375.0,9369.605628412475,9396.5774863501,SHA_FLIP,2026-09-17 10:00:00,9369.605628412475,STOP_LOSS,-539.4371587524802,775.0,-1314.4371587524802,3.0,2026-09
CRUDEOIL,SHORT,2026-09-17 10:03:00,9360.0,9365.344773647452,9338.620905410193,SHA_FLIP,2026-09-17 10:06:00,9365.344773647452,STOP_LOSS,-534.4773647451802,774.4000000000001,-1308.8773647451803,3.0,2026-09
CRUDEOIL,SHORT,2026-09-17 10:13:00,9353.0,9360.469983837456,9323.120064650175,SHA_FLIP,2026-09-17 11:04:00,9323.120064650175,TAKE_PROFIT,2987.9935349825246,774.12,2213.8735349825247,51.0,2026-09
CRUDEOIL,SHORT,2026-09-17 12:20:00,9234.0,9252.694262286606,9159.222950853575,SHA_FLIP,2026-09-17 12:34:00,9252.694262286606,STOP_LOSS,-1869.4262286606318,769.36,-2638.786228660632,14.0,2026-09
CRUDEOIL,SHORT,2026-09-17 12:39:00,9213.0,9230.344864003126,9143.620543987498,SHA_FLIP,2026-09-17 12:43:00,9230.344864003126,STOP_LOSS,-1734.4864003125622,768.52,-2503.006400312562,4.0,2026-09
SILVER,SHORT,2026-09-17 09:30:00,2304.0,2307.1577336975215,2294.5267989074355,SHA_FLIP,2026-09-17 12:47:00,2307.1577336975215,STOP_LOSS,-94.73201092564523,207.648,-302.38001092564525,197.0,2026-09
CRUDEOIL,LONG,2026-09-17 12:47:00,9240.0,9225.641912720752,9297.432349116993,SHA_FLIP,2026-09-17 12:57:00,9225.641912720752,STOP_LOSS,-1435.8087279248139,769.6,-2205.408727924814,10.0,2026-09
CRUDEOIL,SHORT,2026-09-17 12:57:00,9224.0,9235.994344919696,9176.022620321215,SHA_FLIP,2026-09-17 13:02:00,9235.994344919696,STOP_LOSS,-1199.4344919696232,768.96,-1968.3944919696232,5.0,2026-09
CRUDEOIL,LONG,2026-09-17 13:04:00,9249.0,9237.607311093714,9294.570755625144,SHA_FLIP,2026-09-17 13:10:00,9237.607311093714,STOP_LOSS,-1139.2688906285912,769.96,-1909.2288906285912,6.0,2026-09
SILVER,SHORT,2026-09-17 14:30:00,2307.0,2308.070267940201,2303.7891961793966,SHA_FLIP,2026-09-17 14:31:00,2308.070267940201,STOP_LOSS,-32.1080382060336,207.684,-239.7920382060336,1.0,2026-09
SILVER,LONG,2026-09-17 14:31:00,2308.0,2305.912434451826,2314.2626966445223,SHA_FLIP,2026-09-17 15:00:00,2305.912434451826,STOP_LOSS,-62.62696644522293,207.696,-270.32296644522296,29.0,2026-09
SILVER,SHORT,2026-09-17 15:32:00,2307.0,2308.841583809676,2301.4752485709714,SHA_FLIP,2026-09-17 15:41:00,2308.841583809676,STOP_LOSS,-55.247514290285835,207.684,-262.9315142902858,9.0,2026-09
SILVER,LONG,2026-09-17 15:42:00,2309.0,2306.1353358658093,2317.593992402572,SHA_FLIP,2026-09-17 15:47:00,2306.1353358658093,STOP_LOSS,-85.93992402571985,207.708,-293.6479240257198,5.0,2026-09
CRUDEOIL,SHORT,2026-09-17 15:55:00,9226.0,9247.597123344618,9139.611506621528,SHA_FLIP,2026-09-17 16:02:00,9247.597123344618,STOP_LOSS,-2159.712334461801,769.04,-2928.752334461801,7.0,2026-09
CRUDEOIL,LONG,2026-09-17 16:04:00,9250.0,9235.131839963176,9309.472640147294,SHA_FLIP,2026-09-17 16:05:00,9235.131839963176,STOP_LOSS,-1486.816003682361,770.0,-2256.816003682361,1.0,2026-09
SILVER,LONG,2026-09-17 16:07:00,2310.0,2308.1513693473626,2315.5458919579123,SHA_FLIP,2026-09-17 16:10:00,2308.1513693473626,STOP_LOSS,-55.458919579123176,207.72,-263.1789195791232,3.0,2026-09
CRUDEOIL,SHORT,2026-09-17 16:08:00,9235.0,9250.394242346898,9173.423030612408,SHA_FLIP,2026-09-17 17:28:00,9173.423030612408,TAKE_PROFIT,6157.696938759182,769.4000000000001,5388.296938759182,80.0,2026-09
SILVER,LONG,2026-09-17 16:21:00,2312.0,2309.2792009583823,2320.162397124853,SHA_FLIP,2026-09-17 17:28:00,2320.162397124853,TAKE_PROFIT,244.87191374559643,207.744,37.12791374559643,67.0,2026-09
GOLD,LONG,2026-09-17 18:20:00,122999.0,122903.06330601979,123286.81008194064,SHA_FLIP,2026-09-17 18:30:00,122903.06330601979,STOP_LOSS,-9593.669398021302,5319.96,-14913.629398021301,10.0,2026-09
GOLD,LONG,2026-09-17 18:46:00,123067.0,122969.24395053889,123360.26814838333,SHA_FLIP,2026-09-17 18:54:00,122969.24395053889,STOP_LOSS,-9775.60494611098,5322.68,-15098.28494611098,8.0,2026-09
GOLD,LONG,2026-09-17 19:03:00,123005.0,122928.75825573776,123233.72523278672,SHA_FLIP,2026-09-17 19:08:00,122928.75825573776,STOP_LOSS,-7624.174426223908,5320.2,-12944.374426223909,5.0,2026-09
CRUDEOIL,LONG,2026-09-17 18:35:00,9149.0,9127.760546166464,9233.957815334143,SHA_FLIP,2026-09-17 19:12:00,9233.957815334143,TAKE_PROFIT,8495.781533414265,765.96,7729.821533414265,37.0,2026-09
GOLD,SHORT,2026-09-17 19:08:00,122926.0,122997.63215269447,122711.1035419166,SHA_FLIP,2026-09-17 19:17:00,122997.63215269447,STOP_LOSS,-7163.215269446664,5317.04,-12480.255269446665,9.0,2026-09
GOLD,LONG,2026-09-17 19:19:00,123034.0,122944.48432609536,123302.54702171391,SHA_FLIP,2026-09-17 19:32:00,122944.48432609536,STOP_LOSS,-8951.567390463606,5321.360000000001,-14272.927390463607,13.0,2026-09
CRUDEOIL,SHORT,2026-09-17 19:34:00,9172.0,9189.130743473552,9103.477026105793,SHA_FLIP,2026-09-17 19:48:00,9189.130743473552,STOP_LOSS,-1713.0743473551775,766.88,-2479.9543473551776,14.0,2026-09
GOLD,LONG,2026-09-17 19:56:00,123100.0,123026.23857172244,123321.28428483268,SHA_FLIP,2026-09-17 19:57:00,123026.23857172244,STOP_LOSS,-7376.142827756121,5324.0,-12700.14282775612,1.0,2026-09
GOLD,SHORT,2026-09-17 20:01:00,122968.0,123047.01763554168,122730.94709337497,SHA_FLIP,2026-09-17 20:04:00,123047.01763554168,STOP_LOSS,-7901.763554167701,5318.72,-13220.483554167702,3.0,2026-09
GOLD,LONG,2026-09-17 20:06:00,123076.0,123000.8550045061,123301.4349864817,SHA_FLIP,2026-09-17 20:08:00,123000.8550045061,STOP_LOSS,-7514.499549390166,5323.04,-12837.539549390167,2.0,2026-09
CRUDEOIL,LONG,2026-09-17 22:55:00,9340.0,9327.292284467432,9390.830862130271,SHA_FLIP,2026-09-17 23:00:00,9327.292284467432,STOP_LOSS,-1270.7715532567818,773.6,-2044.3715532567817,5.0,2026-09
CRUDEOIL,LONG,2026-09-17 23:21:00,9342.0,9331.260072650584,9384.959709397663,SHA_FLIP,2026-09-17 23:27:00,9331.260072650584,STOP_LOSS,-1073.9927349415666,773.6800000000001,-1847.6727349415667,6.0,2026-09
SILVER,LONG,2026-09-17 18:21:00,2340.0,2333.806681468151,2358.579955595547,SHA_FLIP,2026-09-18 09:00:00,2351.0,SESSION_END,330.0,208.08,121.91999999999999,879.0,2026-09
GOLD,SHORT,2026-09-17 20:09:00,123009.0,123081.68460891854,122790.94617324437,SHA_FLIP,2026-09-18 09:00:00,122641.0,SESSION_END,36800.0,5320.360000000001,31479.64,771.0,2026-09
CRUDEOIL,SHORT,2026-09-18 09:40:00,9244.0,9250.465077796038,9218.139688815849,SHA_FLIP,2026-09-18 09:47:00,9250.465077796038,STOP_LOSS,-646.5077796037804,769.76,-1416.2677796037804,7.0,2026-09
CRUDEOIL,LONG,2026-09-18 09:49:00,9252.0,9245.036538190792,9279.853847236831,SHA_FLIP,2026-09-18 10:02:00,9245.036538190792,STOP_LOSS,-696.3461809207729,770.08,-1466.4261809207728,13.0,2026-09
CRUDEOIL,SHORT,2026-09-18 10:45:00,9232.0,9238.95231573839,9204.19073704644,SHA_FLIP,2026-09-18 11:09:00,9204.19073704644,TAKE_PROFIT,2780.926295356039,769.28,2011.6462953560392,24.0,2026-09
CRUDEOIL,SHORT,2026-09-18 11:25:00,9220.0,9232.662121874837,9169.351512500652,SHA_FLIP,2026-09-18 11:32:00,9232.662121874837,STOP_LOSS,-1266.2121874836885,768.8,-2035.0121874836884,7.0,2026-09
CRUDEOIL,SHORT,2026-09-18 11:37:00,9219.0,9230.635573246516,9172.457707013935,SHA_FLIP,2026-09-18 11:45:00,9230.635573246516,STOP_LOSS,-1163.5573246516287,768.76,-1932.3173246516287,8.0,2026-09
CRUDEOIL,LONG,2026-09-18 11:46:00,9235.0,9222.990836128296,9283.036655486816,SHA_FLIP,2026-09-18 11:47:00,9222.990836128296,STOP_LOSS,-1200.9163871704004,769.4000000000001,-1970.3163871704005,1.0,2026-09
CRUDEOIL,SHORT,2026-09-18 11:49:00,9218.0,9230.737520896631,9167.049916413474,SHA_FLIP,2026-09-18 12:00:00,9167.049916413474,TAKE_PROFIT,5095.008358652558,768.72,4326.288358652558,11.0,2026-09
SILVER,LONG,2026-09-18 10:29:00,2365.0,2361.278214545231,2376.1653563643067,SHA_FLIP,2026-09-18 12:05:00,2376.1653563643067,TAKE_PROFIT,334.9606909292015,208.38,126.58069092920152,96.0,2026-09
SILVER,LONG,2026-09-18 12:29:00,2376.0,2373.834757843835,2382.4957264684945,SHA_FLIP,2026-09-18 12:59:00,2382.4957264684945,TAKE_PROFIT,194.87179405483403,208.512,-13.640205945165974,30.0,2026-09
SILVER,LONG,2026-09-18 13:13:00,2383.0,2379.8516086720592,2392.4451739838223,SHA_FLIP,2026-09-18 14:02:00,2379.8516086720592,STOP_LOSS,-94.45173983822315,208.596,-303.04773983822315,49.0,2026-09
CRUDEOIL,LONG,2026-09-18 13:54:00,9165.0,9152.863181731987,9213.54727307205,SHA_FLIP,2026-09-18 14:36:00,9152.863181731987,STOP_LOSS,-1213.6818268012576,766.6,-1980.2818268012575,42.0,2026-09
CRUDEOIL,LONG,2026-09-18 15:42:00,9249.0,9236.52447342006,9298.902106319758,SHA_FLIP,2026-09-18 15:45:00,9236.52447342006,STOP_LOSS,-1247.552657993947,769.96,-2017.512657993947,3.0,2026-09
SILVER,SHORT,2026-09-18 16:09:00,2378.0,2380.106047093223,2371.681858720331,SHA_FLIP,2026-09-18 16:32:00,2380.106047093223,STOP_LOSS,-63.181412796689074,208.536,-271.7174127966891,23.0,2026-09
SILVER,LONG,2026-09-18 16:57:00,2380.0,2377.84917662053,2386.4524701384094,SHA_FLIP,2026-09-18 17:03:00,2377.84917662053,STOP_LOSS,-64.52470138409353,208.56,-273.08470138409353,6.0,2026-09
GOLD,SHORT,2026-09-18 17:41:00,123571.0,123657.88998257744,123310.33005226767,SHA_FLIP,2026-09-18 17:43:00,123657.88998257744,STOP_LOSS,-8688.998257744242,5342.84,-14031.838257744243,2.0,2026-09
CRUDEOIL,LONG,2026-09-18 16:36:00,9218.0,9189.388194836763,9332.447220652946,SHA_FLIP,2026-09-18 18:31:00,9332.447220652946,TAKE_PROFIT,11444.722065294627,768.72,10676.002065294628,115.0,2026-09
GOLD,LONG,2026-09-18 18:31:00,123595.0,123527.2463052893,123798.2610841321,SHA_FLIP,2026-09-18 18:32:00,123527.2463052893,STOP_LOSS,-6775.369471070007,5343.8,-12119.169471070007,1.0,2026-09
GOLD,SHORT,2026-09-18 18:33:00,123433.0,123522.46388624937,123164.60834125188,SHA_FLIP,2026-09-18 18:35:00,123522.46388624937,STOP_LOSS,-8946.38862493739,5337.320000000001,-14283.70862493739,2.0,2026-09
SILVER,SHORT,2026-09-18 18:17:00,2368.0,2371.187313084054,2358.438060747838,SHA_FLIP,2026-09-18 18:38:00,2371.187313084054,STOP_LOSS,-95.6193925216212,208.416,-304.0353925216212,21.0,2026-09
SILVER,LONG,2026-09-18 18:38:00,2372.0,2368.0242587601424,2383.927223719573,SHA_FLIP,2026-09-18 18:52:00,2368.0242587601424,STOP_LOSS,-119.27223719572794,208.464,-327.73623719572794,14.0,2026-09
GOLD,LONG,2026-09-18 18:36:00,123567.0,123473.96143464003,123846.1156960799,SHA_FLIP,2026-09-18 18:54:00,123473.96143464003,STOP_LOSS,-9303.856535996601,5342.68,-14646.536535996602,18.0,2026-09
GOLD,SHORT,2026-09-18 19:21:00,123382.0,123449.31900645746,123180.04298062762,SHA_FLIP,2026-09-18 19:50:00,123180.04298062762,TAKE_PROFIT,20195.701937237754,5335.280000000001,14860.421937237754,29.0,2026-09
CRUDEOIL,LONG,2026-09-18 19:45:00,9404.0,9388.041539148064,9467.833843407745,SHA_FLIP,2026-09-18 20:04:00,9388.041539148064,STOP_LOSS,-1595.8460851936252,776.1600000000001,-2372.006085193625,19.0,2026-09
GOLD,LONG,2026-09-18 21:17:00,123323.0,123274.2382415476,123469.2852753572,SHA_FLIP,2026-09-18 21:23:00,123274.2382415476,STOP_LOSS,-4876.175845239777,5332.92,-10209.095845239777,6.0,2026-09
GOLD,SHORT,2026-09-18 21:24:00,123213.0,123256.71671756495,123081.84984730514,SHA_FLIP,2026-09-18 21:25:00,123256.71671756495,STOP_LOSS,-4371.671756495198,5328.52,-9700.191756495198,1.0,2026-09
GOLD,LONG,2026-09-18 21:29:00,123307.0,123268.80513025205,123421.58460924386,SHA_FLIP,2026-09-18 21:40:00,123421.58460924386,TAKE_PROFIT,11458.460924385872,5332.280000000001,6126.180924385872,11.0,2026-09
CRUDEOIL,SHORT,2026-09-18 21:12:00,9327.0,9342.378981442116,9265.484074231535,SHA_FLIP,2026-09-18 21:58:00,9265.484074231535,TAKE_PROFIT,6151.592576846451,773.08,5378.512576846451,46.0,2026-09
SILVER,SHORT,2026-09-18 18:54:00,2367.0,2371.834557499159,2352.496327502523,SHA_FLIP,2026-09-18 22:00:00,2371.834557499159,STOP_LOSS,-145.03672497477055,208.404,-353.44072497477055,186.0,2026-09
GOLD,LONG,2026-09-18 22:29:00,123732.0,123685.97850275421,123870.06449173737,SHA_FLIP,2026-09-18 22:32:00,123685.97850275421,STOP_LOSS,-4602.149724579067,5349.280000000001,-9951.429724579068,3.0,2026-09
CRUDEOIL,SHORT,2026-09-18 22:35:00,9221.0,9233.88925632197,9169.442974712118,SHA_FLIP,2026-09-18 23:14:00,9233.88925632197,STOP_LOSS,-1288.9256321970606,768.84,-2057.7656321970608,39.0,2026-09
CRUDEOIL,SHORT,2026-09-18 23:27:00,9212.0,9224.435389486729,9162.258442053084,SHA_FLIP,2026-09-18 23:29:00,9224.435389486729,STOP_LOSS,-1243.5389486729036,768.48,-2012.0189486729037,2.0,2026-09
GOLD,LONG,2026-09-18 23:04:00,123844.0,123790.06738604212,124005.79784187363,SHA_FLIP,2026-09-21 09:00:00,123500.0,SESSION_END,-34400.0,5353.76,-39753.76,3476.0,2026-09
SILVER,LONG,2026-09-18 22:38:00,2370.0,2367.897146823299,2376.308559530103,SHA_FLIP,2026-09-21 09:00:00,2366.0,SESSION_END,-120.0,208.44,-328.44,3502.0,2026-09
CRUDEOIL,SHORT,2026-09-21 09:47:00,9008.0,9020.688992586733,8957.24402965307,SHA_FLIP,2026-09-21 10:03:00,9020.688992586733,STOP_LOSS,-1268.8992586732638,760.3199999999999,-2029.2192586732638,16.0,2026-09
CRUDEOIL,LONG,2026-09-21 10:23:00,9030.0,9023.555525583966,9055.777897664135,SHA_FLIP,2026-09-21 10:24:00,9023.555525583966,STOP_LOSS,-644.44744160337,761.2,-1405.64744160337,1.0,2026-09
CRUDEOIL,LONG,2026-09-21 11:02:00,9061.0,9051.513124041578,9098.94750383369,SHA_FLIP,2026-09-21 11:05:00,9051.513124041578,STOP_LOSS,-948.6875958422388,762.44,-1711.1275958422389,3.0,2026-09
CRUDEOIL,LONG,2026-09-21 11:14:00,9062.0,9051.10094891997,9105.596204320122,SHA_FLIP,2026-09-21 11:44:00,9051.10094891997,STOP_LOSS,-1089.9051080030404,762.48,-1852.3851080030404,30.0,2026-09
SILVER,SHORT,2026-09-21 09:16:00,2368.0,2373.231509777596,2352.3054706672124,SHA_FLIP,2026-09-21 12:43:00,2352.3054706672124,TAKE_PROFIT,470.83587998362873,208.416,262.41987998362873,207.0,2026-09
CRUDEOIL,SHORT,2026-09-21 12:34:00,9025.0,9035.700233374544,8982.199066501824,SHA_FLIP,2026-09-21 12:51:00,9035.700233374544,STOP_LOSS,-1070.023337454404,761.0,-1831.023337454404,17.0,2026-09
CRUDEOIL,SHORT,2026-09-21 12:53:00,9017.0,9026.805951532164,8977.776193871345,SHA_FLIP,2026-09-21 13:08:00,9026.805951532164,STOP_LOSS,-980.5951532163817,760.6800000000001,-1741.2751532163818,15.0,2026-09
CRUDEOIL,SHORT,2026-09-21 13:11:00,9010.0,9021.62222887641,8963.511084494363,SHA_FLIP,2026-09-21 13:15:00,9021.62222887641,STOP_LOSS,-1162.222887640928,760.4000000000001,-1922.6228876409282,4.0,2026-09
SILVER,SHORT,2026-09-21 13:10:00,2354.0,2356.1115767036827,2347.665269888952,SHA_FLIP,2026-09-21 13:23:00,2356.1115767036827,STOP_LOSS,-63.34730111047975,208.248,-271.59530111047974,13.0,2026-09
CRUDEOIL,LONG,2026-09-21 13:16:00,9046.0,9032.481369249437,9100.074523002251,SHA_FLIP,2026-09-21 13:25:00,9032.481369249437,STOP_LOSS,-1351.8630750562806,761.84,-2113.703075056281,9.0,2026-09
CRUDEOIL,LONG,2026-09-21 13:29:00,9043.0,9027.714210709422,9104.14315716231,SHA_FLIP,2026-09-21 13:42:00,9027.714210709422,STOP_LOSS,-1528.5789290577668,761.72,-2290.298929057767,13.0,2026-09
CRUDEOIL,SHORT,2026-09-21 13:43:00,9030.0,9041.426381601517,8984.29447359393,SHA_FLIP,2026-09-21 13:55:00,8984.29447359393,TAKE_PROFIT,4570.552640606911,761.2,3809.3526406069113,12.0,2026-09
CRUDEOIL,LONG,2026-09-21 14:50:00,9060.0,9048.253204430393,9106.987182278426,SHA_FLIP,2026-09-21 14:57:00,9048.253204430393,STOP_LOSS,-1174.6795569606547,762.4000000000001,-1937.0795569606548,7.0,2026-09
SILVER,SHORT,2026-09-21 14:56:00,2360.0,2361.968568848822,2354.0942934535337,SHA_FLIP,2026-09-21 15:06:00,2361.968568848822,STOP_LOSS,-59.05706546466263,208.32,-267.3770654646626,10.0,2026-09
CRUDEOIL,SHORT,2026-09-21 16:21:00,8918.0,8931.793498215557,8862.826007137774,SHA_FLIP,2026-09-21 16:23:00,8931.793498215557,STOP_LOSS,-1379.349821555661,756.72,-2136.0698215556613,2.0,2026-09
CRUDEOIL,LONG,2026-09-21 16:59:00,8975.0,8964.044579969022,9018.82168012391,SHA_FLIP,2026-09-21 17:10:00,8964.044579969022,STOP_LOSS,-1095.542003097762,759.0,-1854.542003097762,11.0,2026-09
SILVER,LONG,2026-09-21 16:47:00,2360.0,2356.97898025061,2369.0630592481693,SHA_FLIP,2026-09-21 17:20:00,2369.0630592481693,TAKE_PROFIT,271.89177744508015,208.32,63.57177744508016,33.0,2026-09
CRUDEOIL,SHORT,2026-09-21 17:11:00,8963.0,8980.069314371227,8894.722742515092,SHA_FLIP,2026-09-21 17:32:00,8980.069314371227,STOP_LOSS,-1706.9314371226938,758.52,-2465.4514371226937,21.0,2026-09
GOLD,LONG,2026-09-21 17:35:00,123797.0,123704.33737955452,124074.98786133644,SHA_FLIP,2026-09-21 17:38:00,123704.33737955452,STOP_LOSS,-9266.262044548057,5351.88,-14618.142044548058,3.0,2026-09
SILVER,LONG,2026-09-21 17:47:00,2374.0,2368.7604577025877,2389.718626892237,SHA_FLIP,2026-09-21 17:54:00,2368.7604577025877,STOP_LOSS,-157.18626892236898,208.488,-365.674268922369,7.0,2026-09
CRUDEOIL,SHORT,2026-09-21 17:35:00,8948.0,8968.732394086986,8865.070423652054,SHA_FLIP,2026-09-21 17:57:00,8968.732394086986,STOP_LOSS,-2073.239408698646,757.9200000000001,-2831.159408698646,22.0,2026-09
GOLD,SHORT,2026-09-21 17:50:00,123600.0,123653.75205740125,123438.74382779626,SHA_FLIP,2026-09-21 18:02:00,123653.75205740125,STOP_LOSS,-5375.205740124511,5344.0,-10719.205740124511,12.0,2026-09
GOLD,SHORT,2026-09-21 18:04:00,123576.0,123657.8700309534,123330.38990713979,SHA_FLIP,2026-09-21 18:12:00,123657.8700309534,STOP_LOSS,-8187.003095340333,5343.04,-13530.043095340334,8.0,2026-09
GOLD,LONG,2026-09-21 18:13:00,123684.0,123610.49891857915,123904.50324426255,SHA_FLIP,2026-09-21 18:16:00,123610.49891857915,STOP_LOSS,-7350.108142085082,5347.360000000001,-12697.468142085083,3.0,2026-09
CRUDEOIL,LONG,2026-09-21 18:22:00,8973.0,8955.180870801976,9044.276516792095,SHA_FLIP,2026-09-21 18:30:00,8955.180870801976,STOP_LOSS,-1781.9129198023802,758.9200000000001,-2540.8329198023803,8.0,2026-09
GOLD,LONG,2026-09-21 18:30:00,123663.0,123612.77071543493,123813.6878536952,SHA_FLIP,2026-09-21 18:33:00,123612.77071543493,STOP_LOSS,-5022.928456506634,5346.52,-10369.448456506634,3.0,2026-09
SILVER,LONG,2026-09-21 18:28:00,2374.0,2369.831618437552,2386.5051446873435,SHA_FLIP,2026-09-21 18:41:00,2369.831618437552,STOP_LOSS,-125.05144687343545,208.488,-333.53944687343545,13.0,2026-09
GOLD,LONG,2026-09-21 18:40:00,123651.0,123622.50869951626,123736.47390145123,SHA_FLIP,2026-09-21 18:50:00,123622.50869951626,STOP_LOSS,-2849.1300483743544,5346.04,-8195.170048374355,10.0,2026-09
SILVER,SHORT,2026-09-21 18:51:00,2370.0,2373.1784353781263,2360.464693865621,SHA_FLIP,2026-09-21 18:56:00,2373.1784353781263,STOP_LOSS,-95.3530613437897,208.44,-303.7930613437897,5.0,2026-09
GOLD,LONG,2026-09-21 18:51:00,123662.0,123638.0771100151,123733.76866995469,SHA_FLIP,2026-09-21 19:00:00,123638.0771100151,STOP_LOSS,-2392.2889984896756,5346.4800000000005,-7738.768998489676,9.0,2026-09
GOLD,SHORT,2026-09-21 19:00:00,123546.0,123605.96481430599,123366.10555708203,SHA_FLIP,2026-09-21 19:26:00,123366.10555708203,TAKE_PROFIT,17989.444291796826,5341.84,12647.604291796826,26.0,2026-09
CRUDEOIL,SHORT,2026-09-21 18:32:00,8936.0,8957.914884896089,8848.340460415646,SHA_FLIP,2026-09-21 19:41:00,8848.340460415646,TAKE_PROFIT,8765.95395843542,757.44,8008.51395843542,69.0,2026-09
GOLD,SHORT,2026-09-21 20:07:00,123128.0,123194.89548192032,122927.31355423904,SHA_FLIP,2026-09-21 20:23:00,123194.89548192032,STOP_LOSS,-6689.548192032089,5325.12,-12014.668192032088,16.0,2026-09
CRUDEOIL,LONG,2026-09-21 20:22:00,8841.0,8822.21671191166,8916.133152353359,SHA_FLIP,2026-09-21 21:06:00,8822.21671191166,STOP_LOSS,-1878.328808833976,753.6400000000001,-2631.9688088339763,44.0,2026-09
GOLD,LONG,2026-09-21 20:33:00,123273.0,123208.18056561187,123467.4583031644,SHA_FLIP,2026-09-21 21:11:00,123208.18056561187,STOP_LOSS,-6481.943438813323,5330.92,-11812.863438813323,38.0,2026-09
CRUDEOIL,SHORT,2026-09-21 21:20:00,8826.0,8843.875797816809,8754.496808732765,SHA_FLIP,2026-09-21 21:24:00,8843.875797816809,STOP_LOSS,-1787.57978168087,753.04,-2540.61978168087,4.0,2026-09
CRUDEOIL,LONG,2026-09-21 21:25:00,8849.0,8831.98203575467,8917.071856981318,SHA_FLIP,2026-09-21 21:32:00,8831.98203575467,STOP_LOSS,-1701.7964245329495,753.96,-2455.7564245329495,7.0,2026-09
CRUDEOIL,SHORT,2026-09-21 21:33:00,8824.0,8837.650161929869,8769.399352280525,SHA_FLIP,2026-09-21 21:48:00,8769.399352280525,TAKE_PROFIT,5460.064771947509,752.96,4707.104771947509,15.0,2026-09
GOLD,LONG,2026-09-21 22:06:00,123279.0,123238.46881572113,123400.5935528366,SHA_FLIP,2026-09-21 22:08:00,123238.46881572113,STOP_LOSS,-4053.118427886511,5331.16,-9384.278427886511,2.0,2026-09
GOLD,SHORT,2026-09-21 22:09:00,123214.0,123251.65096647723,123101.0471005683,SHA_FLIP,2026-09-21 22:43:00,123251.65096647723,STOP_LOSS,-3765.0966477231123,5328.56,-9093.656647723114,34.0,2026-09
CRUDEOIL,SHORT,2026-09-21 22:04:00,8784.0,8798.493127507927,8726.027489968292,SHA_FLIP,2026-09-21 22:45:00,8798.493127507927,STOP_LOSS,-1449.3127507927056,751.36,-2200.6727507927058,41.0,2026-09
GOLD,SHORT,2026-09-21 22:48:00,123153.0,123198.54197737036,123016.37406788892,SHA_FLIP,2026-09-21 22:58:00,123198.54197737036,STOP_LOSS,-4554.1977370361565,5326.12,-9880.317737036155,10.0,2026-09
SILVER,SHORT,2026-09-21 19:02:00,2368.0,2372.340942283035,2354.977173150895,SHA_FLIP,2026-09-21 23:01:00,2354.977173150895,TAKE_PROFIT,390.68480547315175,208.416,182.26880547315176,239.0,2026-09
SILVER,SHORT,2026-09-21 23:26:00,2354.0,2356.135360134584,2347.593919596248,SHA_FLIP,2026-09-22 09:00:00,2359.0,SESSION_END,-150.0,208.248,-358.248,574.0,2026-09
GOLD,LONG,2026-09-21 23:23:00,123145.0,123097.68447629805,123286.94657110586,SHA_FLIP,2026-09-22 09:00:00,123110.0,SESSION_END,-3500.0,5325.8,-8825.8,577.0,2026-09
CRUDEOIL,LONG,2026-09-22 09:28:00,8914.0,8907.03130530359,8941.874778785641,SHA_FLIP,2026-09-22 09:39:00,8941.874778785641,TAKE_PROFIT,2787.4778785640956,756.56,2030.9178785640956,11.0,2026-09
CRUDEOIL,LONG,2026-09-22 10:12:00,8944.0,8939.831584484089,8960.673662063644,SHA_FLIP,2026-09-22 10:22:00,8960.673662063644,TAKE_PROFIT,1667.366206364386,757.76,909.606206364386,10.0,2026-09
CRUDEOIL,LONG,2026-09-22 10:45:00,8960.0,8955.693926454864,8977.224294180545,SHA_FLIP,2026-09-22 10:52:00,8955.693926454864,STOP_LOSS,-430.60735451363144,758.4000000000001,-1189.0073545136315,7.0,2026-09
SILVER,SHORT,2026-09-22 09:29:00,2358.0,2360.1646372638943,2351.506088208317,SHA_FLIP,2026-09-22 10:53:00,2351.506088208317,TAKE_PROFIT,194.8173537504863,208.296,-13.478646249513702,84.0,2026-09
CRUDEOIL,LONG,2026-09-22 11:00:00,8975.0,8967.309291499065,9005.76283400374,SHA_FLIP,2026-09-22 11:02:00,8967.309291499065,STOP_LOSS,-769.0708500935216,759.0,-1528.0708500935216,2.0,2026-09
CRUDEOIL,LONG,2026-09-22 11:29:00,8975.0,8965.938638751591,9011.245444993634,SHA_FLIP,2026-09-22 12:16:00,8965.938638751591,STOP_LOSS,-906.1361248408502,759.0,-1665.1361248408502,47.0,2026-09
CRUDEOIL,LONG,2026-09-22 12:30:00,8992.0,8978.649205141686,9045.403179433255,SHA_FLIP,2026-09-22 12:34:00,8978.649205141686,STOP_LOSS,-1335.0794858313748,759.6800000000001,-2094.759485831375,4.0,2026-09
CRUDEOIL,SHORT,2026-09-22 12:38:00,8969.0,8979.685125353602,8926.25949858559,SHA_FLIP,2026-09-22 13:02:00,8926.25949858559,TAKE_PROFIT,4274.050141440966,758.76,3515.290141440966,24.0,2026-09
SILVER,SHORT,2026-09-22 11:28:00,2341.0,2344.825544576176,2329.523366271472,SHA_FLIP,2026-09-22 13:50:00,2329.523366271472,TAKE_PROFIT,344.2990118558464,208.092,136.2070118558464,142.0,2026-09
CRUDEOIL,SHORT,2026-09-22 15:01:00,8718.0,8736.687141846016,8643.251432615936,SHA_FLIP,2026-09-22 15:03:00,8736.687141846016,STOP_LOSS,-1868.7141846015948,748.72,-2617.434184601595,2.0,2026-09
CRUDEOIL,SHORT,2026-09-22 16:20:00,8551.0,8577.133337281915,8446.466650872339,SHA_FLIP,2026-09-22 16:30:00,8577.133337281915,STOP_LOSS,-2613.3337281915374,742.04,-3355.3737281915373,10.0,2026-09
CRUDEOIL,LONG,2026-09-22 17:32:00,8628.0,8615.389692120236,8678.441231519057,SHA_FLIP,2026-09-22 17:41:00,8678.441231519057,TAKE_PROFIT,5044.12315190566,745.12,4299.00315190566,9.0,2026-09
SILVER,LONG,2026-09-22 14:09:00,2336.0,2329.524299848386,2355.4271004548423,SHA_FLIP,2026-09-22 18:02:00,2355.4271004548423,TAKE_PROFIT,582.8130136452683,208.032,374.7810136452682,233.0,2026-09
GOLD,LONG,2026-09-22 17:50:00,122700.0,122628.02831558474,122915.91505324577,SHA_FLIP,2026-09-22 18:14:00,122628.02831558474,STOP_LOSS,-7197.168441525719,5308.0,-12505.168441525719,24.0,2026-09
CRUDEOIL,LONG,2026-09-22 18:14:00,8655.0,8645.030247338094,8694.879010647623,SHA_FLIP,2026-09-22 18:16:00,8645.030247338094,STOP_LOSS,-996.9752661905659,746.2,-1743.175266190566,2.0,2026-09
GOLD,LONG,2026-09-22 18:26:00,122700.0,122652.94231069805,122841.17306790584,SHA_FLIP,2026-09-22 18:27:00,122652.94231069805,STOP_LOSS,-4705.768930194608,5308.0,-10013.768930194608,1.0,2026-09
GOLD,SHORT,2026-09-22 18:29:00,122588.0,122648.76881285818,122405.69356142546,SHA_FLIP,2026-09-22 18:32:00,122648.76881285818,STOP_LOSS,-6076.881285817944,5303.52,-11380.401285817945,3.0,2026-09
SILVER,LONG,2026-09-22 18:33:00,2355.0,2350.81435583473,2367.5569324958096,SHA_FLIP,2026-09-22 18:57:00,2350.81435583473,STOP_LOSS,-125.56932495809633,208.26,-333.8293249580963,24.0,2026-09
CRUDEOIL,SHORT,2026-09-22 18:31:00,8620.0,8640.54966229215,8537.801350831403,SHA_FLIP,2026-09-22 18:58:00,8640.54966229215,STOP_LOSS,-2054.966229214915,744.8,-2799.7662292149153,27.0,2026-09
GOLD,LONG,2026-09-22 18:33:00,122692.0,122615.79618638929,122920.61144083214,SHA_FLIP,2026-09-22 19:00:00,122615.79618638929,STOP_LOSS,-7620.381361071486,5307.68,-12928.061361071486,27.0,2026-09
CRUDEOIL,LONG,2026-09-22 19:32:00,8681.0,8661.969360304289,8757.122558782845,SHA_FLIP,2026-09-22 19:43:00,8661.969360304289,STOP_LOSS,-1903.0639695711216,747.24,-2650.3039695711213,11.0,2026-09
SILVER,LONG,2026-09-22 19:28:00,2354.0,2350.8507782200663,2363.447665339801,SHA_FLIP,2026-09-22 19:48:00,2350.8507782200663,STOP_LOSS,-94.47665339801006,208.248,-302.72465339801005,20.0,2026-09
CRUDEOIL,SHORT,2026-09-22 20:01:00,8669.0,8687.98188541955,8593.072458321803,SHA_FLIP,2026-09-22 20:02:00,8687.98188541955,STOP_LOSS,-1898.1885419549144,746.76,-2644.9485419549146,1.0,2026-09
SILVER,SHORT,2026-09-22 19:48:00,2350.0,2353.682547300551,2338.952358098347,SHA_FLIP,2026-09-22 20:36:00,2353.682547300551,STOP_LOSS,-110.47641901653151,208.2,-318.6764190165315,48.0,2026-09
GOLD,SHORT,2026-09-22 19:25:00,122556.0,122650.32309929308,122273.03070212077,SHA_FLIP,2026-09-22 20:36:00,122650.32309929308,STOP_LOSS,-9432.309929307667,5302.24,-14734.549929307666,71.0,2026-09
GOLD,SHORT,2026-09-22 21:34:00,122511.0,122543.09652086078,122414.71043741766,SHA_FLIP,2026-09-22 21:41:00,122414.71043741766,TAKE_PROFIT,9628.956258234393,5300.4400000000005,4328.516258234393,7.0,2026-09
SILVER,SHORT,2026-09-22 21:34:00,2350.0,2351.5645455184717,2345.306363444585,SHA_FLIP,2026-09-22 21:50:00,2351.5645455184717,STOP_LOSS,-46.93636555415196,208.2,-255.13636555415195,16.0,2026-09
GOLD,LONG,2026-09-22 21:58:00,122530.0,122504.83134799411,122605.50595601766,SHA_FLIP,2026-09-22 22:10:00,122504.83134799411,STOP_LOSS,-2516.8652005886543,5301.2,-7818.065200588654,12.0,2026-09
SILVER,LONG,2026-09-22 22:12:00,2352.0,2350.9178487724685,2355.2464536825946,SHA_FLIP,2026-09-22 22:19:00,2355.2464536825946,TAKE_PROFIT,97.39361047783859,208.224,-110.8303895221614,7.0,2026-09
GOLD,LONG,2026-09-22 22:33:00,122591.0,122551.46398142648,122709.60805572056,SHA_FLIP,2026-09-22 22:48:00,122551.46398142648,STOP_LOSS,-3953.601857351896,5303.64,-9257.241857351895,15.0,2026-09
GOLD,SHORT,2026-09-22 22:48:00,122556.0,122587.71782115134,122460.84653654599,SHA_FLIP,2026-09-22 22:51:00,122587.71782115134,STOP_LOSS,-3171.7821151338285,5302.24,-8474.022115133828,3.0,2026-09
SILVER,LONG,2026-09-22 22:51:00,2356.0,2354.864722775543,2359.4058316733704,SHA_FLIP,2026-09-22 22:54:00,2354.864722775543,STOP_LOSS,-34.05831673370358,208.272,-242.33031673370357,3.0,2026-09
CRUDEOIL,LONG,2026-09-22 20:10:00,8733.0,8697.25394725104,8875.98421099584,SHA_FLIP,2026-09-22 23:04:00,8697.25394725104,STOP_LOSS,-3574.605274896021,749.3199999999999,-4323.925274896021,174.0,2026-09
CRUDEOIL,SHORT,2026-09-23 09:35:00,8525.0,8537.173322893146,8476.306708427415,SHA_FLIP,2026-09-23 09:39:00,8537.173322893146,STOP_LOSS,-1217.3322893146178,741.0,-1958.3322893146178,4.0,2026-09
CRUDEOIL,SHORT,2026-09-23 10:05:00,8521.0,8528.900686454897,8489.39725418041,SHA_FLIP,2026-09-23 10:08:00,8528.900686454897,STOP_LOSS,-790.0686454897368,740.84,-1530.908645489737,3.0,2026-09
CRUDEOIL,SHORT,2026-09-23 10:12:00,8522.0,8528.0852177197,8497.659129121203,SHA_FLIP,2026-09-23 10:26:00,8497.659129121203,TAKE_PROFIT,2434.087087879743,740.88,1693.207087879743,14.0,2026-09
SILVER,LONG,2026-09-23 09:38:00,2366.0,2363.8954543840314,2372.313636847906,SHA_FLIP,2026-09-23 10:49:00,2363.8954543840314,STOP_LOSS,-63.13636847905855,208.392,-271.52836847905854,71.0,2026-09
CRUDEOIL,LONG,2026-09-23 10:32:00,8538.0,8526.546114772576,8583.815540909694,SHA_FLIP,2026-09-23 11:02:00,8583.815540909694,TAKE_PROFIT,4581.554090969439,741.52,3840.034090969439,30.0,2026-09
CRUDEOIL,LONG,2026-09-23 11:20:00,8574.0,8563.745752177003,8615.016991291988,SHA_FLIP,2026-09-23 11:26:00,8563.745752177003,STOP_LOSS,-1025.4247822997058,742.96,-1768.3847822997059,6.0,2026-09
CRUDEOIL,LONG,2026-09-23 12:10:00,8570.0,8560.086869221852,8609.652523112592,SHA_FLIP,2026-09-23 12:12:00,8560.086869221852,STOP_LOSS,-991.3130778148115,742.8,-1734.1130778148115,2.0,2026-09
CRUDEOIL,SHORT,2026-09-23 12:12:00,8556.0,8567.005862673364,8511.976549306542,SHA_FLIP,2026-09-23 12:15:00,8567.005862673364,STOP_LOSS,-1100.586267336439,742.24,-1842.826267336439,3.0,2026-09
SILVER,SHORT,2026-09-23 10:49:00,2363.0,2365.721331214141,2354.8360063575765,SHA_FLIP,2026-09-23 12:37:00,2354.8360063575765,TAKE_PROFIT,244.9198092727056,208.356,36.56380927270561,108.0,2026-09
CRUDEOIL,LONG,2026-09-23 12:16:00,8568.0,8554.641689998736,8621.433240005055,SHA_FLIP,2026-09-23 12:53:00,8621.433240005055,TAKE_PROFIT,5343.324000505527,742.72,4600.6040005055265,37.0,2026-09
CRUDEOIL,LONG,2026-09-23 13:08:00,8619.0,8605.481368297898,8673.074526808407,SHA_FLIP,2026-09-23 13:13:00,8605.481368297898,STOP_LOSS,-1351.863170210163,744.76,-2096.623170210163,5.0,2026-09
CRUDEOIL,LONG,2026-09-23 13:17:00,8627.0,8613.580337139338,8680.67865144265,SHA_FLIP,2026-09-23 13:19:00,8613.580337139338,STOP_LOSS,-1341.9662860662356,745.08,-2087.0462860662356,2.0,2026-09
CRUDEOIL,SHORT,2026-09-23 13:27:00,8591.0,8605.157030751563,8534.371876993748,SHA_FLIP,2026-09-23 13:31:00,8605.157030751563,STOP_LOSS,-1415.703075156307,743.6400000000001,-2159.3430751563073,4.0,2026-09
SILVER,SHORT,2026-09-23 14:02:00,2345.0,2347.7430235535903,2336.770929339229,SHA_FLIP,2026-09-23 14:20:00,2347.7430235535903,STOP_LOSS,-82.29070660770958,208.14,-290.43070660770957,18.0,2026-09
CRUDEOIL,LONG,2026-09-23 13:33:00,8632.0,8614.089330002093,8703.64267999163,SHA_FLIP,2026-09-23 14:27:00,8614.089330002093,STOP_LOSS,-1791.0669997907462,745.28,-2536.346999790746,54.0,2026-09
CRUDEOIL,SHORT,2026-09-23 14:47:00,8622.0,8636.71811280187,8563.127548792523,SHA_FLIP,2026-09-23 15:04:00,8636.71811280187,STOP_LOSS,-1471.811280186921,744.88,-2216.691280186921,17.0,2026-09
SILVER,LONG,2026-09-23 14:21:00,2347.0,2343.8277370928863,2356.516788721341,SHA_FLIP,2026-09-23 15:10:00,2343.8277370928863,STOP_LOSS,-95.16788721341072,208.164,-303.3318872134107,49.0,2026-09
SILVER,LONG,2026-09-23 15:33:00,2346.0,2342.264021096566,2357.207936710302,SHA_FLIP,2026-09-23 15:56:00,2342.264021096566,STOP_LOSS,-112.07936710301965,208.152,-320.23136710301964,23.0,2026-09
SILVER,LONG,2026-09-23 15:59:00,2345.0,2342.3104629342165,2353.0686111973505,SHA_FLIP,2026-09-23 16:04:00,2342.3104629342165,STOP_LOSS,-80.68611197350492,208.14,-288.8261119735049,5.0,2026-09
SILVER,LONG,2026-09-23 16:26:00,2344.0,2341.4275303647323,2351.717408905803,SHA_FLIP,2026-09-23 16:33:00,2341.4275303647323,STOP_LOSS,-77.1740890580304,208.128,-285.3020890580304,7.0,2026-09
CRUDEOIL,LONG,2026-09-23 16:43:00,8631.0,8619.31494066251,8677.740237349957,SHA_FLIP,2026-09-23 16:56:00,8677.740237349957,TAKE_PROFIT,4674.023734995717,745.24,3928.783734995717,13.0,2026-09
CRUDEOIL,LONG,2026-09-23 17:29:00,8702.0,8689.078935022519,8753.684259909925,SHA_FLIP,2026-09-23 17:30:00,8689.078935022519,STOP_LOSS,-1292.1064977481365,748.08,-2040.1864977481364,1.0,2026-09
SILVER,SHORT,2026-09-23 16:51:00,2340.0,2343.491374457618,2329.5258766271463,SHA_FLIP,2026-09-23 17:44:00,2343.491374457618,STOP_LOSS,-104.74123372853683,208.08,-312.82123372853687,53.0,2026-09
CRUDEOIL,LONG,2026-09-23 17:53:00,8705.0,8692.987489916723,8753.05004033311,SHA_FLIP,2026-09-23 17:59:00,8692.987489916723,STOP_LOSS,-1201.2510083277448,748.2,-1949.4510083277448,6.0,2026-09
SILVER,LONG,2026-09-23 18:18:00,2341.0,2338.9207204389054,2347.237838683284,SHA_FLIP,2026-09-23 18:20:00,2338.9207204389054,STOP_LOSS,-62.37838683283826,208.092,-270.47038683283824,2.0,2026-09
GOLD,SHORT,2026-09-23 18:22:00,122100.0,122154.55715122558,121936.32854632325,SHA_FLIP,2026-09-23 18:26:00,122154.55715122558,STOP_LOSS,-5455.715122558468,5284.0,-10739.715122558468,4.0,2026-09
GOLD,LONG,2026-09-23 18:27:00,122197.0,122151.19919229629,122334.40242311113,SHA_FLIP,2026-09-23 18:35:00,122151.19919229629,STOP_LOSS,-4580.0807703708415,5287.88,-9867.960770370843,8.0,2026-09
SILVER,SHORT,2026-09-23 18:42:00,2339.0,2341.3454297646194,2331.9637107061417,SHA_FLIP,2026-09-23 18:54:00,2341.3454297646194,STOP_LOSS,-70.36289293858317,208.068,-278.43089293858316,12.0,2026-09
CRUDEOIL,LONG,2026-09-23 18:06:00,8705.0,8691.760942945353,8757.956228218587,SHA_FLIP,2026-09-23 18:58:00,8757.956228218587,TAKE_PROFIT,5295.622821858706,748.2,4547.422821858706,52.0,2026-09
SILVER,LONG,2026-09-23 18:55:00,2341.0,2338.896760721757,2347.3097178347293,SHA_FLIP,2026-09-23 19:05:00,2338.896760721757,STOP_LOSS,-63.097178347293266,208.092,-271.18917834729325,10.0,2026-09
GOLD,SHORT,2026-09-23 19:04:00,122066.0,122118.58519877422,121908.24440367734,SHA_FLIP,2026-09-23 19:07:00,122118.58519877422,STOP_LOSS,-5258.519877422077,5282.64,-10541.159877422077,3.0,2026-09
GOLD,LONG,2026-09-23 19:10:00,122173.0,122135.2029485028,122286.39115449159,SHA_FLIP,2026-09-23 19:12:00,122135.2029485028,STOP_LOSS,-3779.705149719666,5286.92,-9066.625149719666,2.0,2026-09
GOLD,SHORT,2026-09-23 19:12:00,121970.0,122038.98978534678,121763.03064395965,SHA_FLIP,2026-09-23 19:16:00,121763.03064395965,TAKE_PROFIT,20696.93560403539,5278.8,15418.13560403539,4.0,2026-09
CRUDEOIL,LONG,2026-09-23 19:43:00,8820.0,8802.805037350015,8888.779850599938,SHA_FLIP,2026-09-23 19:46:00,8802.805037350015,STOP_LOSS,-1719.4962649984518,752.8,-2472.296264998452,3.0,2026-09
SILVER,SHORT,2026-09-23 19:45:00,2330.0,2333.8902896176105,2318.3291311471685,SHA_FLIP,2026-09-23 20:02:00,2333.8902896176105,STOP_LOSS,-116.70868852831518,207.96,-324.6686885283152,17.0,2026-09
GOLD,SHORT,2026-09-23 19:42:00,121734.0,121837.29401295859,121424.11796112423,SHA_FLIP,2026-09-23 20:03:00,121837.29401295859,STOP_LOSS,-10329.401295859134,5269.360000000001,-15598.761295859134,21.0,2026-09
GOLD,LONG,2026-09-23 20:03:00,121861.0,121762.75440864782,122155.73677405655,SHA_FLIP,2026-09-23 20:09:00,121762.75440864782,STOP_LOSS,-9824.559135218442,5274.4400000000005,-15098.999135218442,6.0,2026-09
CRUDEOIL,LONG,2026-09-23 20:12:00,8829.0,8808.126259503179,8912.494961987286,SHA_FLIP,2026-09-23 20:21:00,8808.126259503179,STOP_LOSS,-2087.3740496821483,753.1600000000001,-2840.534049682148,9.0,2026-09
GOLD,LONG,2026-09-23 20:18:00,121802.0,121746.07026363215,121969.78920910355,SHA_FLIP,2026-09-23 20:23:00,121969.78920910355,TAKE_PROFIT,16778.920910354645,5272.08,11506.840910354646,5.0,2026-09
GOLD,LONG,2026-09-23 20:38:00,121890.0,121830.92803333393,122067.21589999822,SHA_FLIP,2026-09-23 20:51:00,121830.92803333393,STOP_LOSS,-5907.196666607342,5275.6,-11182.796666607343,13.0,2026-09
SILVER,LONG,2026-09-23 20:24:00,2339.0,2332.963058460767,2357.1108246176987,SHA_FLIP,2026-09-23 20:58:00,2332.963058460767,STOP_LOSS,-181.10824617698654,208.068,-389.1762461769865,34.0,2026-09
GOLD,SHORT,2026-09-23 20:52:00,121821.0,121850.17956307252,121733.46131078243,SHA_FLIP,2026-09-23 20:59:00,121733.46131078243,TAKE_PROFIT,8753.868921757385,5272.84,3481.0289217573845,7.0,2026-09
CRUDEOIL,LONG,2026-09-23 21:24:00,8897.0,8884.03452556355,8948.861897745803,SHA_FLIP,2026-09-23 21:30:00,8884.03452556355,STOP_LOSS,-1296.5474436450677,755.88,-2052.427443645068,6.0,2026-09
GOLD,SHORT,2026-09-23 21:20:00,121719.0,121773.9404393959,121554.17868181231,SHA_FLIP,2026-09-23 21:43:00,121773.9404393959,STOP_LOSS,-5494.043939589756,5268.76,-10762.803939589756,23.0,2026-09
CRUDEOIL,LONG,2026-09-23 21:36:00,8888.0,8879.260134279533,8922.959462881867,SHA_FLIP,2026-09-23 21:45:00,8879.260134279533,STOP_LOSS,-873.9865720466696,755.52,-1629.5065720466696,9.0,2026-09
SILVER,LONG,2026-09-23 21:57:00,2332.0,2330.0275106537315,2337.9174680388055,SHA_FLIP,2026-09-23 21:58:00,2330.0275106537315,STOP_LOSS,-59.174680388055094,207.984,-267.15868038805513,1.0,2026-09
CRUDEOIL,SHORT,2026-09-23 21:46:00,8869.0,8883.545680406876,8810.817278372495,SHA_FLIP,2026-09-23 22:02:00,8883.545680406876,STOP_LOSS,-1454.5680406876272,754.76,-2209.3280406876274,16.0,2026-09
CRUDEOIL,SHORT,2026-09-23 22:07:00,8870.0,8879.92408392177,8830.303664312924,SHA_FLIP,2026-09-23 22:12:00,8879.92408392177,STOP_LOSS,-992.4083921769125,754.8,-1747.2083921769124,5.0,2026-09
SILVER,LONG,2026-09-23 22:02:00,2333.0,2330.1825033918103,2341.452489824569,SHA_FLIP,2026-09-23 22:15:00,2330.1825033918103,STOP_LOSS,-84.52489824569057,207.996,-292.52089824569055,13.0,2026-09
GOLD,LONG,2026-09-23 22:01:00,121795.0,121770.29591683805,121869.11224948586,SHA_FLIP,2026-09-23 22:15:00,121770.29591683805,STOP_LOSS,-2470.408316195244,5271.8,-7742.208316195244,14.0,2026-09
SILVER,LONG,2026-09-23 22:30:00,2332.0,2330.085868027268,2337.7423959181956,SHA_FLIP,2026-09-23 22:32:00,2330.085868027268,STOP_LOSS,-57.42395918195598,207.984,-265.407959181956,2.0,2026-09
GOLD,SHORT,2026-09-23 22:34:00,121700.0,121746.47486769732,121560.57539690803,SHA_FLIP,2026-09-23 22:38:00,121746.47486769732,STOP_LOSS,-4647.486769732495,5268.0,-9915.486769732495,4.0,2026-09
GOLD,SHORT,2026-09-23 22:46:00,121702.0,121740.31920227424,121587.04239317727,SHA_FLIP,2026-09-23 22:51:00,121740.31920227424,STOP_LOSS,-3831.920227424416,5268.08,-9100.000227424416,5.0,2026-09
GOLD,SHORT,2026-09-23 23:10:00,121695.0,121734.11623061834,121577.65130814498,SHA_FLIP,2026-09-23 23:12:00,121734.11623061834,STOP_LOSS,-3911.6230618339614,5267.8,-9179.42306183396,2.0,2026-09
SILVER,SHORT,2026-09-23 22:34:00,2327.0,2330.2028547807054,2317.391435657884,SHA_FLIP,2026-09-23 23:16:00,2317.391435657884,TAKE_PROFIT,288.2569302634829,207.924,80.3329302634829,42.0,2026-09
GOLD,SHORT,2026-09-23 23:18:00,121706.0,121757.53437074556,121551.39688776332,SHA_FLIP,2026-09-23 23:29:00,121757.53437074556,STOP_LOSS,-5153.437074556132,5268.24,-10421.677074556132,11.0,2026-09
GOLD,LONG,2026-09-23 23:29:00,121796.0,121720.44161138732,122022.67516583805,SHA_FLIP,2026-09-24 09:00:00,121626.0,SESSION_END,-17000.0,5271.84,-22271.84,571.0,2026-09
CRUDEOIL,SHORT,2026-09-24 09:40:00,8770.0,8777.443169618835,8740.22732152466,SHA_FLIP,2026-09-24 09:43:00,8777.443169618835,STOP_LOSS,-744.3169618834872,750.8,-1495.1169618834872,3.0,2026-09
CRUDEOIL,LONG,2026-09-24 09:43:00,8785.0,8776.837438917753,8817.650244328986,SHA_FLIP,2026-09-24 09:46:00,8776.837438917753,STOP_LOSS,-816.2561082246611,751.4000000000001,-1567.6561082246612,3.0,2026-09
CRUDEOIL,LONG,2026-09-24 10:23:00,8792.0,8786.415552948052,8814.337788207791,SHA_FLIP,2026-09-24 10:26:00,8786.415552948052,STOP_LOSS,-558.4447051947791,751.6800000000001,-1310.1247051947792,3.0,2026-09
SILVER,SHORT,2026-09-24 09:37:00,2312.0,2317.0154219402484,2296.9537341792548,SHA_FLIP,2026-09-24 10:31:00,2317.0154219402484,STOP_LOSS,-150.46265820745248,207.744,-358.2066582074525,54.0,2026-09
CRUDEOIL,LONG,2026-09-24 10:48:00,8792.0,8786.259449943382,8814.962200226473,SHA_FLIP,2026-09-24 11:06:00,8814.962200226473,TAKE_PROFIT,2296.2200226473215,751.6800000000001,1544.5400226473214,18.0,2026-09
SILVER,LONG,2026-09-24 10:31:00,2318.0,2315.0885546274285,2326.7343361177145,SHA_FLIP,2026-09-24 11:07:00,2315.0885546274285,STOP_LOSS,-87.3433611771452,207.816,-295.15936117714523,36.0,2026-09
CRUDEOIL,LONG,2026-09-24 11:46:00,8852.0,8841.34698157858,8894.612073685683,SHA_FLIP,2026-09-24 12:00:00,8894.612073685683,TAKE_PROFIT,4261.207368568284,754.08,3507.1273685682845,14.0,2026-09
CRUDEOIL,LONG,2026-09-24 12:25:00,8915.0,8899.834034786996,8975.663860852015,SHA_FLIP,2026-09-24 12:28:00,8899.834034786996,STOP_LOSS,-1516.5965213003801,756.6,-2273.19652130038,3.0,2026-09
SILVER,SHORT,2026-09-24 12:00:00,2310.0,2312.678945836989,2301.963162489033,SHA_FLIP,2026-09-24 12:38:00,2312.678945836989,STOP_LOSS,-80.36837510966961,207.72,-288.08837510966964,38.0,2026-09
CRUDEOIL,LONG,2026-09-24 13:17:00,8876.0,8863.659246837227,8925.36301265109,SHA_FLIP,2026-09-24 13:21:00,8863.659246837227,STOP_LOSS,-1234.0753162772671,755.04,-1989.115316277267,4.0,2026-09
SILVER,LONG,2026-09-24 12:38:00,2313.0,2309.1652655598855,2324.5042033203435,SHA_FLIP,2026-09-24 13:26:00,2309.1652655598855,STOP_LOSS,-115.0420332034355,207.756,-322.79803320343547,48.0,2026-09
CRUDEOIL,LONG,2026-09-24 14:21:00,9071.0,9054.564835308094,9136.740658767623,SHA_FLIP,2026-09-24 14:31:00,9054.564835308094,STOP_LOSS,-1643.5164691905811,762.84,-2406.3564691905813,10.0,2026-09
CRUDEOIL,SHORT,2026-09-24 14:32:00,9052.0,9067.680372860954,8989.278508556185,SHA_FLIP,2026-09-24 15:40:00,8989.278508556185,TAKE_PROFIT,6272.149144381547,762.08,5510.069144381547,68.0,2026-09
GOLD,LONG,2026-09-24 17:39:00,121127.0,121084.66318692717,121254.0104392185,SHA_FLIP,2026-09-24 17:45:00,121254.0104392185,TAKE_PROFIT,12701.043921850214,5245.08,7455.963921850214,6.0,2026-09
SILVER,SHORT,2026-09-24 14:22:00,2298.0,2300.4793208636443,2290.562037409067,SHA_FLIP,2026-09-24 17:51:00,2300.4793208636443,STOP_LOSS,-74.37962590932784,207.576,-281.95562590932786,209.0,2026-09
GOLD,LONG,2026-09-24 18:01:00,121264.0,121204.18716696659,121443.43849910024,SHA_FLIP,2026-09-24 18:04:00,121204.18716696659,STOP_LOSS,-5981.283303341479,5250.56,-11231.84330334148,3.0,2026-09
GOLD,LONG,2026-09-24 18:14:00,121194.0,121146.2890643156,121337.1328070532,SHA_FLIP,2026-09-24 18:25:00,121337.1328070532,TAKE_PROFIT,14313.280705320358,5247.76,9065.520705320358,11.0,2026-09
SILVER,SHORT,2026-09-24 18:20:00,2291.0,2295.3421551219744,2277.9735346340767,SHA_FLIP,2026-09-24 18:25:00,2295.3421551219744,STOP_LOSS,-130.26465365923286,207.492,-337.7566536592328,5.0,2026-09
CRUDEOIL,LONG,2026-09-24 16:48:00,8981.0,8959.724382053093,9066.102471787628,SHA_FLIP,2026-09-24 19:07:00,9066.102471787628,TAKE_PROFIT,8510.247178762802,759.24,7751.007178762802,139.0,2026-09
CRUDEOIL,SHORT,2026-09-24 19:23:00,9038.0,9055.959227325948,8966.16309069621,SHA_FLIP,2026-09-24 19:28:00,9055.959227325948,STOP_LOSS,-1795.9227325947722,761.52,-2557.442732594772,5.0,2026-09
GOLD,SHORT,2026-09-24 19:22:00,121130.0,121179.816756082,120980.549731754,SHA_FLIP,2026-09-24 19:51:00,120980.549731754,TAKE_PROFIT,14945.026824600063,5245.2,9699.826824600063,29.0,2026-09
SILVER,SHORT,2026-09-24 18:39:00,2294.0,2297.4143225023645,2283.7570324929065,SHA_FLIP,2026-09-24 20:27:00,2283.7570324929065,TAKE_PROFIT,307.2890252128036,207.528,99.76102521280362,108.0,2026-09
GOLD,SHORT,2026-09-24 20:28:00,120880.0,120941.36909421661,120695.89271735016,SHA_FLIP,2026-09-24 20:46:00,120941.36909421661,STOP_LOSS,-6136.909421661403,5235.2,-11372.109421661404,18.0,2026-09
GOLD,SHORT,2026-09-24 20:58:00,120851.0,120885.89885877131,120746.30342368607,SHA_FLIP,2026-09-24 21:00:00,120885.89885877131,STOP_LOSS,-3489.885877131019,5234.04,-8723.92587713102,2.0,2026-09
CRUDEOIL,LONG,2026-09-24 20:56:00,9241.0,9222.182131829264,9316.271472682944,SHA_FLIP,2026-09-24 21:45:00,9222.182131829264,STOP_LOSS,-1881.7868170735892,769.6400000000001,-2651.4268170735895,49.0,2026-09
SILVER,SHORT,2026-09-24 21:19:00,2278.0,2282.1740390196046,2265.477882941186,SHA_FLIP,2026-09-24 21:45:00,2282.1740390196046,STOP_LOSS,-125.2211705881382,207.336,-332.5571705881382,26.0,2026-09
SILVER,LONG,2026-09-24 21:45:00,2284.0,2279.5204651640884,2297.438604507735,SHA_FLIP,2026-09-24 21:46:00,2297.438604507735,TAKE_PROFIT,403.15813523204724,207.40800000000002,195.75013523204723,1.0,2026-09
GOLD,LONG,2026-09-24 21:46:00,121407.0,121270.11678209531,121817.64965371406,SHA_FLIP,2026-09-24 21:48:00,121270.11678209531,STOP_LOSS,-13688.321790468763,5256.280000000001,-18944.60179046876,2.0,2026-09
CRUDEOIL,SHORT,2026-09-24 21:45:00,9168.0,9205.620268627046,9017.518925491815,SHA_FLIP,2026-09-24 21:48:00,9017.518925491815,TAKE_PROFIT,15048.107450818497,766.72,14281.387450818498,3.0,2026-09
CRUDEOIL,SHORT,2026-09-24 22:22:00,9027.0,9032.071544795386,9006.713820818455,SHA_FLIP,2026-09-24 22:23:00,9032.071544795386,STOP_LOSS,-507.1544795386217,761.08,-1268.2344795386216,1.0,2026-09
SILVER,SHORT,2026-09-24 22:57:00,2291.0,2296.219811014917,2275.340566955249,SHA_FLIP,2026-09-24 23:28:00,2296.219811014917,STOP_LOSS,-156.5943304475104,207.492,-364.08633044751036,31.0,2026-09
