symbol,side,entry_time,entry_price,sl,tp,reason,exit_time,exit_price,exit_reason,gross_pnl,costs,net_pnl,hold_minutes,month
GOLD,LONG,2026-04-01 20:27:00,129465.0,129304.99999999921,130105.00000000314,SHA_FLIP,2026-04-02 09:23:00,129682.0,SESSION_END,21700.0,5578.6,16121.4,776.0,2026-04
BANKNIFTY,LONG,2026-04-02 14:32:00,51313.1,51267.14611465369,51427.984713365775,ARMED_STOP,2026-04-02 14:36:00,51267.14611465369,STOP_LOSS,-1378.6165603892732,607.8786,-1986.4951603892732,4.0,2026-04
BANKNIFTY,LONG,2026-04-02 14:59:00,51262.6,51229.615587208165,51345.06103197958,ARMED_STOP,2026-04-02 15:01:00,51345.06103197958,TAKE_PROFIT,2473.8309593874874,607.5756,1866.2553593874873,2.0,2026-04
BANKNIFTY,LONG,2026-04-02 15:05:00,51453.5,51422.17189959921,51531.82025100197,ARMED_STOP,2026-04-02 15:07:00,51531.82025100197,TAKE_PROFIT,2349.6075300590746,608.721,1740.8865300590746,2.0,2026-04
GOLD,LONG,2026-04-02 22:42:00,128168.0,127300.8,131636.8,SHA_FLIP,2026-04-02 22:43:00,127300.8,STOP_LOSS,-86719.99999999971,5526.72,-92246.71999999971,1.0,2026-04
GOLD,LONG,2026-04-06 19:11:00,127579.0,127547.4,127705.40000000002,SHA_FLIP,2026-04-08 09:01:00,129001.0,SESSION_END,142200.0,5503.16,136696.84,2270.0,2026-04
BANKNIFTY,LONG,2026-04-08 10:06:00,55286.1,55206.91636914027,55484.059077149315,ARMED_STOP,2026-04-08 10:07:00,55206.91636914027,STOP_LOSS,-2375.5089257918007,631.7166,-3007.2255257918005,1.0,2026-04
GOLD,SHORT,2026-04-08 21:45:00,128000.0,128239.2,127043.20000000001,SHA_FLIP,2026-04-09 09:13:00,127392.0,SESSION_END,60800.0,5520.0,55280.0,688.0,2026-04
GOLD,LONG,2026-04-09 22:17:00,128900.0,128460.0,130660.0,SHA_FLIP,2026-04-09 22:22:00,128460.0,STOP_LOSS,-44000.0,5556.0,-49556.0,5.0,2026-04
GOLD,SHORT,2026-04-09 22:24:00,127500.0,128082.21328200457,125171.14687198173,SHA_FLIP,2026-04-09 23:00:00,128082.21328200457,STOP_LOSS,-58221.32820045663,5500.0,-63721.32820045663,36.0,2026-04
GOLD,LONG,2026-04-09 23:00:00,128500.0,128096.62900998755,130113.48396004981,SHA_FLIP,2026-04-10 09:24:00,128445.0,SESSION_END,-5500.0,5540.0,-11040.0,624.0,2026-04
GOLD,LONG,2026-04-10 21:30:00,128400.0,128280.0,128880.0,SHA_FLIP,2026-04-13 11:39:00,128500.0,SESSION_END,10000.0,5536.0,4464.0,3729.0,2026-04
GOLD,SHORT,2026-04-13 18:00:00,127556.0,127739.60000040958,126821.59999836166,SHA_FLIP,2026-04-13 22:22:00,127739.60000040958,STOP_LOSS,-18360.000040958403,5502.240000000001,-23862.240040958404,262.0,2026-04
GOLD,LONG,2026-04-13 22:22:00,128421.0,128075.0,129805.0,SHA_FLIP,2026-04-14 19:18:00,129805.0,TAKE_PROFIT,138400.0,5536.84,132863.16,1256.0,2026-04
GOLD,LONG,2026-04-14 19:18:00,130135.0,129337.12785874713,133326.48856501147,SHA_FLIP,2026-04-14 20:36:00,129337.12785874713,STOP_LOSS,-79787.21412528685,5605.400000000001,-85392.61412528684,78.0,2026-04
GOLD,SHORT,2026-04-14 20:36:00,129165.0,129553.01133434885,127612.9546626046,SHA_FLIP,2026-04-14 22:04:00,129553.01133434885,STOP_LOSS,-38801.13343488483,5566.6,-44367.73343488483,88.0,2026-04
GOLD,LONG,2026-04-14 22:04:00,130250.0,129767.99747362567,132178.01010549732,SHA_FLIP,2026-04-15 09:03:00,130099.0,SESSION_END,-15100.0,5610.0,-20710.0,659.0,2026-04
GOLD,SHORT,2026-04-15 18:53:00,129454.0,129558.0,129038.0,SHA_FLIP,2026-04-15 20:08:00,129558.0,STOP_LOSS,-10400.0,5578.16,-15978.16,75.0,2026-04
GOLD,LONG,2026-04-15 20:08:00,129859.0,129696.99773044698,130507.00907821208,SHA_FLIP,2026-04-15 22:03:00,129696.99773044698,STOP_LOSS,-16200.22695530206,5594.360000000001,-21794.58695530206,115.0,2026-04
GOLD,SHORT,2026-04-15 22:03:00,129353.0,129555.40001154813,128543.39995380747,SHA_FLIP,2026-04-16 09:06:00,129848.0,SESSION_END,-49500.0,5574.12,-55074.12,663.0,2026-04
GOLD,SHORT,2026-04-16 23:12:00,129792.0,129798.8,129764.79999999999,SHA_FLIP,2026-04-16 23:21:00,129764.79999999999,TAKE_PROFIT,2720.000000001164,5591.68,-2871.679999998836,9.0,2026-04
GOLD,SHORT,2026-04-17 23:29:00,129500.0,129713.20000000008,128647.19999999966,SHA_FLIP,2026-04-20 09:23:00,129454.0,SESSION_END,4600.0,5580.0,-980.0,3474.0,2026-04
GOLD,LONG,2026-04-20 20:59:00,130000.0,129764.4,130942.40000000002,SHA_FLIP,2026-04-20 22:56:00,129764.4,STOP_LOSS,-23560.000000000582,5600.0,-29160.000000000582,117.0,2026-04
GOLD,SHORT,2026-04-20 22:56:00,129617.0,129851.38229021944,128679.47083912225,SHA_FLIP,2026-04-21 11:47:00,129611.0,SESSION_END,600.0,5584.68,-4984.68,771.0,2026-04
GOLD,SHORT,2026-04-21 20:39:00,128901.0,129152.6,127894.59999999998,SHA_FLIP,2026-04-22 09:08:00,129190.0,SESSION_END,-28900.0,5556.04,-34456.04,749.0,2026-04
GOLD,SHORT,2026-04-22 18:26:00,128696.0,128776.0000000022,128375.99999999121,SHA_FLIP,2026-04-23 17:52:00,128776.0000000022,STOP_LOSS,-8000.000000219734,5547.84,-13547.840000219734,1406.0,2026-04
GOLD,LONG,2026-04-23 17:52:00,128801.0,128750.9999999994,129001.00000000239,SHA_FLIP,2026-04-23 20:38:00,128750.9999999994,STOP_LOSS,-5000.000000059663,5552.04,-10552.040000059664,166.0,2026-04
GOLD,SHORT,2026-04-23 20:38:00,128750.0,128828.2000000012,128437.19999999518,SHA_FLIP,2026-04-23 21:40:00,128437.19999999518,TAKE_PROFIT,31280.00000048196,5550.0,25730.00000048196,62.0,2026-04
GOLD,SHORT,2026-04-27 18:56:00,128155.0,128252.6,127764.59999999998,SHA_FLIP,2026-04-27 22:10:00,127764.59999999998,TAKE_PROFIT,39040.00000000233,5526.2,33513.80000000233,194.0,2026-04
GOLD,SHORT,2026-04-27 22:39:00,127665.0,127708.91000568388,127489.35997726448,SHA_FLIP,2026-04-27 22:50:00,127708.91000568388,STOP_LOSS,-4391.000568387972,5506.6,-9897.600568387972,11.0,2026-04
GOLD,SHORT,2026-04-27 22:57:00,127484.0,127804.54968582785,126201.8012566886,SHA_FLIP,2026-04-28 11:10:00,127011.0,SESSION_END,47300.0,5499.360000000001,41800.64,733.0,2026-04
GOLD,SHORT,2026-04-28 19:50:00,126073.0,126292.65248360972,125194.3900655611,SHA_FLIP,2026-04-28 22:45:00,126292.65248360972,STOP_LOSS,-21965.248360972328,5442.92,-27408.168360972326,175.0,2026-04
GOLD,LONG,2026-04-28 22:45:00,126681.0,126382.19999999476,127876.20000002097,SHA_FLIP,2026-04-28 22:58:00,126382.19999999476,STOP_LOSS,-29880.00000052416,5467.240000000001,-35347.24000052416,13.0,2026-04
GOLD,LONG,2026-04-28 23:06:00,126965.0,126677.40981857854,128115.36072568584,SHA_FLIP,2026-04-29 11:09:00,126692.0,SESSION_END,-27300.0,5478.6,-32778.6,723.0,2026-04
GOLD,SHORT,2026-04-29 18:25:00,125585.0,125722.6,125034.59999999998,SHA_FLIP,2026-04-29 23:04:00,125722.6,STOP_LOSS,-13760.000000000582,5423.400000000001,-19183.400000000584,279.0,2026-04
GOLD,LONG,2026-04-30 19:04:00,127347.0,127342.99999769963,127363.00000920147,SHA_FLIP,2026-04-30 19:17:00,127342.99999769963,STOP_LOSS,-400.00023003667593,5493.88,-5893.880230036676,13.0,2026-04
GOLD,SHORT,2026-04-30 19:17:00,127150.0,127229.42249727316,126832.31001090736,SHA_FLIP,2026-04-30 22:11:00,127229.42249727316,STOP_LOSS,-7942.249727316084,5486.0,-13428.249727316084,174.0,2026-04
GOLD,SHORT,2026-04-30 22:13:00,126968.0,127096.91768733354,126452.32925066585,SHA_FLIP,2026-05-01 17:05:00,126699.0,SESSION_END,26900.0,5478.72,21421.28,1132.0,2026-05
GOLD,LONG,2026-05-01 19:12:00,127389.0,127339.3761919985,127587.49523200601,SHA_FLIP,2026-05-01 19:27:00,127587.49523200601,TAKE_PROFIT,19849.523200601107,5495.56,14353.963200601105,15.0,2026-05
GOLD,SHORT,2026-05-01 20:04:00,127607.0,127728.05972410661,127122.76110357355,SHA_FLIP,2026-05-01 20:08:00,127728.05972410661,STOP_LOSS,-12105.972410661343,5504.280000000001,-17610.252410661342,4.0,2026-05
GOLD,SHORT,2026-05-01 20:36:00,127500.0,127585.73778575961,127157.04885696154,SHA_FLIP,2026-05-01 22:26:00,127585.73778575961,STOP_LOSS,-8573.778575961478,5500.0,-14073.778575961478,110.0,2026-05
GOLD,LONG,2026-05-01 22:26:00,127749.0,127649.39998750022,128147.40004999912,SHA_FLIP,2026-05-01 23:11:00,127649.39998750022,STOP_LOSS,-9960.001249978086,5509.96,-15469.961249978085,45.0,2026-05
GOLD,LONG,2026-05-04 17:48:00,127000.0,126814.82529095384,127740.69883618463,SHA_FLIP,2026-05-04 19:38:00,126814.82529095384,STOP_LOSS,-18517.470904615766,5480.0,-23997.470904615766,110.0,2026-05
GOLD,SHORT,2026-05-04 19:38:00,126804.0,126882.40002699678,126490.39989201288,SHA_FLIP,2026-05-04 20:06:00,126882.40002699678,STOP_LOSS,-7840.002699678007,5472.16,-13312.162699678007,28.0,2026-05
GOLD,SHORT,2026-05-04 21:20:00,126291.0,126496.8758706027,125467.4965175892,SHA_FLIP,2026-05-04 22:13:00,126496.8758706027,STOP_LOSS,-20587.587060270016,5451.64,-26039.227060270015,53.0,2026-05
GOLD,LONG,2026-05-04 22:13:00,126560.0,126390.05195386532,127239.79218453873,SHA_FLIP,2026-05-04 22:22:00,126390.05195386532,STOP_LOSS,-16994.804613468295,5462.400000000001,-22457.204613468297,9.0,2026-05
GOLD,LONG,2026-05-04 22:57:00,126800.0,126609.5139044335,127561.94438226603,SHA_FLIP,2026-05-05 09:16:00,126687.0,SESSION_END,-11300.0,5472.0,-16772.0,619.0,2026-05
BANKNIFTY,LONG,2026-05-05 13:22:00,54821.7,54789.53054519104,54902.12363702239,ARMED_STOP,2026-05-05 13:23:00,54789.53054519104,STOP_LOSS,-965.0836442687432,628.9302,-1594.0138442687432,1.0,2026-05
GOLD,LONG,2026-05-05 17:36:00,126631.0,126532.99785998008,127023.00856007967,SHA_FLIP,2026-05-05 22:25:00,126532.99785998008,STOP_LOSS,-9800.214001991844,5465.240000000001,-15265.454001991846,289.0,2026-05
GOLD,SHORT,2026-05-05 23:13:00,126335.0,126469.60082056734,125796.59671773063,SHA_FLIP,2026-05-06 09:00:00,127547.0,SESSION_END,-121200.0,5453.400000000001,-126653.4,587.0,2026-05
GOLD,SHORT,2026-05-06 20:11:00,127902.0,127974.52284188248,127611.90863247006,SHA_FLIP,2026-05-06 22:33:00,127611.90863247006,TAKE_PROFIT,29009.1367529938,5516.08,23493.056752993798,142.0,2026-05
GOLD,LONG,2026-05-06 22:57:00,127802.0,127723.6588094966,128115.3647620136,SHA_FLIP,2026-05-06 23:03:00,127723.6588094966,STOP_LOSS,-7834.119050340087,5512.08,-13346.199050340087,6.0,2026-05
GOLD,LONG,2026-05-06 23:08:00,127870.0,127714.82940303747,128490.68238785013,SHA_FLIP,2026-05-06 23:12:00,127714.82940303747,STOP_LOSS,-15517.059696253273,5514.8,-21031.859696253272,4.0,2026-05
GOLD,SHORT,2026-05-07 18:43:00,128310.0,128423.52890340443,127855.8843863823,SHA_FLIP,2026-05-07 19:03:00,128423.52890340443,STOP_LOSS,-11352.890340442536,5532.400000000001,-16885.290340442538,20.0,2026-05
GOLD,SHORT,2026-05-07 19:31:00,128324.0,128436.62819984228,127873.48720063089,SHA_FLIP,2026-05-07 19:34:00,128436.62819984228,STOP_LOSS,-11262.819984227826,5532.96,-16795.779984227825,3.0,2026-05
GOLD,SHORT,2026-05-07 21:31:00,128210.0,128372.80269302097,127558.7892279161,SHA_FLIP,2026-05-08 09:02:00,128180.0,SESSION_END,3000.0,5528.400000000001,-2528.4000000000005,691.0,2026-05
BANKNIFTY,SHORT,2026-05-08 14:21:00,55102.35,55151.34728802118,54979.85677994705,ARMED_STOP,2026-05-08 14:23:00,55151.34728802118,STOP_LOSS,-1469.9186406353692,630.6141,-2100.532740635369,2.0,2026-05
GOLD,LONG,2026-05-08 18:27:00,128253.0,128191.79999999469,128497.80000002123,SHA_FLIP,2026-05-08 19:27:00,128497.80000002123,TAKE_PROFIT,24480.000002123415,5530.12,18949.880002123416,60.0,2026-05
GOLD,SHORT,2026-05-08 19:35:00,128318.0,128392.76359205347,128018.94563178613,SHA_FLIP,2026-05-08 22:01:00,128018.94563178613,TAKE_PROFIT,29905.436821386684,5532.72,24372.716821386683,146.0,2026-05
GOLD,SHORT,2026-05-08 22:01:00,127986.0,128085.67747349221,127587.29010603117,SHA_FLIP,2026-05-11 09:02:00,127669.0,SESSION_END,31700.0,5519.4400000000005,26180.559999999998,3541.0,2026-05
GOLD,LONG,2026-05-11 18:28:00,128140.0,128065.876654534,128436.49338186398,SHA_FLIP,2026-05-11 18:39:00,128436.49338186398,TAKE_PROFIT,29649.33818639838,5525.6,24123.738186398383,11.0,2026-05
GOLD,LONG,2026-05-11 19:25:00,128867.0,128709.14328842852,129498.42684628593,SHA_FLIP,2026-05-11 19:28:00,128709.14328842852,STOP_LOSS,-15785.671157148317,5554.68,-21340.351157148318,3.0,2026-05
GOLD,SHORT,2026-05-11 20:04:00,128376.0,128444.87334822112,128100.5066071155,SHA_FLIP,2026-05-11 23:09:00,128444.87334822112,STOP_LOSS,-6887.334822112462,5535.04,-12422.374822112462,185.0,2026-05
GOLD,LONG,2026-05-12 18:16:00,128741.0,128648.67811801571,129110.28752793715,SHA_FLIP,2026-05-12 18:38:00,128648.67811801571,STOP_LOSS,-9232.188198428776,5549.64,-14781.828198428775,22.0,2026-05
GOLD,SHORT,2026-05-12 18:38:00,128515.0,128613.32794318632,128121.68822725472,SHA_FLIP,2026-05-12 19:43:00,128613.32794318632,STOP_LOSS,-9832.794318631932,5540.6,-15373.394318631932,65.0,2026-05
GOLD,LONG,2026-05-12 19:43:00,128702.0,128586.0508018648,129165.79679254082,SHA_FLIP,2026-05-12 20:14:00,128586.0508018648,STOP_LOSS,-11594.919813520391,5548.08,-17142.999813520393,31.0,2026-05
GOLD,LONG,2026-05-12 22:48:00,128582.0,128491.3859876103,128944.45604955882,SHA_FLIP,2026-05-12 23:25:00,128491.3859876103,STOP_LOSS,-9061.401238970575,5543.280000000001,-14604.681238970576,37.0,2026-05
GOLD,SHORT,2026-05-12 23:25:00,128358.0,128457.24079878251,127961.03680486995,SHA_FLIP,2026-05-13 09:00:00,133879.0,SESSION_END,-552100.0,5534.320000000001,-557634.32,575.0,2026-05
BANKNIFTY,SHORT,2026-05-13 09:47:00,53314.5,53340.45399912585,53249.615002185375,ARMED_STOP,2026-05-13 09:51:00,53340.45399912585,STOP_LOSS,-778.6199737754941,619.887,-1398.506973775494,4.0,2026-05
GOLD,SHORT,2026-05-13 18:08:00,135400.0,135498.2389996014,135007.04400159442,SHA_FLIP,2026-05-13 20:06:00,135498.2389996014,STOP_LOSS,-9823.899960139534,5816.0,-15639.899960139534,118.0,2026-05
GOLD,LONG,2026-05-13 20:38:00,135630.0,135564.70251938442,135891.18992246233,SHA_FLIP,2026-05-13 20:42:00,135564.70251938442,STOP_LOSS,-6529.748061558348,5825.2,-12354.948061558349,4.0,2026-05
GOLD,SHORT,2026-05-13 20:43:00,135422.0,135526.03357691548,135005.8656923381,SHA_FLIP,2026-05-13 20:57:00,135526.03357691548,STOP_LOSS,-10403.357691547717,5816.88,-16220.237691547718,14.0,2026-05
GOLD,LONG,2026-05-13 20:57:00,135629.0,135532.16854084752,136016.32583660993,SHA_FLIP,2026-05-13 22:00:00,136016.32583660993,TAKE_PROFIT,38732.58366099326,5825.16,32907.423660993256,63.0,2026-05
GOLD,LONG,2026-05-13 22:54:00,135971.0,135892.9219540449,136283.3121838204,SHA_FLIP,2026-05-13 23:16:00,135892.9219540449,STOP_LOSS,-7807.8045955102425,5838.84,-13646.644595510243,22.0,2026-05
GOLD,LONG,2026-05-13 23:21:00,136036.0,135940.85623144874,136416.57507420506,SHA_FLIP,2026-05-13 23:27:00,135940.85623144874,STOP_LOSS,-9514.376855126466,5841.4400000000005,-15355.816855126466,6.0,2026-05
GOLD,SHORT,2026-05-14 18:01:00,135950.0,136030.49657833195,135628.0136866722,SHA_FLIP,2026-05-14 22:11:00,135628.0136866722,TAKE_PROFIT,32198.63133277977,5838.0,26360.63133277977,250.0,2026-05
GOLD,LONG,2026-05-14 23:10:00,135867.0,135750.047249516,136334.81100193597,SHA_FLIP,2026-05-15 09:02:00,134933.0,SESSION_END,-93400.0,5834.68,-99234.68,592.0,2026-05
GOLD,SHORT,2026-05-15 21:59:00,133665.0,133779.28564455334,133207.85742178664,SHA_FLIP,2026-05-15 22:10:00,133779.28564455334,STOP_LOSS,-11428.56445533398,5746.6,-17175.16445533398,11.0,2026-05
GOLD,LONG,2026-05-15 22:10:00,133869.0,133763.7209263816,134290.11629447364,SHA_FLIP,2026-05-18 09:02:00,133521.0,SESSION_END,-34800.0,5754.76,-40554.76,3532.0,2026-05
GOLD,LONG,2026-05-18 18:43:00,134254.0,134246.81088477734,134282.75646089064,SHA_FLIP,2026-05-18 19:04:00,134282.75646089064,TAKE_PROFIT,2875.6460890639573,5770.16,-2894.5139109360425,21.0,2026-05
GOLD,SHORT,2026-05-18 19:41:00,134361.0,134392.57311614425,134234.707535423,SHA_FLIP,2026-05-18 20:05:00,134234.707535423,TAKE_PROFIT,12629.246457701083,5774.4400000000005,6854.806457701083,24.0,2026-05
GOLD,SHORT,2026-05-18 20:32:00,133950.0,134013.53992323412,133695.84030706354,SHA_FLIP,2026-05-18 21:24:00,134013.53992323412,STOP_LOSS,-6353.992323411512,5758.0,-12111.992323411512,52.0,2026-05
GOLD,LONG,2026-05-18 21:24:00,134064.0,134033.09548375316,134187.61806498736,SHA_FLIP,2026-05-18 21:50:00,134033.09548375316,STOP_LOSS,-3090.4516246839194,5762.56,-8853.01162468392,26.0,2026-05
GOLD,SHORT,2026-05-18 21:50:00,133945.0,133993.3484734067,133751.60610637325,SHA_FLIP,2026-05-18 22:55:00,133993.3484734067,STOP_LOSS,-4834.847340668784,5757.8,-10592.647340668784,65.0,2026-05
GOLD,LONG,2026-05-19 17:40:00,133480.0,133469.99343157923,133520.02627368306,SHA_FLIP,2026-05-19 17:49:00,133520.02627368306,TAKE_PROFIT,4002.6273683062755,5739.2,-1736.5726316937244,9.0,2026-05
GOLD,SHORT,2026-05-19 18:42:00,133377.0,133438.61177348002,133130.55290607992,SHA_FLIP,2026-05-19 19:02:00,133130.55290607992,TAKE_PROFIT,24644.70939200837,5735.08,18909.62939200837,20.0,2026-05
GOLD,SHORT,2026-05-19 20:20:00,132650.0,132786.04506382602,132105.8197446959,SHA_FLIP,2026-05-19 22:23:00,132786.04506382602,STOP_LOSS,-13604.506382602267,5706.0,-19310.506382602267,123.0,2026-05
GOLD,LONG,2026-05-19 22:23:00,132789.0,132746.95294897858,132957.1882040857,SHA_FLIP,2026-05-19 22:56:00,132746.95294897858,STOP_LOSS,-4204.705102142179,5711.56,-9916.26510214218,33.0,2026-05
GOLD,SHORT,2026-05-19 22:56:00,132639.0,132699.37398537504,132397.50405849982,SHA_FLIP,2026-05-20 09:24:00,132001.0,SESSION_END,63800.0,5705.56,58094.44,628.0,2026-05
GOLD,SHORT,2026-05-20 17:36:00,132521.0,132594.00213186527,132228.9914725389,SHA_FLIP,2026-05-20 18:03:00,132594.00213186527,STOP_LOSS,-7300.213186527253,5700.84,-13001.053186527253,27.0,2026-05
GOLD,LONG,2026-05-20 18:03:00,132800.0,132686.86770614228,133252.5291754309,SHA_FLIP,2026-05-20 19:01:00,132686.86770614228,STOP_LOSS,-11313.229385772138,5712.0,-17025.229385772138,58.0,2026-05
GOLD,SHORT,2026-05-20 19:01:00,132618.0,132690.82811952638,132326.68752189446,SHA_FLIP,2026-05-20 20:05:00,132690.82811952638,STOP_LOSS,-7282.81195263844,5704.72,-12987.531952638441,64.0,2026-05
GOLD,LONG,2026-05-20 20:05:00,132902.0,132788.39232933414,133356.43068266346,SHA_FLIP,2026-05-21 09:23:00,132783.0,SESSION_END,-11900.0,5716.08,-17616.08,798.0,2026-05
GOLD,SHORT,2026-05-21 20:10:00,132710.0,132738.32612626796,132596.69549492816,SHA_FLIP,2026-05-21 20:30:00,132596.69549492816,TAKE_PROFIT,11330.45050718356,5708.400000000001,5622.050507183559,20.0,2026-05
GOLD,LONG,2026-05-21 21:36:00,132730.0,132627.19237217924,133141.23051128304,SHA_FLIP,2026-05-21 22:24:00,132627.19237217924,STOP_LOSS,-10280.762782075908,5709.2,-15989.962782075909,48.0,2026-05
GOLD,SHORT,2026-05-21 22:24:00,132613.0,132659.90688722805,132425.3724510878,SHA_FLIP,2026-05-21 22:58:00,132659.90688722805,STOP_LOSS,-4690.688722804771,5704.52,-10395.208722804771,34.0,2026-05
GOLD,LONG,2026-05-21 22:58:00,132724.0,132679.2384171826,132903.04633126955,SHA_FLIP,2026-05-21 23:29:00,132903.04633126955,TAKE_PROFIT,17904.633126955014,5708.96,12195.673126955015,31.0,2026-05
GOLD,LONG,2026-05-22 18:42:00,132811.0,132712.118488919,133206.52604432404,SHA_FLIP,2026-05-22 19:45:00,132712.118488919,STOP_LOSS,-9888.15110810101,5712.4400000000005,-15600.59110810101,63.0,2026-05
GOLD,SHORT,2026-05-22 19:45:00,132500.0,132624.41201702514,132002.35193189944,SHA_FLIP,2026-05-22 22:48:00,132624.41201702514,STOP_LOSS,-12441.201702514081,5700.0,-18141.20170251408,183.0,2026-05
GOLD,LONG,2026-05-22 22:48:00,132653.0,132591.79999999946,132897.80000000214,SHA_FLIP,2026-05-25 09:15:00,132830.0,SESSION_END,17700.0,5706.12,11993.880000000001,3507.0,2026-05
GOLD,LONG,2026-05-25 19:36:00,132957.0,132956.19999638273,132960.2000144691,SHA_FLIP,2026-05-25 19:51:00,132960.2000144691,TAKE_PROFIT,320.00144690973684,5718.280000000001,-5398.278553090264,15.0,2026-05
GOLD,SHORT,2026-05-25 20:11:00,132935.0,132965.79413475556,132811.82346097776,SHA_FLIP,2026-05-25 20:53:00,132965.79413475556,STOP_LOSS,-3079.4134755560663,5717.400000000001,-8796.813475556068,42.0,2026-05
GOLD,LONG,2026-05-26 18:18:00,132530.0,132469.19861966022,132773.2055213591,SHA_FLIP,2026-05-26 18:42:00,132469.19861966022,STOP_LOSS,-6080.13803397771,5701.2,-11781.33803397771,24.0,2026-05
GOLD,SHORT,2026-05-26 18:42:00,132378.0,132447.81347784822,132098.74608860712,SHA_FLIP,2026-05-26 18:51:00,132447.81347784822,STOP_LOSS,-6981.347784821992,5695.12,-12676.46778482199,9.0,2026-05
GOLD,SHORT,2026-05-26 20:31:00,132445.0,132496.60014777197,132238.59940891212,SHA_FLIP,2026-05-26 23:00:00,132238.59940891212,TAKE_PROFIT,20640.059108787682,5697.8,14942.259108787683,149.0,2026-05
GOLD,SHORT,2026-05-27 17:38:00,130970.0,131003.29248252846,130836.83006988617,SHA_FLIP,2026-05-27 17:49:00,131003.29248252846,STOP_LOSS,-3329.2482528457185,5638.8,-8968.048252845718,11.0,2026-05
GOLD,LONG,2026-05-27 20:01:00,131179.0,131107.52498957244,131464.90004171024,SHA_FLIP,2026-05-27 20:04:00,131107.52498957244,STOP_LOSS,-7147.501042755903,5647.16,-12794.661042755903,3.0,2026-05
GOLD,SHORT,2026-05-27 20:04:00,130960.0,131094.12758456572,130423.48966173711,SHA_FLIP,2026-05-27 20:28:00,131094.12758456572,STOP_LOSS,-13412.758456572192,5638.400000000001,-19051.158456572193,24.0,2026-05
GOLD,LONG,2026-05-27 20:28:00,131132.0,131058.87517696312,131424.49929214752,SHA_FLIP,2026-05-27 20:52:00,131058.87517696312,STOP_LOSS,-7312.482303688012,5645.280000000001,-12957.762303688012,24.0,2026-05
GOLD,SHORT,2026-05-27 20:52:00,130909.0,130994.42800756071,130567.28796975716,SHA_FLIP,2026-05-27 21:15:00,130994.42800756071,STOP_LOSS,-8542.800756070937,5636.360000000001,-14179.160756070938,23.0,2026-05
GOLD,SHORT,2026-05-27 23:24:00,131251.0,131316.70014399607,130988.19942401571,SHA_FLIP,2026-05-27 23:25:00,131316.70014399607,STOP_LOSS,-6570.014399607317,5650.04,-12220.054399607317,1.0,2026-05
GOLD,LONG,2026-05-27 23:28:00,131400.0,131324.13669505835,131703.4532197666,SHA_FLIP,2026-05-28 17:02:00,130358.0,SESSION_END,-104200.0,5656.0,-109856.0,1054.0,2026-05
GOLD,SHORT,2026-05-28 17:41:00,129978.0,130102.40740278993,129480.37038884027,SHA_FLIP,2026-05-28 18:18:00,130102.40740278993,STOP_LOSS,-12440.740278993326,5599.12,-18039.860278993325,37.0,2026-05
GOLD,LONG,2026-05-28 18:18:00,130163.0,130030.10685582494,130694.57257670024,SHA_FLIP,2026-05-28 19:40:00,130694.57257670024,TAKE_PROFIT,53157.25767002441,5606.52,47550.737670024406,82.0,2026-05
BANKNIFTY,SHORT,2026-05-29 15:12:00,54216.3,54257.626843249265,54112.98289187685,ARMED_STOP,2026-05-29 15:15:00,54257.626843249265,STOP_LOSS,-1239.8052974778693,625.2978,-1865.1030974778694,3.0,2026-05
GOLD,SHORT,2026-05-29 17:34:00,131591.0,131708.2002866147,131122.19885354117,SHA_FLIP,2026-05-29 19:31:00,131708.2002866147,STOP_LOSS,-11720.02866147086,5663.64,-17383.66866147086,117.0,2026-05
GOLD,LONG,2026-05-29 19:31:00,131757.0,131640.33528459712,132223.6588616115,SHA_FLIP,2026-05-29 20:03:00,131640.33528459712,STOP_LOSS,-11666.471540287603,5670.280000000001,-17336.7515402876,32.0,2026-05
GOLD,SHORT,2026-05-29 20:03:00,131618.0,131704.98403350014,131270.06386599946,SHA_FLIP,2026-05-29 20:40:00,131704.98403350014,STOP_LOSS,-8698.403350013541,5664.72,-14363.123350013542,37.0,2026-05
GOLD,LONG,2026-05-29 20:40:00,132328.0,132043.56351734276,133465.74593062897,SHA_FLIP,2026-05-29 21:13:00,132043.56351734276,STOP_LOSS,-28443.648265724187,5693.12,-34136.76826572419,33.0,2026-05
GOLD,SHORT,2026-05-29 23:21:00,131830.0,131914.57665608483,131491.6933756607,SHA_FLIP,2026-05-29 23:29:00,131914.57665608483,STOP_LOSS,-8457.665608482785,5673.2,-14130.865608482785,8.0,2026-05
BANKNIFTY,SHORT,2026-06-01 09:52:00,54177.8,54205.74454981442,54107.938625463954,ARMED_STOP,2026-06-01 09:56:00,54107.938625463954,TAKE_PROFIT,2095.841236081469,625.0668000000001,1470.774436081469,4.0,2026-06
GOLD,SHORT,2026-06-01 19:15:00,130750.0,130812.58376098232,130499.66495607072,SHA_FLIP,2026-06-01 20:43:00,130812.58376098232,STOP_LOSS,-6258.376098232111,5630.0,-11888.376098232111,88.0,2026-06
GOLD,SHORT,2026-06-01 21:41:00,130784.0,130826.65288596043,130613.38845615828,SHA_FLIP,2026-06-01 22:25:00,130826.65288596043,STOP_LOSS,-4265.288596042956,5631.360000000001,-9896.648596042956,44.0,2026-06
GOLD,LONG,2026-06-01 22:25:00,130993.0,130909.32139674612,131327.71441301552,SHA_FLIP,2026-06-01 22:39:00,130909.32139674612,STOP_LOSS,-8367.860325388028,5639.72,-14007.58032538803,14.0,2026-06
GOLD,LONG,2026-06-01 22:57:00,131018.0,130974.50639903867,131191.97440384532,SHA_FLIP,2026-06-01 23:04:00,130974.50639903867,STOP_LOSS,-4349.360096133023,5640.72,-9990.080096133024,7.0,2026-06
GOLD,LONG,2026-06-01 23:17:00,131161.0,131077.26737751055,131495.9304899578,SHA_FLIP,2026-06-01 23:20:00,131077.26737751055,STOP_LOSS,-8373.262248944957,5646.4400000000005,-14019.702248944957,3.0,2026-06
BANKNIFTY,LONG,2026-06-02 13:13:00,53899.65,53826.63809678051,54082.17975804873,ARMED_STOP,2026-06-02 13:14:00,53826.63809678051,STOP_LOSS,-2190.3570965847757,623.3978999999999,-2813.7549965847757,1.0,2026-06
GOLD,SHORT,2026-06-02 18:51:00,131703.0,131848.60031119845,131120.5987552062,SHA_FLIP,2026-06-03 09:12:00,131288.0,SESSION_END,41500.0,5668.12,35831.88,861.0,2026-06
BANKNIFTY,LONG,2026-06-03 15:04:00,54198.25,54172.96997452565,54261.45006368587,ARMED_STOP,2026-06-03 15:05:00,54261.45006368587,TAKE_PROFIT,1896.0019105761603,625.1895,1270.8124105761603,1.0,2026-06
GOLD,SHORT,2026-06-03 17:46:00,130746.0,130840.08409982776,130369.66360068897,SHA_FLIP,2026-06-03 18:17:00,130840.08409982776,STOP_LOSS,-9408.409982775629,5629.84,-15038.24998277563,31.0,2026-06
GOLD,SHORT,2026-06-03 23:02:00,130642.0,130705.99781363535,130386.00874545862,SHA_FLIP,2026-06-03 23:13:00,130705.99781363535,STOP_LOSS,-6399.7813635345665,5625.68,-12025.461363534567,11.0,2026-06
GOLD,LONG,2026-06-03 23:22:00,130856.0,130745.2082814548,131299.16687418078,SHA_FLIP,2026-06-04 09:01:00,131093.0,SESSION_END,23700.0,5634.240000000001,18065.76,579.0,2026-06
GOLD,SHORT,2026-06-04 18:37:00,131528.0,131591.49002221585,131274.0399111366,SHA_FLIP,2026-06-04 18:48:00,131591.49002221585,STOP_LOSS,-6349.002221584669,5661.12,-12010.122221584668,11.0,2026-06
GOLD,LONG,2026-06-04 20:49:00,131297.0,131258.6708782503,131450.3164869988,SHA_FLIP,2026-06-04 21:17:00,131258.6708782503,STOP_LOSS,-3832.912174970261,5651.88,-9484.792174970262,28.0,2026-06
GOLD,SHORT,2026-06-04 21:17:00,131209.0,131244.89724832436,131065.41100670258,SHA_FLIP,2026-06-04 21:54:00,131244.89724832436,STOP_LOSS,-3589.724832435604,5648.360000000001,-9238.084832435605,37.0,2026-06
GOLD,LONG,2026-06-04 21:54:00,131317.0,131260.81986893795,131541.7205242482,SHA_FLIP,2026-06-04 22:58:00,131260.81986893795,STOP_LOSS,-5618.013106205035,5652.68,-11270.693106205035,64.0,2026-06
SILVER,LONG,2026-06-01 10:41:00,2925.0,2808.3333333333335,3274.9999999999995,SHA_FLIP,2026-06-05 09:00:00,2816.0,SESSION_END,-3270.0,215.1,-3485.1,5659.0,2026-06
GOLD,SHORT,2026-06-04 23:20:00,131124.0,131180.80294798143,130896.78820807429,SHA_FLIP,2026-06-05 09:02:00,130687.0,SESSION_END,43700.0,5644.96,38055.04,582.0,2026-06
SILVER,SHORT,2026-06-05 10:29:00,2799.0,2804.125584256265,2783.623247231205,SHA_FLIP,2026-06-05 10:35:00,2804.125584256265,STOP_LOSS,-153.76752768795086,213.588,-367.3555276879508,6.0,2026-06
GOLD,LONG,2026-06-05 17:49:00,130595.0,130556.99984615725,130747.00061537098,SHA_FLIP,2026-06-05 17:54:00,130556.99984615725,STOP_LOSS,-3800.015384274593,5623.8,-9423.815384274592,5.0,2026-06
SILVER,SHORT,2026-06-05 10:39:00,2795.0,2804.797026000136,2765.6089219995915,SHA_FLIP,2026-06-05 17:57:00,2804.797026000136,STOP_LOSS,-293.9107800040847,213.54,-507.45078000408466,438.0,2026-06
GOLD,SHORT,2026-06-05 17:55:00,130434.0,130505.9160041323,130146.33598347078,SHA_FLIP,2026-06-05 18:25:00,130146.33598347078,TAKE_PROFIT,28766.401652921923,5617.360000000001,23149.041652921922,30.0,2026-06
SILVER,SHORT,2026-06-05 18:22:00,2781.0,2797.072523999774,2732.7824280006776,SHA_FLIP,2026-06-05 19:26:00,2732.7824280006776,TAKE_PROFIT,1446.5271599796733,213.372,1233.1551599796733,64.0,2026-06
SILVER,LONG,2026-06-05 20:28:00,2712.0,2700.213018611668,2747.3609441649965,SHA_FLIP,2026-06-05 20:41:00,2700.213018611668,STOP_LOSS,-353.60944164996454,212.544,-566.1534416499645,13.0,2026-06
GOLD,SHORT,2026-06-05 19:52:00,129168.0,129351.54302733116,128433.82789067534,SHA_FLIP,2026-06-08 09:00:00,127715.0,SESSION_END,145300.0,5566.72,139733.28,3668.0,2026-06
SILVER,SHORT,2026-06-05 20:42:00,2685.0,2703.4408973792483,2629.677307862255,SHA_FLIP,2026-06-08 09:00:00,2645.0,SESSION_END,1200.0,212.22,987.78,3618.0,2026-06
SILVER,SHORT,2026-06-08 09:37:00,2636.0,2645.1532473908915,2608.5402578273256,SHA_FLIP,2026-06-08 11:04:00,2608.5402578273256,TAKE_PROFIT,823.7922651802319,211.632,612.1602651802318,87.0,2026-06
SILVER,SHORT,2026-06-08 13:32:00,2602.0,2613.384812109749,2567.845563670753,SHA_FLIP,2026-06-08 16:40:00,2613.384812109749,STOP_LOSS,-341.5443632924689,211.224,-552.7683632924688,188.0,2026-06
SILVER,LONG,2026-06-08 17:26:00,2647.0,2640.2164424255916,2667.350672723225,SHA_FLIP,2026-06-08 17:43:00,2640.2164424255916,STOP_LOSS,-203.50672723225216,211.764,-415.27072723225217,17.0,2026-06
GOLD,LONG,2026-06-08 18:01:00,127838.0,127782.3747413107,128060.50103475718,SHA_FLIP,2026-06-08 18:21:00,127782.3747413107,STOP_LOSS,-5562.525868929515,5513.52,-11076.045868929516,20.0,2026-06
GOLD,LONG,2026-06-08 18:28:00,127859.0,127791.07964918367,128130.68140326533,SHA_FLIP,2026-06-08 18:48:00,127791.07964918367,STOP_LOSS,-6792.035081633367,5514.360000000001,-12306.395081633367,20.0,2026-06
GOLD,SHORT,2026-06-08 18:48:00,127519.0,127658.88187713498,126959.4724914601,SHA_FLIP,2026-06-08 19:07:00,127658.88187713498,STOP_LOSS,-13988.18771349761,5500.76,-19488.94771349761,19.0,2026-06
SILVER,LONG,2026-06-08 17:54:00,2650.0,2642.247962006486,2673.256113980542,SHA_FLIP,2026-06-08 19:44:00,2642.247962006486,STOP_LOSS,-232.56113980542068,211.8,-444.3611398054207,110.0,2026-06
GOLD,LONG,2026-06-08 20:21:00,127453.0,127431.28681592077,127539.85273631691,SHA_FLIP,2026-06-08 20:28:00,127539.85273631691,TAKE_PROFIT,8685.273631691234,5498.12,3187.1536316912343,7.0,2026-06
GOLD,LONG,2026-06-08 21:34:00,127903.0,127843.36955490866,128141.52178036538,SHA_FLIP,2026-06-08 21:56:00,127843.36955490866,STOP_LOSS,-5963.044509134488,5516.12,-11479.164509134487,22.0,2026-06
GOLD,LONG,2026-06-08 22:12:00,127903.0,127854.0932444494,128098.62702220242,SHA_FLIP,2026-06-08 22:13:00,127854.0932444494,STOP_LOSS,-4890.675555060443,5516.12,-10406.795555060442,1.0,2026-06
GOLD,SHORT,2026-06-08 22:13:00,127728.0,127840.38585481052,127278.45658075792,SHA_FLIP,2026-06-09 09:16:00,127974.0,SESSION_END,-24600.0,5509.12,-30109.12,663.0,2026-06
SILVER,LONG,2026-06-09 10:58:00,2636.0,2631.9814396587285,2648.0556810238145,SHA_FLIP,2026-06-09 11:13:00,2648.0556810238145,TAKE_PROFIT,361.6704307144346,211.632,150.03843071443458,15.0,2026-06
SILVER,SHORT,2026-06-09 12:26:00,2638.0,2642.816652939149,2623.5500411825524,SHA_FLIP,2026-06-09 13:41:00,2642.816652939149,STOP_LOSS,-144.49958817447623,211.656,-356.15558817447624,75.0,2026-06
SILVER,LONG,2026-06-09 13:41:00,2645.0,2641.644109221095,2655.0676723367155,SHA_FLIP,2026-06-09 14:32:00,2641.644109221095,STOP_LOSS,-100.67672336715532,211.74,-312.4167233671553,51.0,2026-06
SILVER,SHORT,2026-06-09 14:32:00,2636.0,2644.0040733633455,2611.9877799099636,SHA_FLIP,2026-06-09 16:46:00,2644.0040733633455,STOP_LOSS,-240.12220090036408,211.632,-451.7542009003641,134.0,2026-06
GOLD,SHORT,2026-06-09 20:34:00,126744.0,126907.59038279978,126089.63846880087,SHA_FLIP,2026-06-09 20:41:00,126907.59038279978,STOP_LOSS,-16359.038279978267,5469.76,-21828.79827997827,7.0,2026-06
GOLD,LONG,2026-06-09 21:35:00,126700.0,126606.75363813821,127072.98544744716,SHA_FLIP,2026-06-09 21:39:00,126606.75363813821,STOP_LOSS,-9324.636186179123,5468.0,-14792.636186179123,4.0,2026-06
SILVER,SHORT,2026-06-09 20:54:00,2578.0,2583.2292983676275,2562.3121048971175,SHA_FLIP,2026-06-09 21:40:00,2562.3121048971175,TAKE_PROFIT,470.63685308647564,210.936,259.7008530864756,46.0,2026-06
SILVER,SHORT,2026-06-09 21:40:00,2563.0,2567.846244445423,2548.461266663731,SHA_FLIP,2026-06-09 22:09:00,2548.461266663731,TAKE_PROFIT,436.1620000880748,210.756,225.40600008807482,29.0,2026-06
GOLD,SHORT,2026-06-09 22:10:00,126103.0,126394.54499074354,124936.82003702584,SHA_FLIP,2026-06-09 22:48:00,126394.54499074354,STOP_LOSS,-29154.499074353953,5444.12,-34598.619074353956,38.0,2026-06
SILVER,SHORT,2026-06-09 22:10:00,2546.0,2562.311467104413,2497.0655986867605,SHA_FLIP,2026-06-09 23:01:00,2562.311467104413,STOP_LOSS,-489.34401313239505,210.552,-699.8960131323951,51.0,2026-06
SILVER,LONG,2026-06-09 23:21:00,2567.0,2560.150834019629,2587.5474979411124,SHA_FLIP,2026-06-10 09:01:00,2520.0,SESSION_END,-1410.0,210.804,-1620.804,580.0,2026-06
SILVER,SHORT,2026-06-10 12:26:00,2534.0,2542.048104278502,2509.8556871644946,SHA_FLIP,2026-06-10 14:15:00,2509.8556871644946,TAKE_PROFIT,724.3293850651617,210.40800000000002,513.9213850651616,109.0,2026-06
SILVER,SHORT,2026-06-10 14:52:00,2509.0,2512.2030156191436,2499.3909531425693,SHA_FLIP,2026-06-10 15:00:00,2512.2030156191436,STOP_LOSS,-96.09046857430712,210.108,-306.1984685743071,8.0,2026-06
SILVER,LONG,2026-06-10 16:01:00,2520.0,2511.9727005673276,2544.081898298017,SHA_FLIP,2026-06-10 16:59:00,2511.9727005673276,STOP_LOSS,-240.81898298017222,210.24,-451.05898298017223,58.0,2026-06
SILVER,SHORT,2026-06-10 17:51:00,2497.0,2500.0084360940023,2487.974691717993,SHA_FLIP,2026-06-10 18:00:00,2500.0084360940023,STOP_LOSS,-90.2530828200679,209.964,-300.2170828200679,9.0,2026-06
GOLD,SHORT,2026-06-10 18:50:00,123079.0,123255.69467835712,122372.22128657153,SHA_FLIP,2026-06-10 18:57:00,123255.69467835712,STOP_LOSS,-17669.46783571184,5323.16,-22992.62783571184,7.0,2026-06
GOLD,SHORT,2026-06-10 20:16:00,123514.0,123690.96493758877,122806.14024964493,SHA_FLIP,2026-06-10 23:16:00,122806.14024964493,TAKE_PROFIT,70785.975035507,5340.56,65445.415035507,180.0,2026-06
SILVER,LONG,2026-06-10 18:00:00,2525.0,2504.673594996662,2585.9792150100143,SHA_FLIP,2026-06-11 09:04:00,2493.0,SESSION_END,-960.0,210.3,-1170.3,904.0,2026-06
SILVER,SHORT,2026-06-11 09:15:00,2504.0,2517.5321439018912,2463.4035682943263,SHA_FLIP,2026-06-11 11:13:00,2517.5321439018912,STOP_LOSS,-405.96431705673695,210.048,-616.012317056737,118.0,2026-06
SILVER,SHORT,2026-06-11 11:43:00,2510.0,2515.3886907745286,2493.833927676414,SHA_FLIP,2026-06-11 12:43:00,2515.3886907745286,STOP_LOSS,-161.66072323585922,210.12,-371.7807232358592,60.0,2026-06
SILVER,SHORT,2026-06-11 15:11:00,2508.0,2511.920306814398,2496.2390795568062,SHA_FLIP,2026-06-11 15:16:00,2511.920306814398,STOP_LOSS,-117.60920443193754,210.096,-327.70520443193755,5.0,2026-06
GOLD,LONG,2026-06-11 17:34:00,122320.0,122252.78559835392,122588.85760658432,SHA_FLIP,2026-06-11 17:38:00,122252.78559835392,STOP_LOSS,-6721.440164608066,5292.8,-12014.240164608065,4.0,2026-06
GOLD,SHORT,2026-06-11 17:40:00,122077.0,122226.00673394084,121480.97306423663,SHA_FLIP,2026-06-11 19:27:00,122226.00673394084,STOP_LOSS,-14900.673394084151,5283.08,-20183.753394084153,107.0,2026-06
GOLD,SHORT,2026-06-11 19:39:00,121686.0,121913.12258880668,120777.50964477326,SHA_FLIP,2026-06-11 19:53:00,121913.12258880668,STOP_LOSS,-22712.258880668378,5267.4400000000005,-27979.69888066838,14.0,2026-06
GOLD,SHORT,2026-06-11 20:46:00,122102.0,122142.77592283372,121938.8963086651,SHA_FLIP,2026-06-11 21:45:00,122142.77592283372,STOP_LOSS,-4077.59228337236,5284.08,-9361.67228337236,59.0,2026-06
GOLD,SHORT,2026-06-11 21:57:00,121988.0,122101.89297397833,121532.42810408666,SHA_FLIP,2026-06-11 23:00:00,122101.89297397833,STOP_LOSS,-11389.297397833434,5279.52,-16668.817397833434,63.0,2026-06
SILVER,SHORT,2026-06-11 15:28:00,2505.0,2512.0681115619923,2483.795665314023,SHA_FLIP,2026-06-11 23:01:00,2512.0681115619923,STOP_LOSS,-212.04334685976846,210.06,-422.10334685976846,453.0,2026-06
GOLD,LONG,2026-06-11 23:29:00,123600.0,123278.95414254954,124884.18342980184,SHA_FLIP,2026-06-12 09:00:00,124190.0,SESSION_END,59000.0,5344.0,53656.0,571.0,2026-06
SILVER,LONG,2026-06-11 23:01:00,2518.0,2503.790982929857,2560.6270512104293,SHA_FLIP,2026-06-12 09:00:00,2592.0,SESSION_END,2220.0,210.216,2009.784,599.0,2026-06
SILVER,SHORT,2026-06-12 10:00:00,2570.0,2574.8153920381546,2555.553823885536,SHA_FLIP,2026-06-12 10:02:00,2574.8153920381546,STOP_LOSS,-144.46176114463924,210.84,-355.3017611446393,2.0,2026-06
SILVER,LONG,2026-06-12 10:31:00,2576.0,2574.356138433321,2580.9315847000366,SHA_FLIP,2026-06-12 10:40:00,2574.356138433321,STOP_LOSS,-49.315847000366375,210.912,-260.2278470003664,9.0,2026-06
SILVER,SHORT,2026-06-12 10:40:00,2567.0,2573.453454881065,2547.6396353568043,SHA_FLIP,2026-06-12 13:49:00,2573.453454881065,STOP_LOSS,-193.6036464319568,210.804,-404.4076464319568,189.0,2026-06
SILVER,LONG,2026-06-12 14:37:00,2573.0,2572.2986907204504,2575.103927838649,SHA_FLIP,2026-06-12 14:58:00,2575.103927838649,TAKE_PROFIT,63.11783515946445,210.876,-147.75816484053556,21.0,2026-06
SILVER,SHORT,2026-06-12 15:41:00,2580.0,2582.695999048755,2571.9120028537354,SHA_FLIP,2026-06-12 15:58:00,2571.9120028537354,TAKE_PROFIT,242.6399143879371,210.96,31.67991438793709,17.0,2026-06
SILVER,SHORT,2026-06-12 17:09:00,2578.0,2579.334478081405,2573.996565755785,SHA_FLIP,2026-06-12 18:00:00,2573.996565755785,TAKE_PROFIT,120.10302732644959,210.936,-90.83297267355042,51.0,2026-06
GOLD,LONG,2026-06-12 18:26:00,124313.0,124218.90843441713,124689.36626233149,SHA_FLIP,2026-06-12 18:27:00,124218.90843441713,STOP_LOSS,-9409.156558287214,5372.52,-14781.676558287214,1.0,2026-06
GOLD,SHORT,2026-06-12 18:28:00,123985.0,124169.3798870378,123247.48045184882,SHA_FLIP,2026-06-12 18:50:00,124169.3798870378,STOP_LOSS,-18437.98870377941,5359.400000000001,-23797.388703779412,22.0,2026-06
SILVER,LONG,2026-06-12 19:06:00,2577.0,2568.9850037615975,2601.0449887152076,SHA_FLIP,2026-06-12 19:12:00,2568.9850037615975,STOP_LOSS,-240.44988715207637,210.924,-451.37388715207635,6.0,2026-06
SILVER,LONG,2026-06-12 19:39:00,2569.0,2566.6453444753547,2576.063966573936,SHA_FLIP,2026-06-12 19:44:00,2566.6453444753547,STOP_LOSS,-70.63966573935886,210.828,-281.46766573935884,5.0,2026-06
GOLD,SHORT,2026-06-12 19:32:00,124099.0,124126.06626781629,123990.73492873483,SHA_FLIP,2026-06-12 19:53:00,123990.73492873483,TAKE_PROFIT,10826.507126516663,5363.96,5462.5471265166625,21.0,2026-06
SILVER,LONG,2026-06-12 19:48:00,2569.0,2565.094540596862,2580.7163782094144,SHA_FLIP,2026-06-12 20:00:00,2565.094540596862,STOP_LOSS,-117.16378209414415,210.828,-327.9917820941441,12.0,2026-06
GOLD,LONG,2026-06-12 20:22:00,124100.0,123994.16900072135,124523.32399711461,SHA_FLIP,2026-06-12 20:55:00,124523.32399711461,TAKE_PROFIT,42332.39971146104,5364.0,36968.39971146104,33.0,2026-06
GOLD,LONG,2026-06-12 21:10:00,124498.0,124442.14213353729,124721.43146585085,SHA_FLIP,2026-06-12 21:11:00,124442.14213353729,STOP_LOSS,-5585.786646271299,5379.92,-10965.7066462713,1.0,2026-06
GOLD,SHORT,2026-06-12 21:35:00,124192.0,124291.84275487885,123792.62898048462,SHA_FLIP,2026-06-12 21:43:00,124291.84275487885,STOP_LOSS,-9984.275487884588,5367.68,-15351.955487884588,8.0,2026-06
SILVER,LONG,2026-06-12 20:24:00,2577.0,2566.9263283663136,2607.2210149010593,SHA_FLIP,2026-06-12 23:15:00,2607.2210149010593,TAKE_PROFIT,906.63044703178,210.924,695.70644703178,171.0,2026-06
GOLD,LONG,2026-06-12 21:43:00,124405.0,124288.0215067512,124872.91397299519,SHA_FLIP,2026-06-15 09:02:00,126346.0,SESSION_END,194100.0,5376.2,188723.8,3559.0,2026-06
SILVER,LONG,2026-06-15 09:41:00,2657.0,2651.9855632846707,2672.043310145988,SHA_FLIP,2026-06-15 11:15:00,2651.9855632846707,STOP_LOSS,-150.43310145988016,211.88400000000001,-362.3171014598802,94.0,2026-06
SILVER,SHORT,2026-06-15 12:34:00,2651.0,2653.6964010785437,2642.910796764369,SHA_FLIP,2026-06-15 12:52:00,2653.6964010785437,STOP_LOSS,-80.89203235630976,211.812,-292.70403235630977,18.0,2026-06
SILVER,LONG,2026-06-15 14:06:00,2656.0,2653.265289538171,2664.2041313854866,SHA_FLIP,2026-06-15 17:02:00,2664.2041313854866,TAKE_PROFIT,246.12394156459686,211.872,34.25194156459685,176.0,2026-06
SILVER,LONG,2026-06-15 17:02:00,2665.0,2660.1296599835123,2679.611020049463,SHA_FLIP,2026-06-15 18:41:00,2660.1296599835123,STOP_LOSS,-146.1102004946315,211.98,-358.0902004946315,99.0,2026-06
SILVER,SHORT,2026-06-15 19:57:00,2664.0,2666.8000797677446,2655.599760696766,SHA_FLIP,2026-06-15 20:31:00,2655.599760696766,TAKE_PROFIT,252.00717909701325,211.968,40.03917909701326,34.0,2026-06
GOLD,LONG,2026-06-15 18:55:00,126651.0,126598.80448107091,126859.78207571636,SHA_FLIP,2026-06-15 20:41:00,126598.80448107091,STOP_LOSS,-5219.55189290893,5466.04,-10685.591892908931,106.0,2026-06
GOLD,SHORT,2026-06-15 20:41:00,126534.0,126617.52167032349,126199.91331870604,SHA_FLIP,2026-06-15 20:47:00,126617.52167032349,STOP_LOSS,-8352.167032349098,5461.360000000001,-13813.527032349099,6.0,2026-06
SILVER,LONG,2026-06-15 21:51:00,2651.0,2648.333050340158,2659.000848979526,SHA_FLIP,2026-06-15 22:15:00,2648.333050340158,STOP_LOSS,-80.00848979525927,211.812,-291.8204897952593,24.0,2026-06
SILVER,SHORT,2026-06-15 23:28:00,2642.0,2648.287876142398,2623.1363715728057,SHA_FLIP,2026-06-16 09:02:00,2646.0,SESSION_END,-120.0,211.704,-331.704,574.0,2026-06
GOLD,SHORT,2026-06-15 22:01:00,126355.0,126419.53430139627,126096.86279441492,SHA_FLIP,2026-06-16 09:03:00,126072.0,SESSION_END,28300.0,5454.2,22845.8,662.0,2026-06
SILVER,SHORT,2026-06-16 09:27:00,2636.0,2636.968298409521,2633.0951047714366,SHA_FLIP,2026-06-16 09:38:00,2633.0951047714366,TAKE_PROFIT,87.14685685690256,211.632,-124.48514314309745,11.0,2026-06
SILVER,SHORT,2026-06-16 10:07:00,2630.0,2632.336845579359,2622.9894632619234,SHA_FLIP,2026-06-16 11:02:00,2622.9894632619234,TAKE_PROFIT,210.3161021422966,211.56,-1.2438978577034163,55.0,2026-06
SILVER,SHORT,2026-06-16 11:02:00,2619.0,2625.134026473449,2600.597920579653,SHA_FLIP,2026-06-16 12:36:00,2625.134026473449,STOP_LOSS,-184.02079420347036,211.428,-395.44879420347036,94.0,2026-06
SILVER,LONG,2026-06-16 13:14:00,2630.0,2625.270643104551,2644.1880706863476,SHA_FLIP,2026-06-16 17:31:00,2644.1880706863476,TAKE_PROFIT,425.642120590428,211.56,214.08212059042802,257.0,2026-06
GOLD,LONG,2026-06-16 17:40:00,126280.0,126218.77746342741,126524.89014629036,SHA_FLIP,2026-06-16 18:22:00,126524.89014629036,TAKE_PROFIT,24489.014629035955,5451.2,19037.814629035955,42.0,2026-06
GOLD,SHORT,2026-06-16 18:46:00,126314.0,126426.06267623343,125865.74929506629,SHA_FLIP,2026-06-16 19:36:00,126426.06267623343,STOP_LOSS,-11206.267623342865,5452.56,-16658.827623342866,50.0,2026-06
SILVER,LONG,2026-06-16 20:29:00,2631.0,2629.058600629084,2636.8241981127476,SHA_FLIP,2026-06-16 20:31:00,2629.058600629084,STOP_LOSS,-58.24198112747581,211.572,-269.8139811274758,2.0,2026-06
SILVER,LONG,2026-06-16 21:27:00,2641.0,2632.3317064155553,2667.004880753334,SHA_FLIP,2026-06-16 22:52:00,2632.3317064155553,STOP_LOSS,-260.04880753333964,211.692,-471.74080753333965,85.0,2026-06
SILVER,LONG,2026-06-16 22:55:00,2643.0,2631.241057643696,2678.276827068912,SHA_FLIP,2026-06-16 22:57:00,2631.241057643696,STOP_LOSS,-352.768270689121,211.716,-564.484270689121,2.0,2026-06
SILVER,SHORT,2026-06-16 22:58:00,2630.0,2642.703643364978,2591.8890699050667,SHA_FLIP,2026-06-16 23:24:00,2642.703643364978,STOP_LOSS,-381.1093009493334,211.56,-592.6693009493333,26.0,2026-06
GOLD,SHORT,2026-06-16 19:39:00,126237.0,126346.28638326788,125799.85446692846,SHA_FLIP,2026-06-17 09:03:00,126114.0,SESSION_END,12300.0,5449.4800000000005,6850.5199999999995,804.0,2026-06
SILVER,LONG,2026-06-17 11:12:00,2633.0,2628.9999560939114,2645.000131718266,SHA_FLIP,2026-06-17 13:52:00,2628.9999560939114,STOP_LOSS,-120.00131718265948,211.596,-331.5973171826595,160.0,2026-06
SILVER,SHORT,2026-06-17 14:15:00,2625.0,2627.6995812831024,2616.901256150693,SHA_FLIP,2026-06-17 15:22:00,2627.6995812831024,STOP_LOSS,-80.98743849307084,211.5,-292.48743849307084,67.0,2026-06
SILVER,LONG,2026-06-17 16:09:00,2629.0,2627.0735616421107,2634.779315073668,SHA_FLIP,2026-06-17 17:20:00,2627.0735616421107,STOP_LOSS,-57.79315073667931,211.548,-269.3411507366793,71.0,2026-06
SILVER,SHORT,2026-06-17 17:20:00,2626.0,2629.339206385018,2615.9823808449464,SHA_FLIP,2026-06-17 17:31:00,2629.339206385018,STOP_LOSS,-100.1761915505358,211.512,-311.6881915505358,11.0,2026-06
GOLD,LONG,2026-06-17 18:36:00,125847.0,125829.3969063205,125917.412374718,SHA_FLIP,2026-06-17 18:45:00,125917.412374718,TAKE_PROFIT,7041.237471799832,5433.88,1607.3574717998317,9.0,2026-06
SILVER,SHORT,2026-06-17 18:43:00,2626.0,2634.670729496524,2599.987811510428,SHA_FLIP,2026-06-17 19:57:00,2634.670729496524,STOP_LOSS,-260.12188489572054,211.512,-471.63388489572054,74.0,2026-06
GOLD,LONG,2026-06-17 19:53:00,126249.0,126134.92831255677,126705.2867497729,SHA_FLIP,2026-06-17 20:17:00,126134.92831255677,STOP_LOSS,-11407.168744322553,5449.96,-16857.128744322552,24.0,2026-06
GOLD,LONG,2026-06-17 20:45:00,126342.0,126302.4596272061,126500.16149117559,SHA_FLIP,2026-06-17 22:11:00,126302.4596272061,STOP_LOSS,-3954.0372793897404,5453.68,-9407.71727938974,86.0,2026-06
SILVER,LONG,2026-06-17 19:57:00,2640.0,2631.231433382327,2666.305699853019,SHA_FLIP,2026-06-18 09:00:00,2625.0,SESSION_END,-450.0,211.68,-661.6800000000001,783.0,2026-06
SILVER,SHORT,2026-06-18 09:58:00,2615.0,2619.7363139029176,2600.7910582912473,SHA_FLIP,2026-06-18 11:16:00,2600.7910582912473,TAKE_PROFIT,426.26825126258154,211.38,214.88825126258155,78.0,2026-06
SILVER,LONG,2026-06-18 11:48:00,2615.0,2599.335405628606,2661.9937831141815,SHA_FLIP,2026-06-18 11:50:00,2599.335405628606,STOP_LOSS,-469.93783114181497,211.38,-681.317831141815,2.0,2026-06
SILVER,SHORT,2026-06-18 12:10:00,2595.0,2599.8794282982244,2580.3617151053268,SHA_FLIP,2026-06-18 12:45:00,2599.8794282982244,STOP_LOSS,-146.38284894673234,211.14,-357.5228489467323,35.0,2026-06
SILVER,SHORT,2026-06-18 13:09:00,2597.0,2602.564932915933,2580.3052012522016,SHA_FLIP,2026-06-18 14:43:00,2580.3052012522016,TAKE_PROFIT,500.84396243395076,211.164,289.6799624339508,94.0,2026-06
SILVER,LONG,2026-06-18 15:49:00,2594.0,2590.300216172983,2605.0993514810516,SHA_FLIP,2026-06-18 15:58:00,2590.300216172983,STOP_LOSS,-110.99351481051599,211.128,-322.121514810516,9.0,2026-06
SILVER,SHORT,2026-06-18 16:32:00,2576.0,2583.729602959536,2552.8111911213923,SHA_FLIP,2026-06-18 17:24:00,2552.8111911213923,TAKE_PROFIT,695.6642663582306,210.912,484.7522663582306,52.0,2026-06
GOLD,LONG,2026-06-18 17:42:00,124306.0,124165.32978260789,124868.68086956843,SHA_FLIP,2026-06-18 18:05:00,124165.32978260789,STOP_LOSS,-14067.021739210759,5372.240000000001,-19439.26173921076,23.0,2026-06
SILVER,LONG,2026-06-18 18:58:00,2561.0,2552.6861689316315,2585.9414932051054,SHA_FLIP,2026-06-18 19:50:00,2552.6861689316315,STOP_LOSS,-249.41493205105417,210.732,-460.14693205105414,52.0,2026-06
GOLD,SHORT,2026-06-18 20:15:00,123858.0,123968.51418913368,123415.94324346527,SHA_FLIP,2026-06-18 20:16:00,123968.51418913368,STOP_LOSS,-11051.418913368252,5354.320000000001,-16405.73891336825,1.0,2026-06
GOLD,SHORT,2026-06-18 20:43:00,124035.0,124062.72158697396,123924.11365210416,SHA_FLIP,2026-06-18 20:47:00,124062.72158697396,STOP_LOSS,-2772.1586973959347,5361.400000000001,-8133.558697395935,4.0,2026-06
GOLD,SHORT,2026-06-18 20:56:00,123905.0,123990.91380945427,123561.34476218291,SHA_FLIP,2026-06-18 21:26:00,123561.34476218291,TAKE_PROFIT,34365.52378170891,5356.2,29009.323781708907,30.0,2026-06
SILVER,SHORT,2026-06-18 20:01:00,2554.0,2558.8844859779942,2539.3465420660173,SHA_FLIP,2026-06-18 21:28:00,2539.3465420660173,TAKE_PROFIT,439.6037380194821,210.648,228.95573801948208,87.0,2026-06
GOLD,SHORT,2026-06-18 22:22:00,123400.0,123486.82981740253,123052.6807303899,SHA_FLIP,2026-06-18 22:39:00,123486.82981740253,STOP_LOSS,-8682.98174025258,5336.0,-14018.98174025258,17.0,2026-06
SILVER,LONG,2026-06-18 22:06:00,2542.0,2540.455051117472,2546.634846647584,SHA_FLIP,2026-06-18 22:44:00,2546.634846647584,TAKE_PROFIT,139.04539942751398,210.504,-71.458600572486,38.0,2026-06
GOLD,LONG,2026-06-18 23:04:00,123635.0,123568.8508379179,123899.59664832841,SHA_FLIP,2026-06-18 23:07:00,123568.8508379179,STOP_LOSS,-6614.916208210343,5345.400000000001,-11960.316208210344,3.0,2026-06
SILVER,SHORT,2026-06-18 23:17:00,2539.0,2543.878175856484,2524.3654724305475,SHA_FLIP,2026-06-18 23:29:00,2543.878175856484,STOP_LOSS,-146.3452756945253,210.468,-356.81327569452526,12.0,2026-06
GOLD,SHORT,2026-06-18 23:07:00,123451.0,123580.27369693878,122933.90521224489,SHA_FLIP,2026-06-19 09:01:00,121978.0,SESSION_END,147300.0,5338.04,141961.96,594.0,2026-06
SILVER,SHORT,2026-06-19 10:01:00,2461.0,2467.1433938603054,2442.5698184190837,SHA_FLIP,2026-06-19 11:42:00,2467.1433938603054,STOP_LOSS,-184.3018158091627,209.532,-393.83381580916273,101.0,2026-06
SILVER,LONG,2026-06-19 12:17:00,2478.0,2473.7554950668646,2490.7335147994063,SHA_FLIP,2026-06-19 12:29:00,2490.7335147994063,TAKE_PROFIT,382.0054439821888,209.736,172.26944398218882,12.0,2026-06
SILVER,SHORT,2026-06-19 13:18:00,2489.0,2493.623761817329,2475.128714548013,SHA_FLIP,2026-06-19 13:30:00,2493.623761817329,STOP_LOSS,-138.71285451987205,209.868,-348.58085451987205,12.0,2026-06
SILVER,LONG,2026-06-19 13:30:00,2494.0,2489.8363943201975,2506.4908170394074,SHA_FLIP,2026-06-19 13:53:00,2506.4908170394074,TAKE_PROFIT,374.72451118222125,209.928,164.79651118222125,23.0,2026-06
GOLD,SHORT,2026-06-19 19:31:00,121800.0,121853.15228990915,121587.3908403634,SHA_FLIP,2026-06-19 20:16:00,121587.3908403634,TAKE_PROFIT,21260.915963660227,5272.0,15988.915963660227,45.0,2026-06
GOLD,SHORT,2026-06-19 21:35:00,121705.0,121734.21595879938,121588.13616480248,SHA_FLIP,2026-06-19 22:07:00,121734.21595879938,STOP_LOSS,-2921.595879938104,5268.2,-8189.795879938104,32.0,2026-06
GOLD,LONG,2026-06-19 22:44:00,121900.0,121873.45024647968,122006.19901408127,SHA_FLIP,2026-06-19 23:04:00,121873.45024647968,STOP_LOSS,-2654.975352031761,5276.0,-7930.975352031761,20.0,2026-06
GOLD,SHORT,2026-06-19 23:04:00,121792.0,121855.9640550389,121536.1437798444,SHA_FLIP,2026-06-19 23:08:00,121855.9640550389,STOP_LOSS,-6396.405503890128,5271.68,-11668.085503890128,4.0,2026-06
GOLD,SHORT,2026-06-19 23:20:00,121821.0,121905.98964776935,121481.04140892258,SHA_FLIP,2026-06-19 23:26:00,121905.98964776935,STOP_LOSS,-8498.964776935463,5272.84,-13771.804776935463,6.0,2026-06
SILVER,SHORT,2026-06-19 14:11:00,2479.0,2504.701973316899,2401.894080049303,SHA_FLIP,2026-06-22 09:03:00,2499.0,SESSION_END,-600.0,209.748,-809.748,4012.0,2026-06
SILVER,LONG,2026-06-22 09:37:00,2499.0,2494.1152535460574,2513.654239361828,SHA_FLIP,2026-06-22 10:02:00,2494.1152535460574,STOP_LOSS,-146.54239361827877,209.988,-356.53039361827877,25.0,2026-06
SILVER,LONG,2026-06-22 10:10:00,2502.0,2495.7219025936115,2520.8342922191655,SHA_FLIP,2026-06-22 11:08:00,2520.8342922191655,TAKE_PROFIT,565.0287665749647,210.024,355.0047665749647,58.0,2026-06
SILVER,LONG,2026-06-22 11:34:00,2523.0,2520.086129349462,2531.7416119516133,SHA_FLIP,2026-06-22 12:10:00,2520.086129349462,STOP_LOSS,-87.41611951613322,210.276,-297.69211951613323,36.0,2026-06
SILVER,LONG,2026-06-22 12:50:00,2529.0,2524.906108856222,2541.2816734313337,SHA_FLIP,2026-06-22 13:00:00,2524.906108856222,STOP_LOSS,-122.81673431333729,210.348,-333.1647343133373,10.0,2026-06
GOLD,LONG,2026-06-22 17:53:00,123062.0,123004.89047949534,123290.43808201863,SHA_FLIP,2026-06-22 18:28:00,123004.89047949534,STOP_LOSS,-5710.952050465858,5322.4800000000005,-11033.432050465857,35.0,2026-06
SILVER,LONG,2026-06-22 14:13:00,2519.0,2513.4555898465123,2535.633230460463,SHA_FLIP,2026-06-22 21:05:00,2513.4555898465123,STOP_LOSS,-166.33230460462983,210.228,-376.56030460462983,412.0,2026-06
GOLD,SHORT,2026-06-22 18:28:00,122813.0,122912.98153271026,122413.07386915898,SHA_FLIP,2026-06-22 21:17:00,122413.07386915898,TAKE_PROFIT,39992.61308410205,5312.52,34680.093084102045,169.0,2026-06
SILVER,SHORT,2026-06-22 21:43:00,2497.0,2504.6090335621343,2474.172899313597,SHA_FLIP,2026-06-22 22:28:00,2504.6090335621343,STOP_LOSS,-228.271006864029,209.964,-438.235006864029,45.0,2026-06
SILVER,SHORT,2026-06-22 23:18:00,2498.0,2505.7871959916843,2474.6384120249472,SHA_FLIP,2026-06-22 23:26:00,2505.7871959916843,STOP_LOSS,-233.6158797505277,209.976,-443.5918797505277,8.0,2026-06
GOLD,SHORT,2026-06-22 23:28:00,122436.0,122523.81903718885,122084.7238512446,SHA_FLIP,2026-06-23 09:00:00,121548.0,SESSION_END,88800.0,5297.4400000000005,83502.56,572.0,2026-06
SILVER,SHORT,2026-06-23 09:35:00,2445.0,2447.8977288063047,2436.306813581086,SHA_FLIP,2026-06-23 10:24:00,2436.306813581086,TAKE_PROFIT,260.79559256742414,209.34,51.455592567424134,49.0,2026-06
SILVER,SHORT,2026-06-23 10:54:00,2431.0,2433.4739505837856,2423.578148248643,SHA_FLIP,2026-06-23 11:05:00,2433.4739505837856,STOP_LOSS,-74.21851751356826,209.172,-283.3905175135683,11.0,2026-06
SILVER,SHORT,2026-06-23 11:16:00,2428.0,2434.851302644885,2407.446092065345,SHA_FLIP,2026-06-23 15:31:00,2434.851302644885,STOP_LOSS,-205.53907934654944,209.136,-414.6750793465494,255.0,2026-06
GOLD,SHORT,2026-06-23 17:30:00,121344.0,121355.38331639113,121298.46673443547,SHA_FLIP,2026-06-23 17:44:00,121298.46673443547,TAKE_PROFIT,4553.3265564532485,5253.76,-700.4334435467517,14.0,2026-06
SILVER,SHORT,2026-06-23 17:21:00,2425.0,2428.3490188768956,2414.9529433693133,SHA_FLIP,2026-06-23 19:22:00,2428.3490188768956,STOP_LOSS,-100.47056630686711,209.1,-309.57056630686714,121.0,2026-06
GOLD,SHORT,2026-06-23 19:57:00,121400.0,121490.95434758943,121036.18260964227,SHA_FLIP,2026-06-23 20:28:00,121490.95434758943,STOP_LOSS,-9095.434758943156,5256.0,-14351.434758943156,31.0,2026-06
GOLD,LONG,2026-06-23 20:28:00,121494.0,121438.42043921158,121716.31824315368,SHA_FLIP,2026-06-23 22:30:00,121438.42043921158,STOP_LOSS,-5557.956078842108,5259.76,-10817.716078842108,122.0,2026-06
GOLD,SHORT,2026-06-23 22:53:00,121461.0,121483.22956141255,121372.08175434981,SHA_FLIP,2026-06-23 22:56:00,121483.22956141255,STOP_LOSS,-2222.95614125469,5258.4400000000005,-7481.3961412546905,3.0,2026-06
GOLD,LONG,2026-06-23 22:59:00,121541.0,121497.45796897956,121715.16812408174,SHA_FLIP,2026-06-23 23:05:00,121497.45796897956,STOP_LOSS,-4354.203102043539,5261.64,-9615.843102043538,6.0,2026-06
GOLD,SHORT,2026-06-23 23:14:00,121438.0,121543.15804575337,121017.36781698652,SHA_FLIP,2026-06-23 23:15:00,121543.15804575337,STOP_LOSS,-10515.804575337097,5257.52,-15773.324575337097,1.0,2026-06
GOLD,LONG,2026-06-23 23:15:00,121555.0,121430.88969368041,122051.44122527837,SHA_FLIP,2026-06-23 23:29:00,121430.88969368041,STOP_LOSS,-12411.030631959147,5262.2,-17673.230631959148,14.0,2026-06
SILVER,SHORT,2026-06-23 20:01:00,2423.0,2432.380520101151,2394.858439696547,SHA_FLIP,2026-06-24 09:01:00,2396.0,SESSION_END,810.0,209.076,600.924,780.0,2026-06
SILVER,SHORT,2026-06-24 09:27:00,2396.0,2398.9093370426826,2387.271988871952,SHA_FLIP,2026-06-24 09:33:00,2387.271988871952,TAKE_PROFIT,261.8403338414373,208.752,53.088333841437304,6.0,2026-06
SILVER,SHORT,2026-06-24 10:04:00,2371.0,2374.6919589557447,2359.924123132766,SHA_FLIP,2026-06-24 10:08:00,2374.6919589557447,STOP_LOSS,-110.75876867234001,208.452,-319.21076867234,4.0,2026-06
SILVER,SHORT,2026-06-24 10:18:00,2373.0,2375.5967688093,2365.2096935720997,SHA_FLIP,2026-06-24 10:28:00,2375.5967688093,STOP_LOSS,-77.90306427900305,208.476,-286.37906427900305,10.0,2026-06
SILVER,LONG,2026-06-24 10:28:00,2377.0,2373.087268761511,2388.738193715467,SHA_FLIP,2026-06-24 10:36:00,2373.087268761511,STOP_LOSS,-117.38193715466878,208.524,-325.9059371546688,8.0,2026-06
SILVER,SHORT,2026-06-24 10:36:00,2372.0,2376.8328398085278,2357.5014805744167,SHA_FLIP,2026-06-24 10:42:00,2376.8328398085278,STOP_LOSS,-144.98519425583254,208.464,-353.44919425583254,6.0,2026-06
SILVER,LONG,2026-06-24 10:42:00,2378.0,2372.1355971330518,2395.5932086008447,SHA_FLIP,2026-06-24 11:24:00,2372.1355971330518,STOP_LOSS,-175.9320860084472,208.536,-384.4680860084472,42.0,2026-06
SILVER,LONG,2026-06-24 11:30:00,2393.0,2376.08884979305,2443.73345062085,SHA_FLIP,2026-06-24 15:31:00,2376.08884979305,STOP_LOSS,-507.3345062084991,208.716,-716.0505062084991,241.0,2026-06
SILVER,SHORT,2026-06-24 17:17:00,2345.0,2350.8111081168618,2327.5666756494147,SHA_FLIP,2026-06-24 17:37:00,2327.5666756494147,TAKE_PROFIT,522.9997305175584,208.14,314.85973051755843,20.0,2026-06
CRUDEOIL,SHORT,2026-06-22 20:04:00,6936.0,6962.4,6830.4000000000015,SHA_FLIP,2026-06-24 18:11:00,6830.4000000000015,TAKE_PROFIT,10559.999999999854,677.44,9882.559999999854,2767.0,2026-06
SILVER,LONG,2026-06-24 18:15:00,2325.0,2307.369276689905,2377.8921699302855,SHA_FLIP,2026-06-24 18:29:00,2307.369276689905,STOP_LOSS,-528.9216993028549,207.9,-736.8216993028549,14.0,2026-06
GOLD,SHORT,2026-06-24 18:27:00,117880.0,118036.42126958637,117254.31492165453,SHA_FLIP,2026-06-24 18:31:00,117254.31492165453,TAKE_PROFIT,62568.5078345472,5115.2,57453.3078345472,4.0,2026-06
SILVER,SHORT,2026-06-24 18:41:00,2303.0,2311.799587741229,2276.601236776313,SHA_FLIP,2026-06-24 19:01:00,2311.799587741229,STOP_LOSS,-263.98763223687183,207.636,-471.6236322368718,20.0,2026-06
SILVER,LONG,2026-06-24 19:02:00,2318.0,2306.2681965360343,2353.195410391897,SHA_FLIP,2026-06-24 19:26:00,2353.195410391897,TAKE_PROFIT,1055.8623117569095,207.816,848.0463117569095,24.0,2026-06
GOLD,SHORT,2026-06-24 21:24:00,117625.0,117795.67634841565,116942.29460633738,SHA_FLIP,2026-06-24 21:57:00,117795.67634841565,STOP_LOSS,-17067.63484156545,5105.0,-22172.63484156545,33.0,2026-06
GOLD,SHORT,2026-06-24 22:36:00,117621.0,117704.96196211014,117285.15215155942,SHA_FLIP,2026-06-24 22:52:00,117285.15215155942,TAKE_PROFIT,33584.78484405787,5104.84,28479.944844057867,16.0,2026-06
SILVER,SHORT,2026-06-24 19:35:00,2319.0,2338.7255501693107,2259.823349492068,SHA_FLIP,2026-06-24 23:29:00,2259.823349492068,TAKE_PROFIT,1775.2995152379663,207.828,1567.4715152379663,234.0,2026-06
SILVER,SHORT,2026-06-25 10:04:00,2252.0,2264.6627619027286,2214.0117142918143,SHA_FLIP,2026-06-25 10:40:00,2264.6627619027286,STOP_LOSS,-379.88285708185686,207.024,-586.9068570818569,36.0,2026-06
SILVER,LONG,2026-06-25 10:55:00,2269.0,2264.1754574222264,2283.473627733321,SHA_FLIP,2026-06-25 11:07:00,2264.1754574222264,STOP_LOSS,-144.73627733320882,207.228,-351.9642773332088,12.0,2026-06
SILVER,LONG,2026-06-25 11:25:00,2267.0,2261.9726310753736,2282.0821067738793,SHA_FLIP,2026-06-25 11:46:00,2261.9726310753736,STOP_LOSS,-150.82106773879332,207.204,-358.0250677387933,21.0,2026-06
SILVER,SHORT,2026-06-25 12:29:00,2254.0,2254.976627652138,2251.0701170435855,SHA_FLIP,2026-06-25 12:37:00,2254.976627652138,STOP_LOSS,-29.298829564145308,207.048,-236.3468295641453,8.0,2026-06
SILVER,LONG,2026-06-25 14:59:00,2294.0,2287.143493343039,2314.5695199708825,SHA_FLIP,2026-06-25 15:08:00,2287.143493343039,STOP_LOSS,-205.69519970882538,207.528,-413.2231997088254,9.0,2026-06
SILVER,SHORT,2026-06-25 16:09:00,2282.0,2285.919318597975,2270.2420442060757,SHA_FLIP,2026-06-25 16:47:00,2270.2420442060757,TAKE_PROFIT,352.73867381773016,207.38400000000001,145.35467381773014,38.0,2026-06
GOLD,LONG,2026-06-25 17:37:00,117260.0,117225.08541212721,117399.65835149115,SHA_FLIP,2026-06-25 18:00:00,117399.65835149115,TAKE_PROFIT,13965.835149114719,5090.400000000001,8875.435149114717,23.0,2026-06
GOLD,LONG,2026-06-25 18:00:00,117720.0,117516.91799391383,118532.3280243447,SHA_FLIP,2026-06-25 18:01:00,117516.91799391383,STOP_LOSS,-20308.200608617335,5108.8,-25417.000608617334,1.0,2026-06
GOLD,LONG,2026-06-25 18:10:00,117487.0,117306.19947749606,118210.20209001575,SHA_FLIP,2026-06-25 18:30:00,118210.20209001575,TAKE_PROFIT,72320.20900157513,5099.4800000000005,67220.72900157514,20.0,2026-06
GOLD,SHORT,2026-06-25 19:10:00,118026.0,118123.43197097129,117636.27211611485,SHA_FLIP,2026-06-25 19:37:00,118123.43197097129,STOP_LOSS,-9743.197097128723,5121.04,-14864.237097128724,27.0,2026-06
GOLD,LONG,2026-06-25 19:57:00,118195.0,118072.725482386,118684.098070456,SHA_FLIP,2026-06-25 20:06:00,118072.725482386,STOP_LOSS,-12227.451761400152,5127.8,-17355.25176140015,9.0,2026-06
GOLD,LONG,2026-06-25 20:17:00,118141.0,118086.47239912313,118359.11040350748,SHA_FLIP,2026-06-25 20:18:00,118086.47239912313,STOP_LOSS,-5452.7600876870565,5125.64,-10578.400087687056,1.0,2026-06
GOLD,LONG,2026-06-25 20:22:00,118143.0,118077.87160821415,118403.51356714341,SHA_FLIP,2026-06-25 20:27:00,118077.87160821415,STOP_LOSS,-6512.839178585273,5125.72,-11638.559178585274,5.0,2026-06
GOLD,SHORT,2026-06-25 20:27:00,117994.0,118081.67463502398,117643.30145990406,SHA_FLIP,2026-06-25 20:52:00,118081.67463502398,STOP_LOSS,-8767.46350239846,5119.76,-13887.22350239846,25.0,2026-06
GOLD,LONG,2026-06-25 20:52:00,118288.0,118055.92767672776,119216.28929308895,SHA_FLIP,2026-06-25 22:30:00,118055.92767672776,STOP_LOSS,-23207.232327223755,5131.52,-28338.752327223756,98.0,2026-06
GOLD,SHORT,2026-06-25 23:00:00,117922.0,118141.7609695419,117042.95612183242,SHA_FLIP,2026-06-25 23:29:00,118141.7609695419,STOP_LOSS,-21976.096954189416,5116.88,-27092.976954189417,29.0,2026-06
GOLD,LONG,2026-06-26 18:24:00,118551.0,118420.55565923227,119072.77736307093,SHA_FLIP,2026-06-26 19:40:00,119072.77736307093,TAKE_PROFIT,52177.73630709271,5142.04,47035.69630709271,76.0,2026-06
GOLD,LONG,2026-06-26 20:15:00,119225.0,119087.54784985504,119774.80860057985,SHA_FLIP,2026-06-26 20:29:00,119087.54784985504,STOP_LOSS,-13745.215014496353,5169.0,-18914.215014496353,14.0,2026-06
GOLD,SHORT,2026-06-26 20:53:00,118983.0,119087.80347923725,118563.786083051,SHA_FLIP,2026-06-26 21:01:00,119087.80347923725,STOP_LOSS,-10480.347923724912,5159.320000000001,-15639.667923724912,8.0,2026-06
GOLD,LONG,2026-06-26 21:01:00,119220.0,119091.84258051141,119732.62967795436,SHA_FLIP,2026-06-26 21:43:00,119091.84258051141,STOP_LOSS,-12815.741948859068,5168.8,-17984.541948859067,42.0,2026-06
GOLD,SHORT,2026-06-26 21:43:00,118853.0,119077.64684720393,117954.41261118429,SHA_FLIP,2026-06-26 21:44:00,119077.64684720393,STOP_LOSS,-22464.684720392688,5154.12,-27618.804720392687,1.0,2026-06
SILVER,LONG,2026-06-25 18:00:00,2299.0,2276.9910231133595,2365.0269306599216,SHA_FLIP,2026-06-29 09:00:00,2303.0,SESSION_END,120.0,207.588,-87.588,5220.0,2026-06
GOLD,SHORT,2026-06-26 21:51:00,119159.0,119304.9749749139,118575.1001003444,SHA_FLIP,2026-06-29 09:00:00,118916.0,SESSION_END,24300.0,5166.360000000001,19133.64,3549.0,2026-06
SILVER,SHORT,2026-06-29 09:29:00,2291.0,2294.907428116447,2279.2777156506586,SHA_FLIP,2026-06-29 10:30:00,2279.2777156506586,TAKE_PROFIT,351.6685304802422,207.492,144.17653048024223,61.0,2026-06
SILVER,SHORT,2026-06-29 10:47:00,2278.0,2279.954933148942,2272.135200553174,SHA_FLIP,2026-06-29 11:00:00,2272.135200553174,TAKE_PROFIT,175.94398340478165,207.336,-31.392016595218365,13.0,2026-06
SILVER,SHORT,2026-06-29 11:00:00,2272.0,2278.8358083765156,2251.492574870453,SHA_FLIP,2026-06-29 11:31:00,2278.8358083765156,STOP_LOSS,-205.07425129546846,207.264,-412.33825129546847,31.0,2026-06
SILVER,SHORT,2026-06-29 13:10:00,2277.0,2279.3722249061134,2269.88332528166,SHA_FLIP,2026-06-29 13:11:00,2279.3722249061134,STOP_LOSS,-71.16674718340164,207.324,-278.49074718340165,1.0,2026-06
SILVER,LONG,2026-06-29 13:16:00,2280.0,2278.01687207446,2285.94938377662,SHA_FLIP,2026-06-29 13:29:00,2278.01687207446,STOP_LOSS,-59.49383776619925,207.36,-266.85383776619926,13.0,2026-06
SILVER,SHORT,2026-06-29 13:29:00,2276.0,2278.975289420675,2267.074131737975,SHA_FLIP,2026-06-29 13:36:00,2278.975289420675,STOP_LOSS,-89.25868262024778,207.312,-296.5706826202478,7.0,2026-06
SILVER,LONG,2026-06-29 13:37:00,2283.0,2278.0371735686886,2297.8884792939343,SHA_FLIP,2026-06-29 14:21:00,2278.0371735686886,STOP_LOSS,-148.88479293934324,207.39600000000002,-356.28079293934326,44.0,2026-06
BANKNIFTY,SHORT,2026-06-29 15:02:00,57716.15,57761.307126356405,57603.257184108996,ARMED_STOP,2026-06-29 15:08:00,57761.307126356405,STOP_LOSS,-1354.7137906921125,646.2969,-2001.0106906921126,6.0,2026-06
SILVER,SHORT,2026-06-29 14:50:00,2271.0,2274.913055241738,2259.2608342747853,SHA_FLIP,2026-06-29 15:27:00,2259.2608342747853,TAKE_PROFIT,352.17497175643985,207.252,144.92297175643984,37.0,2026-06
SILVER,SHORT,2026-06-29 16:12:00,2260.0,2267.00953489417,2238.97139531749,SHA_FLIP,2026-06-29 17:00:00,2267.00953489417,STOP_LOSS,-210.28604682509922,207.12,-417.4060468250992,48.0,2026-06
GOLD,SHORT,2026-06-29 18:28:00,118100.0,118156.19844368317,117875.20622526732,SHA_FLIP,2026-06-29 18:47:00,118156.19844368317,STOP_LOSS,-5619.84436831699,5124.0,-10743.84436831699,19.0,2026-06
GOLD,SHORT,2026-06-29 18:54:00,118055.0,118127.0530971621,117766.78761135158,SHA_FLIP,2026-06-29 19:33:00,117766.78761135158,TAKE_PROFIT,28821.23886484187,5122.2,23699.03886484187,39.0,2026-06
GOLD,LONG,2026-06-29 20:15:00,117677.0,117623.76379597416,117889.94481610338,SHA_FLIP,2026-06-29 20:16:00,117623.76379597416,STOP_LOSS,-5323.620402584493,5107.08,-10430.700402584493,1.0,2026-06
GOLD,SHORT,2026-06-29 20:16:00,117602.0,117674.46206521703,117312.15173913189,SHA_FLIP,2026-06-29 20:22:00,117674.46206521703,STOP_LOSS,-7246.2065217026975,5104.08,-12350.286521702697,6.0,2026-06
SILVER,LONG,2026-06-29 20:38:00,2271.0,2269.045345061818,2276.8639648145463,SHA_FLIP,2026-06-29 20:41:00,2269.045345061818,STOP_LOSS,-58.63964814546307,207.252,-265.8916481454631,3.0,2026-06
SILVER,SHORT,2026-06-29 20:41:00,2265.0,2270.4758977898373,2248.572306630488,SHA_FLIP,2026-06-29 20:46:00,2270.4758977898373,STOP_LOSS,-164.27693369511871,207.18,-371.4569336951187,5.0,2026-06
GOLD,LONG,2026-06-29 22:00:00,117741.0,117732.3096009301,117775.76159627963,SHA_FLIP,2026-06-29 22:02:00,117732.3096009301,STOP_LOSS,-869.0399069906562,5109.64,-5978.6799069906565,2.0,2026-06
GOLD,SHORT,2026-06-29 22:02:00,117700.0,117722.9274553014,117608.29017879441,SHA_FLIP,2026-06-29 22:23:00,117722.9274553014,STOP_LOSS,-2292.745530139655,5108.0,-7400.745530139655,21.0,2026-06
SILVER,LONG,2026-06-29 21:08:00,2271.0,2267.7632840060355,2280.7101479818934,SHA_FLIP,2026-06-29 22:39:00,2280.7101479818934,TAKE_PROFIT,291.30443945680327,207.252,84.05243945680326,91.0,2026-06
SILVER,SHORT,2026-06-29 23:01:00,2275.0,2278.099647556949,2265.7010573291527,SHA_FLIP,2026-06-29 23:22:00,2278.099647556949,STOP_LOSS,-92.98942670847282,207.3,-300.28942670847283,21.0,2026-06
GOLD,SHORT,2026-06-29 23:18:00,117731.0,117802.43021722478,117445.27913110086,SHA_FLIP,2026-06-29 23:29:00,117802.43021722478,STOP_LOSS,-7143.021722478443,5109.24,-12252.261722478443,11.0,2026-06
SILVER,SHORT,2026-06-30 09:25:00,2254.0,2257.8534097949764,2242.4397706150708,SHA_FLIP,2026-06-30 09:32:00,2257.8534097949764,STOP_LOSS,-115.60229384929244,207.048,-322.65029384929244,7.0,2026-06
SILVER,SHORT,2026-06-30 11:21:00,2260.0,2260.9727109649943,2257.081867105017,SHA_FLIP,2026-06-30 11:39:00,2260.9727109649943,STOP_LOSS,-29.18132894983046,207.12,-236.30132894983046,18.0,2026-06
SILVER,LONG,2026-06-30 11:39:00,2262.0,2260.562843119817,2266.311470640549,SHA_FLIP,2026-06-30 11:52:00,2266.311470640549,TAKE_PROFIT,129.34411921647097,207.144,-77.79988078352903,13.0,2026-06
SILVER,SHORT,2026-06-30 13:42:00,2309.0,2315.0650529671634,2290.8048410985098,SHA_FLIP,2026-06-30 15:31:00,2315.0650529671634,STOP_LOSS,-181.9515890149023,207.708,-389.6595890149023,109.0,2026-06
SILVER,LONG,2026-06-30 16:18:00,2318.0,2314.16923943387,2329.4922816983894,SHA_FLIP,2026-06-30 16:31:00,2314.16923943387,STOP_LOSS,-114.92281698389434,207.816,-322.73881698389437,13.0,2026-06
SILVER,LONG,2026-06-30 16:50:00,2318.0,2315.1137456559204,2326.6587630322388,SHA_FLIP,2026-06-30 17:18:00,2315.1137456559204,STOP_LOSS,-86.58763032238767,207.816,-294.4036303223877,28.0,2026-06
GOLD,LONG,2026-06-30 17:33:00,118100.0,118042.22161271273,118331.11354914907,SHA_FLIP,2026-06-30 17:39:00,118042.22161271273,STOP_LOSS,-5777.838728726783,5124.0,-10901.838728726783,6.0,2026-06
GOLD,SHORT,2026-06-30 17:39:00,117981.0,118053.08375218775,117692.66499124898,SHA_FLIP,2026-06-30 17:55:00,117692.66499124898,TAKE_PROFIT,28833.50087510189,5119.24,23714.260875101892,16.0,2026-06
SILVER,SHORT,2026-06-30 17:21:00,2315.0,2320.87212065372,2297.3836380388407,SHA_FLIP,2026-06-30 18:40:00,2320.87212065372,STOP_LOSS,-176.16361961159328,207.78,-383.94361961159325,79.0,2026-06
GOLD,SHORT,2026-06-30 18:05:00,117665.0,117811.10898177161,117080.56407291355,SHA_FLIP,2026-06-30 18:50:00,117811.10898177161,STOP_LOSS,-14610.898177161289,5106.6,-19717.498177161287,45.0,2026-06
SILVER,LONG,2026-06-30 19:01:00,2320.0,2317.0818076625173,2328.754577012448,SHA_FLIP,2026-06-30 19:03:00,2317.0818076625173,STOP_LOSS,-87.54577012447953,207.84,-295.38577012447956,2.0,2026-06
GOLD,LONG,2026-06-30 19:26:00,117903.0,117829.06924371871,118198.72302512516,SHA_FLIP,2026-06-30 19:40:00,118198.72302512516,TAKE_PROFIT,29572.302512516035,5116.12,24456.182512516036,14.0,2026-06
GOLD,LONG,2026-06-30 20:07:00,118363.0,118306.2606062995,118589.95757480199,SHA_FLIP,2026-06-30 20:09:00,118306.2606062995,STOP_LOSS,-5673.939370049629,5134.52,-10808.45937004963,2.0,2026-06
GOLD,SHORT,2026-06-30 21:12:00,117938.0,118011.7943757825,117642.82249687001,SHA_FLIP,2026-06-30 21:16:00,118011.7943757825,STOP_LOSS,-7379.437578249781,5117.52,-12496.957578249781,4.0,2026-06
GOLD,SHORT,2026-06-30 21:28:00,117969.0,118017.20378527648,117776.18485889409,SHA_FLIP,2026-06-30 22:36:00,117776.18485889409,TAKE_PROFIT,19281.514110590797,5118.76,14162.754110590797,68.0,2026-06
SILVER,LONG,2026-06-30 19:39:00,2329.0,2318.6557872785033,2360.03263816449,SHA_FLIP,2026-07-01 09:00:00,2303.0,SESSION_END,-780.0,207.948,-987.948,801.0,2026-07
SILVER,SHORT,2026-07-01 09:40:00,2297.0,2302.870646184776,2279.388061445672,SHA_FLIP,2026-07-01 12:02:00,2279.388061445672,TAKE_PROFIT,528.358156629838,207.564,320.7941566298381,142.0,2026-07
SILVER,SHORT,2026-07-01 12:47:00,2277.0,2279.9297837409044,2268.2106487772867,SHA_FLIP,2026-07-01 12:53:00,2279.9297837409044,STOP_LOSS,-87.89351222713321,207.324,-295.2175122271332,6.0,2026-07
SILVER,LONG,2026-07-01 14:21:00,2289.0,2287.220695680672,2294.3379129579835,SHA_FLIP,2026-07-01 14:24:00,2287.220695680672,STOP_LOSS,-53.379129579834625,207.468,-260.8471295798346,3.0,2026-07
SILVER,SHORT,2026-07-01 14:26:00,2287.0,2288.8046989150766,2281.58590325477,SHA_FLIP,2026-07-01 14:53:00,2288.8046989150766,STOP_LOSS,-54.140967452299265,207.44400000000002,-261.5849674522993,27.0,2026-07
SILVER,LONG,2026-07-01 15:36:00,2295.0,2292.066389931095,2303.8008302067155,SHA_FLIP,2026-07-01 15:47:00,2292.066389931095,STOP_LOSS,-88.00830206715546,207.54,-295.5483020671554,11.0,2026-07
SILVER,LONG,2026-07-01 17:15:00,2320.0,2313.225292199405,2340.324123401785,SHA_FLIP,2026-07-01 17:38:00,2313.225292199405,STOP_LOSS,-203.24123401785073,207.84,-411.08123401785076,23.0,2026-07
GOLD,LONG,2026-07-01 18:06:00,117965.0,117918.87741465497,118149.49034138012,SHA_FLIP,2026-07-01 18:07:00,117918.87741465497,STOP_LOSS,-4612.258534503053,5118.6,-9730.858534503053,1.0,2026-07
GOLD,SHORT,2026-07-01 18:07:00,117912.0,117962.96090309003,117708.15638763987,SHA_FLIP,2026-07-01 18:21:00,117962.96090309003,STOP_LOSS,-5096.090309003193,5116.4800000000005,-10212.570309003193,14.0,2026-07
GOLD,LONG,2026-07-01 18:21:00,118000.0,117944.28433219992,118222.8626712003,SHA_FLIP,2026-07-01 18:30:00,117944.28433219992,STOP_LOSS,-5571.566780007561,5120.0,-10691.56678000756,9.0,2026-07
SILVER,LONG,2026-07-01 17:52:00,2323.0,2313.6507128907665,2351.0478613277005,SHA_FLIP,2026-07-01 18:37:00,2313.6507128907665,STOP_LOSS,-280.478613277005,207.876,-488.354613277005,45.0,2026-07
GOLD,SHORT,2026-07-01 18:31:00,117826.0,117929.04140461599,117413.83438153606,SHA_FLIP,2026-07-01 18:42:00,117929.04140461599,STOP_LOSS,-10304.140461598581,5113.04,-15417.180461598582,11.0,2026-07
GOLD,LONG,2026-07-01 19:48:00,119343.0,119248.0555098937,119722.77796042518,SHA_FLIP,2026-07-01 20:05:00,119722.77796042518,TAKE_PROFIT,37977.79604251846,5173.72,32804.076042518456,17.0,2026-07
SILVER,LONG,2026-07-01 19:37:00,2351.0,2344.210877987206,2371.367366038382,SHA_FLIP,2026-07-01 20:23:00,2344.210877987206,STOP_LOSS,-203.67366038381988,208.212,-411.88566038381987,46.0,2026-07
GOLD,LONG,2026-07-01 20:28:00,119569.0,119480.03218536382,119924.87125854474,SHA_FLIP,2026-07-01 20:30:00,119480.03218536382,STOP_LOSS,-8896.78146361839,5182.76,-14079.54146361839,2.0,2026-07
SILVER,SHORT,2026-07-01 21:07:00,2340.0,2343.895257215086,2328.3142283547418,SHA_FLIP,2026-07-01 21:21:00,2343.895257215086,STOP_LOSS,-116.85771645258228,208.08,-324.9377164525823,14.0,2026-07
SILVER,LONG,2026-07-01 21:21:00,2344.0,2340.081789989669,2355.7546300309937,SHA_FLIP,2026-07-01 22:12:00,2340.081789989669,STOP_LOSS,-117.54630030993667,208.128,-325.67430030993665,51.0,2026-07
SILVER,SHORT,2026-07-01 22:39:00,2337.0,2339.473397129048,2329.579808612856,SHA_FLIP,2026-07-01 22:46:00,2339.473397129048,STOP_LOSS,-74.20191387143859,208.044,-282.2459138714386,7.0,2026-07
SILVER,LONG,2026-07-01 22:46:00,2342.0,2337.7583056136086,2354.725083159174,SHA_FLIP,2026-07-01 23:05:00,2337.7583056136086,STOP_LOSS,-127.25083159174119,208.104,-335.35483159174123,19.0,2026-07
SILVER,SHORT,2026-07-01 23:05:00,2337.0,2341.8891404584047,2322.332578624786,SHA_FLIP,2026-07-01 23:13:00,2341.8891404584047,STOP_LOSS,-146.67421375213962,208.044,-354.7182137521396,8.0,2026-07
SILVER,LONG,2026-07-01 23:14:00,2343.0,2337.532891808523,2359.4013245744313,SHA_FLIP,2026-07-01 23:15:00,2337.532891808523,STOP_LOSS,-164.01324574431328,208.11599999999999,-372.12924574431327,1.0,2026-07
SILVER,SHORT,2026-07-01 23:15:00,2337.0,2342.825236791348,2319.5242896259565,SHA_FLIP,2026-07-01 23:22:00,2342.825236791348,STOP_LOSS,-174.757103740435,208.044,-382.801103740435,7.0,2026-07
SILVER,LONG,2026-07-01 23:22:00,2343.0,2336.2512057484064,2363.246382754781,SHA_FLIP,2026-07-01 23:25:00,2336.2512057484064,STOP_LOSS,-202.46382754780825,208.11599999999999,-410.57982754780824,3.0,2026-07
SILVER,SHORT,2026-07-01 23:27:00,2334.0,2342.69572617489,2307.9128214753305,SHA_FLIP,2026-07-02 09:00:00,2344.0,SESSION_END,-300.0,208.008,-508.00800000000004,573.0,2026-07
GOLD,SHORT,2026-07-01 20:32:00,119320.0,119467.49234081629,118730.03063673485,SHA_FLIP,2026-07-02 09:00:00,119061.0,SESSION_END,25900.0,5172.8,20727.2,748.0,2026-07
SILVER,SHORT,2026-07-02 10:41:00,2343.0,2344.0526435856777,2339.8420692429668,SHA_FLIP,2026-07-02 10:46:00,2339.8420692429668,TAKE_PROFIT,94.73792271099683,208.11599999999999,-113.37807728900316,5.0,2026-07
SILVER,SHORT,2026-07-02 10:57:00,2337.0,2342.8727904571933,2319.38162862842,SHA_FLIP,2026-07-02 11:25:00,2342.8727904571933,STOP_LOSS,-176.18371371579997,208.044,-384.22771371579995,28.0,2026-07
SILVER,LONG,2026-07-02 11:51:00,2353.0,2346.1561084642676,2373.531674607197,SHA_FLIP,2026-07-02 12:14:00,2346.1561084642676,STOP_LOSS,-205.31674607197147,208.236,-413.55274607197146,23.0,2026-07
SILVER,SHORT,2026-07-02 12:33:00,2347.0,2348.943086412402,2341.170740762794,SHA_FLIP,2026-07-02 12:54:00,2341.170740762794,TAKE_PROFIT,174.87777711617582,208.164,-33.286222883824166,21.0,2026-07
SILVER,SHORT,2026-07-02 13:23:00,2338.0,2341.9021307503476,2326.293607748957,SHA_FLIP,2026-07-02 13:48:00,2341.9021307503476,STOP_LOSS,-117.06392251042871,208.056,-325.11992251042875,25.0,2026-07
SILVER,SHORT,2026-07-02 15:10:00,2342.0,2344.93779542753,2333.1866137174097,SHA_FLIP,2026-07-02 15:13:00,2344.93779542753,STOP_LOSS,-88.13386282590272,208.104,-296.23786282590277,3.0,2026-07
SILVER,LONG,2026-07-02 15:13:00,2345.0,2342.0769373172493,2353.769188048252,SHA_FLIP,2026-07-02 16:30:00,2342.0769373172493,STOP_LOSS,-87.6918804825209,208.14,-295.8318804825209,77.0,2026-07
GOLD,LONG,2026-07-02 18:00:00,120309.0,119944.12471826363,121768.50112694548,SHA_FLIP,2026-07-02 18:01:00,119944.12471826363,STOP_LOSS,-36487.52817363711,5212.360000000001,-41699.88817363711,1.0,2026-07
SILVER,LONG,2026-07-02 18:31:00,2376.0,2360.4342453442664,2422.697263967201,SHA_FLIP,2026-07-02 22:00:00,2360.4342453442664,STOP_LOSS,-466.972639672008,208.512,-675.4846396720079,209.0,2026-07
GOLD,LONG,2026-07-02 18:33:00,120388.0,120027.66640531378,121829.33437874488,SHA_FLIP,2026-07-02 22:02:00,120027.66640531378,STOP_LOSS,-36033.359468622075,5215.52,-41248.87946862208,209.0,2026-07
SILVER,LONG,2026-07-02 22:45:00,2366.0,2363.2543381257155,2374.2369856228534,SHA_FLIP,2026-07-02 22:52:00,2363.2543381257155,STOP_LOSS,-82.36985622853354,208.392,-290.76185622853353,7.0,2026-07
GOLD,SHORT,2026-07-02 22:53:00,120221.0,120286.29875410715,119959.8049835714,SHA_FLIP,2026-07-02 23:03:00,120286.29875410715,STOP_LOSS,-6529.875410714885,5208.84,-11738.715410714885,10.0,2026-07
SILVER,SHORT,2026-07-02 23:10:00,2361.0,2366.863781642731,2343.4086550718075,SHA_FLIP,2026-07-02 23:21:00,2366.863781642731,STOP_LOSS,-175.91344928192484,208.332,-384.24544928192483,11.0,2026-07
GOLD,SHORT,2026-07-02 23:11:00,120200.0,120252.6707220238,119989.31711190479,SHA_FLIP,2026-07-03 09:00:00,121574.0,SESSION_END,-137400.0,5208.0,-142608.0,589.0,2026-07
SILVER,LONG,2026-07-03 09:41:00,2395.0,2391.1491780365286,2406.552465890414,SHA_FLIP,2026-07-03 13:05:00,2406.552465890414,TAKE_PROFIT,346.57397671242506,208.74,137.83397671242506,204.0,2026-07
SILVER,LONG,2026-07-03 13:37:00,2412.0,2409.070039026345,2420.789882920965,SHA_FLIP,2026-07-03 13:38:00,2409.070039026345,STOP_LOSS,-87.89882920964828,208.94400000000002,-296.8428292096483,1.0,2026-07
SILVER,LONG,2026-07-03 13:57:00,2412.0,2409.0722303426714,2420.7833089719857,SHA_FLIP,2026-07-03 14:00:00,2409.0722303426714,STOP_LOSS,-87.83308971985662,208.94400000000002,-296.77708971985663,3.0,2026-07
SILVER,SHORT,2026-07-03 15:09:00,2400.0,2403.4033221044374,2389.790033686688,SHA_FLIP,2026-07-03 15:18:00,2403.4033221044374,STOP_LOSS,-102.0996631331218,208.8,-310.8996631331218,9.0,2026-07
SILVER,SHORT,2026-07-03 15:20:00,2401.0,2403.8991779971893,2392.302466008432,SHA_FLIP,2026-07-03 15:26:00,2403.8991779971893,STOP_LOSS,-86.9753399156798,208.812,-295.7873399156798,6.0,2026-07
SILVER,SHORT,2026-07-03 16:18:00,2401.0,2404.911374414961,2389.2658767551175,SHA_FLIP,2026-07-03 17:06:00,2404.911374414961,STOP_LOSS,-117.3412324488254,208.812,-326.1532324488254,48.0,2026-07
SILVER,LONG,2026-07-03 17:13:00,2406.0,2403.0659991832645,2414.8020024502066,SHA_FLIP,2026-07-03 17:21:00,2403.0659991832645,STOP_LOSS,-88.02002450206601,208.872,-296.892024502066,8.0,2026-07
GOLD,SHORT,2026-07-03 17:44:00,121709.0,121755.57098315094,121522.71606739622,SHA_FLIP,2026-07-03 17:52:00,121522.71606739622,TAKE_PROFIT,18628.393260377925,5268.360000000001,13360.033260377924,8.0,2026-07
GOLD,SHORT,2026-07-03 18:17:00,121640.0,121708.102576836,121367.58969265601,SHA_FLIP,2026-07-03 18:21:00,121708.102576836,STOP_LOSS,-6810.257683599775,5265.6,-12075.857683599776,4.0,2026-07
GOLD,LONG,2026-07-03 18:21:00,121742.0,121662.77871215777,122058.88515136892,SHA_FLIP,2026-07-03 18:28:00,121662.77871215777,STOP_LOSS,-7922.128784222878,5269.68,-13191.808784222878,7.0,2026-07
GOLD,SHORT,2026-07-03 18:29:00,121572.0,121656.1483142692,121235.4067429232,SHA_FLIP,2026-07-03 18:30:00,121656.1483142692,STOP_LOSS,-8414.831426920136,5262.88,-13677.711426920137,1.0,2026-07
GOLD,LONG,2026-07-03 18:30:00,121807.0,121640.07146096669,122474.71415613324,SHA_FLIP,2026-07-03 18:32:00,121640.07146096669,STOP_LOSS,-16692.85390333098,5272.280000000001,-21965.133903330978,2.0,2026-07
GOLD,SHORT,2026-07-03 19:03:00,121400.0,121471.99700105624,121112.01199577504,SHA_FLIP,2026-07-03 19:16:00,121471.99700105624,STOP_LOSS,-7199.700105623924,5256.0,-12455.700105623924,13.0,2026-07
GOLD,SHORT,2026-07-03 19:29:00,121380.0,121468.03201557125,121027.87193771498,SHA_FLIP,2026-07-03 19:39:00,121027.87193771498,TAKE_PROFIT,35212.80622850172,5255.2,29957.60622850172,10.0,2026-07
GOLD,SHORT,2026-07-03 19:55:00,121245.0,121331.46157978,120899.15368087997,SHA_FLIP,2026-07-03 20:11:00,121331.46157978,STOP_LOSS,-8646.157978000701,5249.8,-13895.9579780007,16.0,2026-07
SILVER,SHORT,2026-07-03 17:22:00,2402.0,2405.9039712720332,2390.2880861839003,SHA_FLIP,2026-07-03 20:36:00,2405.9039712720332,STOP_LOSS,-117.11913816099695,208.824,-325.94313816099697,194.0,2026-07
GOLD,SHORT,2026-07-03 21:28:00,121380.0,121427.9976309804,121188.00947607838,SHA_FLIP,2026-07-03 21:30:00,121427.9976309804,STOP_LOSS,-4799.763098040421,5255.2,-10054.963098040422,2.0,2026-07
SILVER,SHORT,2026-07-03 20:59:00,2401.0,2403.76592833704,2392.7022149888803,SHA_FLIP,2026-07-03 22:15:00,2403.76592833704,STOP_LOSS,-82.97785011119686,208.812,-291.78985011119687,76.0,2026-07
GOLD,SHORT,2026-07-03 22:35:00,121427.0,121495.86933856695,121151.52264573221,SHA_FLIP,2026-07-03 22:36:00,121495.86933856695,STOP_LOSS,-6886.933856694668,5257.08,-12144.013856694668,1.0,2026-07
SILVER,LONG,2026-07-03 22:16:00,2404.0,2400.7102425904454,2413.8692722286637,SHA_FLIP,2026-07-03 22:36:00,2400.7102425904454,STOP_LOSS,-98.69272228663704,208.848,-307.54072228663705,20.0,2026-07
SILVER,SHORT,2026-07-03 22:49:00,2400.0,2404.1660623294415,2387.5018130116755,SHA_FLIP,2026-07-03 23:05:00,2404.1660623294415,STOP_LOSS,-124.98186988324505,208.8,-333.78186988324507,16.0,2026-07
SILVER,SHORT,2026-07-03 23:21:00,2400.0,2405.4214759834804,2383.735572049559,SHA_FLIP,2026-07-03 23:24:00,2405.4214759834804,STOP_LOSS,-162.64427950441132,208.8,-371.4442795044113,3.0,2026-07
GOLD,LONG,2026-07-03 23:19:00,121545.0,121461.49090489197,121879.03638043214,SHA_FLIP,2026-07-03 23:29:00,121461.49090489197,STOP_LOSS,-8350.909510803467,5261.8,-13612.709510803466,10.0,2026-07
SILVER,LONG,2026-07-03 23:25:00,2406.0,2400.1289650471363,2423.613104858591,SHA_FLIP,2026-07-03 23:29:00,2400.1289650471363,STOP_LOSS,-176.13104858591214,208.872,-385.00304858591215,4.0,2026-07
SILVER,SHORT,2026-07-03 23:30:00,2396.0,2405.5083996211647,2367.474801136506,SHA_FLIP,2026-07-06 09:00:00,2404.0,SESSION_END,-240.0,208.752,-448.752,3450.0,2026-07
GOLD,LONG,2026-07-03 23:30:00,121698.0,121420.42586781648,122808.29652873409,SHA_FLIP,2026-07-06 09:00:00,121539.0,SESSION_END,-15900.0,5267.92,-21167.92,3450.0,2026-07
SILVER,SHORT,2026-07-06 10:05:00,2390.0,2395.5754289035453,2373.273713289364,SHA_FLIP,2026-07-06 11:05:00,2395.5754289035453,STOP_LOSS,-167.26286710636032,208.68,-375.9428671063603,60.0,2026-07
SILVER,SHORT,2026-07-06 11:25:00,2391.0,2394.768810274786,2379.6935691756416,SHA_FLIP,2026-07-06 13:08:00,2394.768810274786,STOP_LOSS,-113.06430824358358,208.692,-321.7563082435836,103.0,2026-07
SILVER,LONG,2026-07-06 13:52:00,2401.0,2400.3361356512487,2402.991593046254,SHA_FLIP,2026-07-06 14:01:00,2400.3361356512487,STOP_LOSS,-19.91593046253911,208.812,-228.72793046253912,9.0,2026-07
SILVER,SHORT,2026-07-06 14:01:00,2400.0,2400.849791897774,2397.4506243066776,SHA_FLIP,2026-07-06 14:09:00,2397.4506243066776,TAKE_PROFIT,76.48127079967253,208.8,-132.31872920032748,8.0,2026-07
SILVER,SHORT,2026-07-06 14:19:00,2396.0,2399.9197106220354,2384.240868133894,SHA_FLIP,2026-07-06 14:28:00,2399.9197106220354,STOP_LOSS,-117.59131866106145,208.752,-326.34331866106146,9.0,2026-07
SILVER,SHORT,2026-07-06 14:30:00,2397.0,2399.9078245670657,2388.2765262988028,SHA_FLIP,2026-07-06 14:42:00,2399.9078245670657,STOP_LOSS,-87.23473701197236,208.764,-295.99873701197237,12.0,2026-07
SILVER,SHORT,2026-07-06 15:27:00,2395.0,2398.70076028834,2383.89771913498,SHA_FLIP,2026-07-06 15:54:00,2398.70076028834,STOP_LOSS,-111.0228086502002,208.74,-319.7628086502002,27.0,2026-07
SILVER,LONG,2026-07-06 15:54:00,2400.0,2396.588988767216,2410.233033698352,SHA_FLIP,2026-07-06 16:35:00,2396.588988767216,STOP_LOSS,-102.33033698351846,208.8,-311.1303369835185,41.0,2026-07
SILVER,LONG,2026-07-06 17:50:00,2404.0,2400.0971664092954,2415.708500772114,SHA_FLIP,2026-07-06 17:51:00,2400.0971664092954,STOP_LOSS,-117.08500772113894,208.848,-325.93300772113895,1.0,2026-07
GOLD,LONG,2026-07-06 17:50:00,121256.0,121202.54704525837,121469.81181896653,SHA_FLIP,2026-07-06 17:51:00,121202.54704525837,STOP_LOSS,-5345.29547416314,5250.24,-10595.53547416314,1.0,2026-07
SILVER,SHORT,2026-07-06 17:52:00,2400.0,2403.880795008129,2388.3576149756127,SHA_FLIP,2026-07-06 18:12:00,2388.3576149756127,TAKE_PROFIT,349.27155073161885,208.8,140.47155073161883,20.0,2026-07
GOLD,SHORT,2026-07-06 17:51:00,121195.0,121285.6231767175,120832.50729312998,SHA_FLIP,2026-07-06 18:13:00,120832.50729312998,TAKE_PROFIT,36249.27068700199,5247.8,31001.47068700199,22.0,2026-07
GOLD,SHORT,2026-07-06 18:50:00,120882.0,120969.4408868906,120532.23645243759,SHA_FLIP,2026-07-06 19:03:00,120969.4408868906,STOP_LOSS,-8744.0886890603,5235.280000000001,-13979.3686890603,13.0,2026-07
GOLD,LONG,2026-07-06 19:04:00,121057.0,121005.32296460778,121263.70814156887,SHA_FLIP,2026-07-06 19:06:00,121005.32296460778,STOP_LOSS,-5167.703539221839,5242.280000000001,-10409.98353922184,2.0,2026-07
SILVER,SHORT,2026-07-06 18:30:00,2386.0,2392.8414589509202,2365.4756231472393,SHA_FLIP,2026-07-06 19:20:00,2392.8414589509202,STOP_LOSS,-205.24376852760724,208.632,-413.87576852760725,50.0,2026-07
SILVER,LONG,2026-07-06 19:34:00,2393.0,2390.4595448933587,2400.621365319924,SHA_FLIP,2026-07-06 19:46:00,2390.4595448933587,STOP_LOSS,-76.21365319923825,208.716,-284.92965319923826,12.0,2026-07
GOLD,SHORT,2026-07-06 19:52:00,120903.0,120957.8361948499,120683.65522060043,SHA_FLIP,2026-07-06 20:04:00,120957.8361948499,STOP_LOSS,-5483.619484989322,5236.12,-10719.73948498932,12.0,2026-07
SILVER,SHORT,2026-07-06 20:15:00,2384.0,2386.946176724822,2375.1614698255335,SHA_FLIP,2026-07-06 20:28:00,2386.946176724822,STOP_LOSS,-88.38530174466541,208.608,-296.9933017446654,13.0,2026-07
GOLD,SHORT,2026-07-06 20:10:00,120900.0,120980.91995580554,120576.32017677784,SHA_FLIP,2026-07-06 20:38:00,120980.91995580554,STOP_LOSS,-8091.995580554067,5236.0,-13327.995580554067,28.0,2026-07
SILVER,SHORT,2026-07-06 21:44:00,2385.0,2386.168929686837,2381.4932109394886,SHA_FLIP,2026-07-06 21:51:00,2386.168929686837,STOP_LOSS,-35.06789060511437,208.62,-243.68789060511438,7.0,2026-07
SILVER,SHORT,2026-07-06 21:58:00,2385.0,2386.8194572009265,2379.5416283972204,SHA_FLIP,2026-07-06 22:06:00,2386.8194572009265,STOP_LOSS,-54.58371602779607,208.62,-263.2037160277961,8.0,2026-07
SILVER,LONG,2026-07-06 22:07:00,2387.0,2385.342551970423,2391.9723440887315,SHA_FLIP,2026-07-06 22:08:00,2385.342551970423,STOP_LOSS,-49.72344088731461,208.644,-258.3674408873146,1.0,2026-07
SILVER,SHORT,2026-07-06 22:08:00,2383.0,2386.917937567487,2371.2461872975387,SHA_FLIP,2026-07-06 22:20:00,2386.917937567487,STOP_LOSS,-117.53812702461346,208.596,-326.13412702461346,12.0,2026-07
SILVER,LONG,2026-07-06 22:45:00,2389.0,2386.0889083758066,2397.7332748725803,SHA_FLIP,2026-07-06 22:53:00,2386.0889083758066,STOP_LOSS,-87.33274872580296,208.668,-296.00074872580296,8.0,2026-07
SILVER,LONG,2026-07-06 23:13:00,2389.0,2385.095154134531,2400.7145375964064,SHA_FLIP,2026-07-06 23:17:00,2385.095154134531,STOP_LOSS,-117.14537596406444,208.668,-325.81337596406445,4.0,2026-07
GOLD,LONG,2026-07-06 22:54:00,121121.0,121080.56051678209,121282.75793287164,SHA_FLIP,2026-07-06 23:25:00,121080.56051678209,STOP_LOSS,-4043.9483217909583,5244.84,-9288.788321790958,31.0,2026-07
GOLD,LONG,2026-07-06 23:26:00,121199.0,121083.40516272672,121661.37934909313,SHA_FLIP,2026-07-07 09:00:00,120661.0,SESSION_END,-53800.0,5247.96,-59047.96,574.0,2026-07
SILVER,SHORT,2026-07-07 09:47:00,2365.0,2371.8585791797464,2344.424262460761,SHA_FLIP,2026-07-07 16:27:00,2344.424262460761,TAKE_PROFIT,617.2721261771721,208.38,408.89212617717214,400.0,2026-07
GOLD,LONG,2026-07-07 18:01:00,120807.0,120699.90018149876,121235.39927400497,SHA_FLIP,2026-07-07 18:06:00,120699.90018149876,STOP_LOSS,-10709.981850124313,5232.280000000001,-15942.261850124314,5.0,2026-07
SILVER,LONG,2026-07-07 17:59:00,2365.0,2355.2013892236173,2394.395832329148,SHA_FLIP,2026-07-07 18:12:00,2355.2013892236173,STOP_LOSS,-293.95832329148107,208.38,-502.33832329148106,13.0,2026-07
GOLD,SHORT,2026-07-07 18:06:00,120675.0,120769.6130869607,120296.5476521572,SHA_FLIP,2026-07-07 18:16:00,120769.6130869607,STOP_LOSS,-9461.308696070046,5227.0,-14688.308696070046,10.0,2026-07
SILVER,SHORT,2026-07-07 18:24:00,2356.0,2359.8956480318357,2344.313055904493,SHA_FLIP,2026-07-07 18:28:00,2359.8956480318357,STOP_LOSS,-116.86944095506988,208.272,-325.14144095506987,4.0,2026-07
GOLD,LONG,2026-07-07 18:30:00,120861.0,120785.0154267074,121164.93829317042,SHA_FLIP,2026-07-07 18:36:00,120785.0154267074,STOP_LOSS,-7598.457329260418,5234.4400000000005,-12832.897329260419,6.0,2026-07
SILVER,LONG,2026-07-07 18:28:00,2361.0,2356.1219831419803,2375.634050574059,SHA_FLIP,2026-07-07 18:36:00,2356.1219831419803,STOP_LOSS,-146.34050574059074,208.332,-354.67250574059074,8.0,2026-07
SILVER,SHORT,2026-07-07 18:37:00,2356.0,2360.9579616724704,2341.1261149825887,SHA_FLIP,2026-07-07 19:06:00,2360.9579616724704,STOP_LOSS,-148.7388501741134,208.272,-357.0108501741134,29.0,2026-07
GOLD,SHORT,2026-07-07 19:53:00,120470.0,120489.97560744318,120390.09757022728,SHA_FLIP,2026-07-07 19:58:00,120489.97560744318,STOP_LOSS,-1997.5607443178887,5218.8,-7216.360744317889,5.0,2026-07
GOLD,SHORT,2026-07-07 20:05:00,120300.0,120391.58141985076,119933.67432059697,SHA_FLIP,2026-07-07 20:17:00,120391.58141985076,STOP_LOSS,-9158.141985075781,5212.0,-14370.141985075781,12.0,2026-07
GOLD,SHORT,2026-07-07 20:31:00,120286.0,120344.70380566786,120051.18477732857,SHA_FLIP,2026-07-07 21:41:00,120051.18477732857,TAKE_PROFIT,23481.52226714301,5211.4400000000005,18270.082267143007,70.0,2026-07
GOLD,SHORT,2026-07-07 21:49:00,120129.0,120184.85083374176,119905.59666503296,SHA_FLIP,2026-07-07 21:52:00,120184.85083374176,STOP_LOSS,-5585.083374175883,5205.16,-10790.243374175883,3.0,2026-07
GOLD,LONG,2026-07-07 21:52:00,120230.0,120147.62917093908,120559.48331624368,SHA_FLIP,2026-07-07 22:07:00,120147.62917093908,STOP_LOSS,-8237.08290609211,5209.2,-13446.28290609211,15.0,2026-07
GOLD,SHORT,2026-07-07 22:18:00,120113.0,120164.71255837238,119906.14976651047,SHA_FLIP,2026-07-07 22:30:00,120164.71255837238,STOP_LOSS,-5171.255837238277,5204.52,-10375.775837238278,12.0,2026-07
SILVER,SHORT,2026-07-07 20:30:00,2346.0,2353.834075717465,2322.4977728476047,SHA_FLIP,2026-07-07 23:27:00,2353.834075717465,STOP_LOSS,-235.02227152395335,208.152,-443.17427152395334,177.0,2026-07
GOLD,SHORT,2026-07-07 23:24:00,120124.0,120169.633523054,119941.465907784,SHA_FLIP,2026-07-08 09:00:00,120093.0,SESSION_END,3100.0,5204.96,-2104.96,576.0,2026-07
CRUDEOIL,SHORT,2026-06-24 18:11:00,6686.0,6786.000000000005,6285.999999999982,SHA_FLIP,2026-07-08 09:13:00,6844.0,SESSION_END,-15800.0,667.44,-16467.44,19622.0,2026-07
SILVER,SHORT,2026-07-08 09:45:00,2326.0,2329.8716482074833,2314.38505537755,SHA_FLIP,2026-07-08 10:03:00,2329.8716482074833,STOP_LOSS,-116.14944622449912,207.912,-324.06144622449915,18.0,2026-07
SILVER,LONG,2026-07-08 10:15:00,2330.0,2328.058515237786,2335.8244542866414,SHA_FLIP,2026-07-08 10:35:00,2335.8244542866414,TAKE_PROFIT,174.73362859924237,207.96,-33.22637140075764,20.0,2026-07
SILVER,LONG,2026-07-08 10:43:00,2334.0,2331.6187179051835,2341.1438462844494,SHA_FLIP,2026-07-08 10:59:00,2331.6187179051835,STOP_LOSS,-71.4384628444941,208.008,-279.44646284449414,16.0,2026-07
SILVER,LONG,2026-07-08 11:03:00,2340.0,2331.9197416261864,2364.240775121441,SHA_FLIP,2026-07-08 13:47:00,2331.9197416261864,STOP_LOSS,-242.40775121440947,208.08,-450.4877512144095,164.0,2026-07
SILVER,SHORT,2026-07-08 13:47:00,2326.0,2334.8454944310533,2299.46351670684,SHA_FLIP,2026-07-08 14:06:00,2299.46351670684,TAKE_PROFIT,796.0944987948005,207.912,588.1824987948005,19.0,2026-07
BANKNIFTY,SHORT,2026-07-08 14:37:00,56703.9,56749.09216459904,56590.91958850241,ARMED_STOP,2026-07-08 14:38:00,56749.09216459904,STOP_LOSS,-1355.7649379711074,640.2234000000001,-1995.9883379711075,1.0,2026-07
BANKNIFTY,SHORT,2026-07-08 14:41:00,56718.45,56767.90407887631,56594.81480280922,ARMED_STOP,2026-07-08 14:51:00,56594.81480280922,TAKE_PROFIT,3709.0559157233656,640.3107,3068.7452157233656,10.0,2026-07
BANKNIFTY,SHORT,2026-07-08 14:52:00,56563.5,56597.77575770592,56477.81060573521,ARMED_STOP,2026-07-08 14:53:00,56597.77575770592,STOP_LOSS,-1028.2727311774943,639.3810000000001,-1667.6537311774944,1.0,2026-07
SILVER,LONG,2026-07-08 15:02:00,2276.0,2269.216204935497,2296.351385193509,SHA_FLIP,2026-07-08 15:13:00,2269.216204935497,STOP_LOSS,-203.51385193509032,207.312,-410.8258519350903,11.0,2026-07
SILVER,SHORT,2026-07-08 15:40:00,2270.0,2275.0814470562477,2254.755658831257,SHA_FLIP,2026-07-08 15:52:00,2275.0814470562477,STOP_LOSS,-152.44341168743176,207.24,-359.68341168743177,12.0,2026-07
SILVER,LONG,2026-07-08 15:59:00,2276.0,2270.096406431791,2293.7107807046273,SHA_FLIP,2026-07-08 16:38:00,2270.096406431791,STOP_LOSS,-177.10780704627268,207.312,-384.4198070462727,39.0,2026-07
SILVER,SHORT,2026-07-08 16:55:00,2272.0,2273.9573048745615,2266.1280853763155,SHA_FLIP,2026-07-08 17:05:00,2273.9573048745615,STOP_LOSS,-58.71914623684461,207.264,-265.9831462368446,10.0,2026-07
SILVER,SHORT,2026-07-08 17:06:00,2269.0,2273.82287610931,2254.53137167207,SHA_FLIP,2026-07-08 17:14:00,2273.82287610931,STOP_LOSS,-144.6862832793022,207.228,-351.9142832793022,8.0,2026-07
SILVER,LONG,2026-07-08 17:37:00,2278.0,2273.1783428440663,2292.464971467801,SHA_FLIP,2026-07-08 17:52:00,2273.1783428440663,STOP_LOSS,-144.64971467801206,207.336,-351.9857146780121,15.0,2026-07
SILVER,LONG,2026-07-08 18:35:00,2284.0,2277.170378916944,2304.4888632491675,SHA_FLIP,2026-07-08 18:50:00,2277.170378916944,STOP_LOSS,-204.8886324916748,207.40800000000002,-412.2966324916748,15.0,2026-07
GOLD,LONG,2026-07-08 17:35:00,118683.0,118546.20012048454,119230.19951806183,SHA_FLIP,2026-07-08 19:37:00,118546.20012048454,STOP_LOSS,-13679.987951545627,5147.320000000001,-18827.307951545627,122.0,2026-07
SILVER,SHORT,2026-07-08 19:14:00,2275.0,2277.8836354950427,2266.349093514872,SHA_FLIP,2026-07-08 19:43:00,2266.349093514872,TAKE_PROFIT,259.52719455383885,207.3,52.22719455383884,29.0,2026-07
GOLD,SHORT,2026-07-08 20:06:00,118372.0,118471.48599074519,117974.05603701924,SHA_FLIP,2026-07-08 20:45:00,117974.05603701924,TAKE_PROFIT,39794.396298076026,5134.88,34659.51629807603,39.0,2026-07
GOLD,SHORT,2026-07-08 21:00:00,117991.0,118167.59166979593,117284.63332081627,SHA_FLIP,2026-07-08 21:20:00,118167.59166979593,STOP_LOSS,-17659.166979593283,5119.64,-22778.806979593282,20.0,2026-07
GOLD,SHORT,2026-07-08 21:27:00,117981.0,118091.01686498336,117540.93254006654,SHA_FLIP,2026-07-08 21:34:00,118091.01686498336,STOP_LOSS,-11001.686498336494,5119.24,-16120.926498336494,7.0,2026-07
GOLD,LONG,2026-07-08 21:34:00,118111.0,118033.8089679791,118419.7641280836,SHA_FLIP,2026-07-08 22:12:00,118419.7641280836,TAKE_PROFIT,30876.4128083596,5124.4400000000005,25751.9728083596,38.0,2026-07
SILVER,SHORT,2026-07-08 20:03:00,2261.0,2269.8235025071704,2234.529492478489,SHA_FLIP,2026-07-08 22:56:00,2269.8235025071704,STOP_LOSS,-264.7050752151108,207.132,-471.8370752151108,173.0,2026-07
SILVER,LONG,2026-07-08 23:10:00,2267.0,2260.913418807977,2285.259743576069,SHA_FLIP,2026-07-08 23:18:00,2260.913418807977,STOP_LOSS,-182.59743576069013,207.204,-389.80143576069014,8.0,2026-07
GOLD,LONG,2026-07-08 22:37:00,118700.0,118602.36902165526,119090.52391337894,SHA_FLIP,2026-07-08 23:19:00,118602.36902165526,STOP_LOSS,-9763.097834473592,5148.0,-14911.097834473592,42.0,2026-07
SILVER,SHORT,2026-07-09 09:34:00,2254.0,2260.8452285592607,2233.464314322218,SHA_FLIP,2026-07-09 10:31:00,2260.8452285592607,STOP_LOSS,-205.35685677782112,207.048,-412.4048567778211,57.0,2026-07
SILVER,LONG,2026-07-09 10:31:00,2262.0,2257.101172490992,2276.6964825270234,SHA_FLIP,2026-07-09 11:21:00,2276.6964825270234,TAKE_PROFIT,440.8944758107009,207.144,233.7504758107009,50.0,2026-07
SILVER,LONG,2026-07-09 12:16:00,2294.0,2286.2036627973525,2317.3890116079424,SHA_FLIP,2026-07-09 16:00:00,2286.2036627973525,STOP_LOSS,-233.89011607942393,207.528,-441.41811607942395,224.0,2026-07
SILVER,SHORT,2026-07-09 16:14:00,2286.0,2288.9339395686548,2277.1981812940357,SHA_FLIP,2026-07-09 16:42:00,2288.9339395686548,STOP_LOSS,-88.01818705964251,207.43200000000002,-295.45018705964253,28.0,2026-07
GOLD,LONG,2026-07-09 18:04:00,119571.0,119500.29981789118,119853.80072843528,SHA_FLIP,2026-07-09 18:15:00,119500.29981789118,STOP_LOSS,-7070.018210881972,5182.84,-12252.858210881972,11.0,2026-07
SILVER,LONG,2026-07-09 17:39:00,2298.0,2290.194374561636,2321.4168763150924,SHA_FLIP,2026-07-09 18:16:00,2290.194374561636,STOP_LOSS,-234.16876315092395,207.576,-441.744763150924,37.0,2026-07
GOLD,LONG,2026-07-09 18:40:00,119650.0,119562.06133245662,120001.75467017351,SHA_FLIP,2026-07-09 18:50:00,119562.06133245662,STOP_LOSS,-8793.866754337796,5186.0,-13979.866754337796,10.0,2026-07
SILVER,LONG,2026-07-09 18:39:00,2296.0,2287.189474695506,2322.4315759134824,SHA_FLIP,2026-07-09 19:49:00,2287.189474695506,STOP_LOSS,-264.3157591348245,207.552,-471.8677591348245,70.0,2026-07
SILVER,SHORT,2026-07-09 20:01:00,2287.0,2290.86971575934,2275.3908527219796,SHA_FLIP,2026-07-09 20:28:00,2290.86971575934,STOP_LOSS,-116.09147278020373,207.44400000000002,-323.53547278020375,27.0,2026-07
GOLD,SHORT,2026-07-09 20:04:00,119572.0,119634.92421228276,119320.30315086897,SHA_FLIP,2026-07-09 20:28:00,119634.92421228276,STOP_LOSS,-6292.421228275634,5182.88,-11475.301228275635,24.0,2026-07
CRUDEOIL,LONG,2026-07-09 10:13:00,7101.0,7014.6,7446.5999999999985,SHA_FLIP,2026-07-09 20:47:00,7014.6,STOP_LOSS,-8639.999999999964,684.04,-9324.039999999964,634.0,2026-07
SILVER,LONG,2026-07-09 20:54:00,2294.0,2292.046489090226,2299.8605327293226,SHA_FLIP,2026-07-09 20:56:00,2292.046489090226,STOP_LOSS,-58.605327293225855,207.528,-266.1333272932259,2.0,2026-07
GOLD,LONG,2026-07-09 20:58:00,119690.0,119660.90359989884,119806.38560040464,SHA_FLIP,2026-07-09 21:05:00,119660.90359989884,STOP_LOSS,-2909.6400101159816,5187.6,-8097.240010115982,7.0,2026-07
GOLD,SHORT,2026-07-09 21:05:00,119612.0,119653.88572301863,119444.4571079255,SHA_FLIP,2026-07-09 21:07:00,119653.88572301863,STOP_LOSS,-4188.572301862587,5184.4800000000005,-9373.052301862586,2.0,2026-07
SILVER,LONG,2026-07-09 21:12:00,2293.0,2292.02794020413,2295.9161793876096,SHA_FLIP,2026-07-09 21:16:00,2295.9161793876096,TAKE_PROFIT,87.48538162828936,207.516,-120.03061837171063,4.0,2026-07
GOLD,LONG,2026-07-09 21:10:00,119689.0,119648.47050435324,119851.11798258702,SHA_FLIP,2026-07-09 21:27:00,119648.47050435324,STOP_LOSS,-4052.9495646755095,5187.56,-9240.50956467551,17.0,2026-07
SILVER,LONG,2026-07-09 22:15:00,2297.0,2295.055258206964,2302.834225379108,SHA_FLIP,2026-07-09 22:19:00,2295.055258206964,STOP_LOSS,-58.3422537910792,207.564,-265.90625379107917,4.0,2026-07
GOLD,LONG,2026-07-09 22:19:00,119800.0,119764.23754563656,119943.04981745378,SHA_FLIP,2026-07-09 22:28:00,119764.23754563656,STOP_LOSS,-3576.2454363444704,5192.0,-8768.24543634447,9.0,2026-07
SILVER,LONG,2026-07-09 22:25:00,2297.0,2295.047621638554,2302.8571350843376,SHA_FLIP,2026-07-09 22:31:00,2295.047621638554,STOP_LOSS,-58.57135084337642,207.564,-266.1353508433764,6.0,2026-07
SILVER,SHORT,2026-07-09 23:12:00,2292.0,2295.5995650757204,2281.2013047728387,SHA_FLIP,2026-07-09 23:22:00,2295.5995650757204,STOP_LOSS,-107.98695227161261,207.504,-315.4909522716126,10.0,2026-07
SILVER,SHORT,2026-07-10 11:17:00,2265.0,2270.326379690347,2249.020860928959,SHA_FLIP,2026-07-10 11:28:00,2270.326379690347,STOP_LOSS,-159.79139071041118,207.18,-366.9713907104112,11.0,2026-07
SILVER,LONG,2026-07-10 12:46:00,2271.0,2269.334257990717,2275.9972260278487,SHA_FLIP,2026-07-10 12:47:00,2269.334257990717,STOP_LOSS,-49.97226027848683,207.252,-257.22426027848684,1.0,2026-07
SILVER,SHORT,2026-07-10 12:47:00,2268.0,2270.931127138506,2259.2066185844824,SHA_FLIP,2026-07-10 12:50:00,2270.931127138506,STOP_LOSS,-87.93381415517615,207.216,-295.14981415517616,3.0,2026-07
SILVER,LONG,2026-07-10 12:50:00,2272.0,2268.0946114597637,2283.716165620709,SHA_FLIP,2026-07-10 13:01:00,2268.0946114597637,STOP_LOSS,-117.16165620709035,207.264,-324.42565620709036,11.0,2026-07
SILVER,SHORT,2026-07-10 13:30:00,2266.0,2267.9448074288975,2260.1655777133074,SHA_FLIP,2026-07-10 13:45:00,2267.9448074288975,STOP_LOSS,-58.34422286692643,207.192,-265.53622286692644,15.0,2026-07
SILVER,LONG,2026-07-10 13:45:00,2269.0,2264.8554922802205,2281.4335231593386,SHA_FLIP,2026-07-10 13:58:00,2264.8554922802205,STOP_LOSS,-124.3352315933862,207.228,-331.5632315933862,13.0,2026-07
SILVER,SHORT,2026-07-10 13:58:00,2261.0,2265.7066299302846,2246.880110209146,SHA_FLIP,2026-07-10 15:10:00,2265.7066299302846,STOP_LOSS,-141.19889790853904,207.132,-348.33089790853904,72.0,2026-07
SILVER,LONG,2026-07-10 15:10:00,2266.0,2262.083053593203,2277.7508392203904,SHA_FLIP,2026-07-10 15:21:00,2262.083053593203,STOP_LOSS,-117.5083922039039,207.192,-324.7003922039039,11.0,2026-07
SILVER,LONG,2026-07-10 15:53:00,2269.0,2265.081536705939,2280.755389882183,SHA_FLIP,2026-07-10 16:16:00,2265.081536705939,STOP_LOSS,-117.55389882182953,207.228,-324.78189882182954,23.0,2026-07
GOLD,SHORT,2026-07-10 17:30:00,118949.0,119008.86796918344,118709.52812326624,SHA_FLIP,2026-07-10 17:32:00,119008.86796918344,STOP_LOSS,-5986.796918344044,5157.96,-11144.756918344043,2.0,2026-07
SILVER,SHORT,2026-07-10 16:28:00,2264.0,2269.8706869726675,2246.3879390819975,SHA_FLIP,2026-07-10 17:45:00,2269.8706869726675,STOP_LOSS,-176.12060918002499,207.168,-383.288609180025,77.0,2026-07
SILVER,SHORT,2026-07-10 18:26:00,2262.0,2264.9379334810114,2253.1861995569657,SHA_FLIP,2026-07-10 18:29:00,2264.9379334810114,STOP_LOSS,-88.13800443034324,207.144,-295.28200443034325,3.0,2026-07
SILVER,LONG,2026-07-10 18:30:00,2266.0,2262.0927937155325,2277.7216188534026,SHA_FLIP,2026-07-10 18:35:00,2262.0927937155325,STOP_LOSS,-117.2161885340256,207.192,-324.4081885340256,5.0,2026-07
GOLD,SHORT,2026-07-10 18:53:00,119000.0,119063.61542736633,118745.53829053469,SHA_FLIP,2026-07-10 18:57:00,118745.53829053469,TAKE_PROFIT,25446.170946530765,5160.0,20286.170946530765,4.0,2026-07
SILVER,SHORT,2026-07-10 19:19:00,2264.0,2266.9154056427565,2255.2537830717306,SHA_FLIP,2026-07-10 19:21:00,2266.9154056427565,STOP_LOSS,-87.46216928269405,207.168,-294.63016928269406,2.0,2026-07
SILVER,LONG,2026-07-10 19:21:00,2268.0,2264.116873094996,2279.6493807150114,SHA_FLIP,2026-07-10 19:31:00,2264.116873094996,STOP_LOSS,-116.49380715011375,207.216,-323.70980715011376,10.0,2026-07
SILVER,LONG,2026-07-10 19:32:00,2267.0,2264.1122661493728,2275.6632015518817,SHA_FLIP,2026-07-10 20:02:00,2264.1122661493728,STOP_LOSS,-86.63201551881684,207.204,-293.83601551881685,30.0,2026-07
GOLD,SHORT,2026-07-10 19:27:00,118800.0,118916.49064127516,118334.03743489936,SHA_FLIP,2026-07-10 20:03:00,118334.03743489936,TAKE_PROFIT,46596.25651006354,5152.0,41444.25651006354,36.0,2026-07
SILVER,SHORT,2026-07-10 20:03:00,2257.0,2271.848841255497,2212.453476233509,SHA_FLIP,2026-07-10 21:22:00,2271.848841255497,STOP_LOSS,-445.4652376649119,207.084,-652.549237664912,79.0,2026-07
SILVER,LONG,2026-07-10 22:06:00,2271.0,2269.2886797514834,2276.1339607455498,SHA_FLIP,2026-07-10 22:09:00,2269.2886797514834,STOP_LOSS,-51.33960745549757,207.252,-258.5916074554976,3.0,2026-07
SILVER,SHORT,2026-07-10 22:09:00,2268.0,2270.9410383965273,2259.176884810418,SHA_FLIP,2026-07-10 22:12:00,2270.9410383965273,STOP_LOSS,-88.2311518958204,207.216,-295.4471518958204,3.0,2026-07
SILVER,LONG,2026-07-10 22:12:00,2271.0,2268.0783818200975,2279.7648545397074,SHA_FLIP,2026-07-10 22:19:00,2268.0783818200975,STOP_LOSS,-87.64854539707358,207.252,-294.9005453970736,7.0,2026-07
SILVER,SHORT,2026-07-10 22:44:00,2263.0,2266.9116512498285,2251.2650462505144,SHA_FLIP,2026-07-10 22:46:00,2266.9116512498285,STOP_LOSS,-117.34953749485612,207.156,-324.5055374948561,2.0,2026-07
SILVER,LONG,2026-07-10 23:06:00,2270.0,2264.2132667622805,2287.3601997131586,SHA_FLIP,2026-07-10 23:10:00,2264.2132667622805,STOP_LOSS,-173.60199713158636,207.24,-380.84199713158637,4.0,2026-07
SILVER,LONG,2026-07-10 23:16:00,2268.0,2264.125554906905,2279.6233352792847,SHA_FLIP,2026-07-10 23:26:00,2264.125554906905,STOP_LOSS,-116.23335279284674,207.216,-323.44935279284675,10.0,2026-07
GOLD,SHORT,2026-07-10 20:03:00,118679.0,118858.50974794036,117960.96100823855,SHA_FLIP,2026-07-13 09:00:00,117066.0,SESSION_END,161300.0,5147.16,156152.84,3657.0,2026-07
SILVER,SHORT,2026-07-10 23:26:00,2264.0,2267.883043779927,2252.350868660219,SHA_FLIP,2026-07-13 09:00:00,2214.0,SESSION_END,1500.0,207.168,1292.8319999999999,3454.0,2026-07
SILVER,SHORT,2026-07-13 09:37:00,2220.0,2223.9871387638636,2208.038583708409,SHA_FLIP,2026-07-13 09:52:00,2223.9871387638636,STOP_LOSS,-119.61416291590922,206.64,-326.2541629159092,15.0,2026-07
SILVER,LONG,2026-07-13 10:16:00,2226.0,2223.0788978569853,2234.763306429044,SHA_FLIP,2026-07-13 10:41:00,2234.763306429044,TAKE_PROFIT,262.8991928713185,206.712,56.18719287131853,25.0,2026-07
SILVER,SHORT,2026-07-13 11:18:00,2228.0,2232.5386794633914,2214.3839616098257,SHA_FLIP,2026-07-13 13:10:00,2232.5386794633914,STOP_LOSS,-136.16038390174253,206.736,-342.8963839017425,112.0,2026-07
SILVER,LONG,2026-07-13 13:24:00,2235.0,2232.0734131848176,2243.7797604455473,SHA_FLIP,2026-07-13 13:41:00,2243.7797604455473,TAKE_PROFIT,263.3928133664176,206.82,56.57281336641762,17.0,2026-07
SILVER,LONG,2026-07-13 14:07:00,2244.0,2242.0493174136686,2249.852047758994,SHA_FLIP,2026-07-13 14:35:00,2242.0493174136686,STOP_LOSS,-58.52047758994104,206.928,-265.44847758994104,28.0,2026-07
GOLD,SHORT,2026-07-13 18:01:00,117203.0,117240.34875300544,117053.60498797824,SHA_FLIP,2026-07-13 18:21:00,117240.34875300544,STOP_LOSS,-3734.8753005440813,5088.12,-8822.99530054408,20.0,2026-07
GOLD,SHORT,2026-07-13 18:45:00,117100.0,117185.32906889127,116758.68372443493,SHA_FLIP,2026-07-13 19:01:00,117185.32906889127,STOP_LOSS,-8532.906889126753,5084.0,-13616.906889126753,16.0,2026-07
SILVER,SHORT,2026-07-13 14:56:00,2241.0,2244.5332839432954,2230.400148170114,SHA_FLIP,2026-07-13 19:19:00,2230.400148170114,TAKE_PROFIT,317.9955548965836,206.892,111.1035548965836,263.0,2026-07
GOLD,SHORT,2026-07-13 19:11:00,117070.0,117148.70345525214,116755.18617899145,SHA_FLIP,2026-07-13 19:35:00,116755.18617899145,TAKE_PROFIT,31481.382100854535,5082.8,26398.582100854535,24.0,2026-07
SILVER,SHORT,2026-07-13 20:01:00,2223.0,2227.844461605671,2208.4666151829874,SHA_FLIP,2026-07-13 20:18:00,2227.844461605671,STOP_LOSS,-145.33384817012575,206.676,-352.00984817012574,17.0,2026-07
SILVER,LONG,2026-07-13 20:39:00,2230.0,2228.0526116409683,2235.842165077095,SHA_FLIP,2026-07-13 20:40:00,2228.0526116409683,STOP_LOSS,-58.4216507709516,206.76,-265.1816507709516,1.0,2026-07
GOLD,SHORT,2026-07-13 20:34:00,116257.0,116376.01711715231,115780.93153139076,SHA_FLIP,2026-07-13 20:41:00,116376.01711715231,STOP_LOSS,-11901.711715231068,5050.280000000001,-16951.991715231066,7.0,2026-07
SILVER,LONG,2026-07-13 20:48:00,2230.0,2227.090757694145,2238.727726917565,SHA_FLIP,2026-07-13 21:09:00,2227.090757694145,STOP_LOSS,-87.27726917565178,206.76,-294.0372691756518,21.0,2026-07
GOLD,LONG,2026-07-13 20:41:00,116401.0,116274.55224400814,116906.79102396744,SHA_FLIP,2026-07-13 21:13:00,116274.55224400814,STOP_LOSS,-12644.77559918596,5056.04,-17700.81559918596,32.0,2026-07
SILVER,SHORT,2026-07-13 21:31:00,2225.0,2227.915342128387,2216.2539736148397,SHA_FLIP,2026-07-13 21:34:00,2227.915342128387,STOP_LOSS,-87.46026385160349,206.7,-294.1602638516035,3.0,2026-07
SILVER,SHORT,2026-07-13 22:21:00,2219.0,2221.465552873611,2211.6033413791665,SHA_FLIP,2026-07-13 22:39:00,2221.465552873611,STOP_LOSS,-73.96658620833477,206.628,-280.59458620833476,18.0,2026-07
SILVER,LONG,2026-07-13 22:49:00,2223.0,2220.063459654254,2231.809621037238,SHA_FLIP,2026-07-13 22:51:00,2220.063459654254,STOP_LOSS,-88.09621037237775,206.676,-294.77221037237774,2.0,2026-07
GOLD,SHORT,2026-07-13 22:21:00,115839.0,116054.46512603879,114977.13949584484,SHA_FLIP,2026-07-14 09:00:00,116159.0,SESSION_END,-32000.0,5033.56,-37033.56,639.0,2026-07
CRUDEOIL,SHORT,2026-07-09 20:47:00,6926.0,6966.8,6762.799999999999,SHA_FLIP,2026-07-14 09:04:00,7600.0,SESSION_END,-67400.0,677.04,-68077.04,6497.0,2026-07
SILVER,LONG,2026-07-14 10:01:00,2229.0,2224.1018798343416,2243.694360496975,SHA_FLIP,2026-07-14 11:00:00,2243.694360496975,TAKE_PROFIT,440.8308149092545,206.748,234.08281490925452,59.0,2026-07
CRUDEOIL,LONG,2026-07-14 09:36:00,7535.0,7494.742055914253,7696.031776342988,SHA_FLIP,2026-07-14 11:13:00,7494.742055914253,STOP_LOSS,-4025.7944085747113,701.4000000000001,-4727.194408574711,97.0,2026-07
SILVER,SHORT,2026-07-14 11:49:00,2242.0,2245.6040787479465,2231.1877637561606,SHA_FLIP,2026-07-14 12:49:00,2245.6040787479465,STOP_LOSS,-108.1223624383938,206.904,-315.0263624383938,60.0,2026-07
SILVER,LONG,2026-07-14 12:54:00,2246.0,2242.100800327363,2257.6975990179117,SHA_FLIP,2026-07-14 13:08:00,2242.100800327363,STOP_LOSS,-116.9759901791167,206.952,-323.9279901791167,14.0,2026-07
CRUDEOIL,LONG,2026-07-14 12:57:00,7600.0,7531.599989695247,7873.6000412190115,SHA_FLIP,2026-07-14 13:21:00,7531.599989695247,STOP_LOSS,-6840.001030475287,704.0,-7544.001030475287,24.0,2026-07
SILVER,LONG,2026-07-14 15:13:00,2243.0,2242.2122860246304,2245.3631419261087,SHA_FLIP,2026-07-14 15:27:00,2242.2122860246304,STOP_LOSS,-23.631419261087103,206.916,-230.5474192610871,14.0,2026-07
SILVER,LONG,2026-07-14 16:10:00,2247.0,2244.0695701805084,2255.7912894584747,SHA_FLIP,2026-07-14 16:12:00,2244.0695701805084,STOP_LOSS,-87.91289458474694,206.964,-294.87689458474694,2.0,2026-07
SILVER,SHORT,2026-07-14 16:16:00,2244.0,2246.9363971710586,2235.190808486824,SHA_FLIP,2026-07-14 16:17:00,2246.9363971710586,STOP_LOSS,-88.09191513175847,206.928,-295.01991513175847,1.0,2026-07
CRUDEOIL,LONG,2026-07-14 15:46:00,7570.0,7561.997573612535,7602.009705549859,SHA_FLIP,2026-07-14 16:41:00,7561.997573612535,STOP_LOSS,-800.2426387464766,702.8,-1503.0426387464765,55.0,2026-07
SILVER,LONG,2026-07-14 16:17:00,2247.0,2244.095122451749,2255.7146326447532,SHA_FLIP,2026-07-14 18:00:00,2255.7146326447532,TAKE_PROFIT,261.4389793425971,206.964,54.47497934259712,103.0,2026-07
CRUDEOIL,SHORT,2026-07-14 16:41:00,7539.0,7564.781381340498,7435.874474638007,SHA_FLIP,2026-07-14 20:04:00,7435.874474638007,TAKE_PROFIT,10312.552536199291,701.56,9610.992536199292,203.0,2026-07
SILVER,LONG,2026-07-14 18:30:00,2277.0,2269.690850886469,2298.927447340593,SHA_FLIP,2026-07-14 21:23:00,2269.690850886469,STOP_LOSS,-219.27447340593062,207.324,-426.59847340593063,173.0,2026-07
GOLD,LONG,2026-07-14 18:00:00,116997.0,116672.71756014267,118294.12975942931,SHA_FLIP,2026-07-14 21:31:00,116672.71756014267,STOP_LOSS,-32428.243985732843,5079.88,-37508.12398573284,211.0,2026-07
SILVER,LONG,2026-07-14 22:15:00,2274.0,2272.0412876597957,2279.876137020613,SHA_FLIP,2026-07-14 22:16:00,2272.0412876597957,STOP_LOSS,-58.76137020612987,207.288,-266.0493702061299,1.0,2026-07
SILVER,LONG,2026-07-14 22:30:00,2274.0,2271.411550943372,2281.7653471698845,SHA_FLIP,2026-07-14 22:34:00,2271.411550943372,STOP_LOSS,-77.65347169884535,207.288,-284.94147169884536,4.0,2026-07
SILVER,SHORT,2026-07-14 22:35:00,2270.0,2273.9017989000013,2258.294603299996,SHA_FLIP,2026-07-14 23:17:00,2273.9017989000013,STOP_LOSS,-117.05396700003803,207.24,-324.29396700003804,42.0,2026-07
GOLD,LONG,2026-07-14 22:02:00,116869.0,116770.33931583415,117263.6427366634,SHA_FLIP,2026-07-14 23:28:00,116770.33931583415,STOP_LOSS,-9866.06841658504,5074.76,-14940.82841658504,86.0,2026-07
SILVER,LONG,2026-07-14 23:26:00,2274.0,2269.381875352249,2287.8543739432525,SHA_FLIP,2026-07-15 09:00:00,2263.0,SESSION_END,-330.0,207.288,-537.288,574.0,2026-07
GOLD,LONG,2026-07-14 23:28:00,116955.0,116805.00352802867,117554.98588788533,SHA_FLIP,2026-07-15 09:00:00,116190.0,SESSION_END,-76500.0,5078.2,-81578.2,572.0,2026-07
SILVER,LONG,2026-07-15 09:52:00,2271.0,2267.102486754808,2282.692539735576,SHA_FLIP,2026-07-15 10:41:00,2267.102486754808,STOP_LOSS,-116.92539735575792,207.252,-324.17739735575793,49.0,2026-07
SILVER,SHORT,2026-07-15 10:59:00,2263.0,2268.619332239729,2246.1420032808132,SHA_FLIP,2026-07-15 11:11:00,2268.619332239729,STOP_LOSS,-168.57996719186758,207.156,-375.7359671918676,12.0,2026-07
SILVER,SHORT,2026-07-15 11:17:00,2265.0,2269.961205711,2250.1163828670005,SHA_FLIP,2026-07-15 13:02:00,2250.1163828670005,TAKE_PROFIT,446.50851398998384,207.18,239.32851398998383,105.0,2026-07
SILVER,SHORT,2026-07-15 13:30:00,2252.0,2254.602334328532,2244.192997014404,SHA_FLIP,2026-07-15 14:03:00,2254.602334328532,STOP_LOSS,-78.07002985595773,207.024,-285.09402985595773,33.0,2026-07
SILVER,LONG,2026-07-15 14:40:00,2260.0,2257.8320598250184,2266.503820524945,SHA_FLIP,2026-07-15 14:45:00,2257.8320598250184,STOP_LOSS,-65.03820524944786,207.12,-272.15820524944786,5.0,2026-07
SILVER,LONG,2026-07-15 14:52:00,2261.0,2255.8996773454464,2276.3009679636607,SHA_FLIP,2026-07-15 15:24:00,2255.8996773454464,STOP_LOSS,-153.00967963660696,207.132,-360.14167963660697,32.0,2026-07
SILVER,LONG,2026-07-15 15:48:00,2260.0,2256.086947334262,2271.7391579972145,SHA_FLIP,2026-07-15 15:55:00,2256.086947334262,STOP_LOSS,-117.39157997214534,207.12,-324.51157997214534,7.0,2026-07
SILVER,SHORT,2026-07-15 15:55:00,2254.0,2259.131198180385,2238.6064054588446,SHA_FLIP,2026-07-15 17:12:00,2259.131198180385,STOP_LOSS,-153.9359454115538,207.048,-360.9839454115538,77.0,2026-07
SILVER,LONG,2026-07-15 17:32:00,2260.0,2257.278910494771,2268.163268515687,SHA_FLIP,2026-07-15 17:43:00,2257.278910494771,STOP_LOSS,-81.63268515686923,207.12,-288.75268515686923,11.0,2026-07
SILVER,LONG,2026-07-15 17:44:00,2259.0,2257.0402393667373,2264.879281899788,SHA_FLIP,2026-07-15 17:55:00,2257.0402393667373,STOP_LOSS,-58.79281899788111,207.108,-265.9008189978811,11.0,2026-07
GOLD,LONG,2026-07-15 17:45:00,116406.0,116322.00916765684,116741.96332937264,SHA_FLIP,2026-07-15 17:57:00,116322.00916765684,STOP_LOSS,-8399.083234315913,5056.24,-13455.323234315912,12.0,2026-07
SILVER,SHORT,2026-07-15 17:56:00,2255.0,2259.254322056791,2242.2370338296273,SHA_FLIP,2026-07-15 18:00:00,2259.254322056791,STOP_LOSS,-127.62966170372692,207.06,-334.6896617037269,4.0,2026-07
CRUDEOIL,LONG,2026-07-14 21:23:00,7442.0,7409.195121328831,7573.219514684675,SHA_FLIP,2026-07-15 19:21:00,7573.219514684675,TAKE_PROFIT,13121.951468467523,697.6800000000001,12424.271468467523,1318.0,2026-07
GOLD,LONG,2026-07-15 18:01:00,116496.0,116250.66272681391,117477.34909274435,SHA_FLIP,2026-07-15 20:44:00,116250.66272681391,STOP_LOSS,-24533.727318608726,5059.84,-29593.567318608726,163.0,2026-07
SILVER,LONG,2026-07-15 18:00:00,2269.0,2252.337211927808,2318.9883642165764,SHA_FLIP,2026-07-15 20:45:00,2252.337211927808,STOP_LOSS,-499.8836421657643,207.228,-707.1116421657644,165.0,2026-07
GOLD,SHORT,2026-07-15 21:27:00,116120.0,116157.29431171283,115970.82275314868,SHA_FLIP,2026-07-15 21:44:00,115970.82275314868,TAKE_PROFIT,14917.72468513227,5044.8,9872.924685132271,17.0,2026-07
SILVER,SHORT,2026-07-15 21:06:00,2254.0,2257.1370950988307,2244.588714703508,SHA_FLIP,2026-07-15 21:48:00,2244.588714703508,TAKE_PROFIT,282.3385588947667,207.048,75.29055889476672,42.0,2026-07
CRUDEOIL,SHORT,2026-07-15 20:23:00,7460.0,7506.4026961579575,7274.38921536817,SHA_FLIP,2026-07-15 22:16:00,7506.4026961579575,STOP_LOSS,-4640.269615795751,698.4000000000001,-5338.66961579575,113.0,2026-07
GOLD,SHORT,2026-07-15 21:58:00,115902.0,116025.67608698843,115407.29565204628,SHA_FLIP,2026-07-15 22:21:00,116025.67608698843,STOP_LOSS,-12367.608698843105,5036.08,-17403.688698843107,23.0,2026-07
SILVER,SHORT,2026-07-15 22:29:00,2236.0,2242.85095772429,2215.4471268271304,SHA_FLIP,2026-07-15 22:43:00,2242.85095772429,STOP_LOSS,-205.52873172869567,206.832,-412.36073172869567,14.0,2026-07
CRUDEOIL,LONG,2026-07-15 22:16:00,7520.0,7488.799728865857,7644.801084536572,SHA_FLIP,2026-07-15 23:06:00,7488.799728865857,STOP_LOSS,-3120.0271134142895,700.8,-3820.8271134142897,50.0,2026-07
CRUDEOIL,SHORT,2026-07-15 23:06:00,7482.0,7497.224364810091,7421.102540759635,SHA_FLIP,2026-07-15 23:20:00,7497.224364810091,STOP_LOSS,-1522.4364810091174,699.28,-2221.716481009117,14.0,2026-07
GOLD,LONG,2026-07-15 22:53:00,116092.0,116011.66652860958,116413.33388556167,SHA_FLIP,2026-07-15 23:25:00,116413.33388556167,TAKE_PROFIT,32133.388556167483,5043.68,27089.708556167483,32.0,2026-07
SILVER,SHORT,2026-07-16 09:32:00,2246.0,2249.8898426792566,2234.33047196223,SHA_FLIP,2026-07-16 11:39:00,2249.8898426792566,STOP_LOSS,-116.69528037769851,206.952,-323.6472803776985,127.0,2026-07
CRUDEOIL,SHORT,2026-07-16 12:08:00,7485.0,7492.117225676458,7456.53109729417,SHA_FLIP,2026-07-16 12:22:00,7492.117225676458,STOP_LOSS,-711.7225676457565,699.4000000000001,-1411.1225676457566,14.0,2026-07
SILVER,SHORT,2026-07-16 13:20:00,2238.0,2240.8665052583665,2229.4004842249005,SHA_FLIP,2026-07-16 13:21:00,2240.8665052583665,STOP_LOSS,-85.99515775099462,206.856,-292.8511577509946,1.0,2026-07
SILVER,SHORT,2026-07-16 13:22:00,2237.0,2241.3530639496175,2223.9408081511474,SHA_FLIP,2026-07-16 13:32:00,2241.3530639496175,STOP_LOSS,-130.59191848852606,206.844,-337.43591848852606,10.0,2026-07
SILVER,LONG,2026-07-16 13:32:00,2242.0,2237.0992042211947,2256.702387336416,SHA_FLIP,2026-07-16 13:45:00,2237.0992042211947,STOP_LOSS,-147.02387336415995,206.904,-353.92787336415995,13.0,2026-07
GOLD,LONG,2026-07-16 17:34:00,116280.0,116135.08948105885,116859.6420757646,SHA_FLIP,2026-07-16 17:37:00,116135.08948105885,STOP_LOSS,-14491.051894114935,5051.2,-19542.251894114936,3.0,2026-07
SILVER,LONG,2026-07-16 13:54:00,2241.0,2237.4906637779472,2251.5280086661583,SHA_FLIP,2026-07-16 17:46:00,2237.4906637779472,STOP_LOSS,-105.28008666158257,206.892,-312.17208666158257,232.0,2026-07
SILVER,SHORT,2026-07-16 18:04:00,2239.0,2243.8298485729097,2224.510454281271,SHA_FLIP,2026-07-16 18:29:00,2224.510454281271,TAKE_PROFIT,434.68637156187015,206.868,227.81837156187015,25.0,2026-07
GOLD,SHORT,2026-07-16 19:27:00,115259.0,115331.86387933715,114967.5444826514,SHA_FLIP,2026-07-16 19:32:00,115331.86387933715,STOP_LOSS,-7286.387933715014,5010.360000000001,-12296.747933715014,5.0,2026-07
GOLD,SHORT,2026-07-16 19:39:00,115250.0,115324.57855931467,114951.68576274131,SHA_FLIP,2026-07-16 19:50:00,115324.57855931467,STOP_LOSS,-7457.855931467202,5010.0,-12467.855931467202,11.0,2026-07
GOLD,SHORT,2026-07-16 20:00:00,115244.0,115304.12992269706,115003.48030921177,SHA_FLIP,2026-07-16 20:01:00,115304.12992269706,STOP_LOSS,-6012.992269705865,5009.76,-11022.752269705865,1.0,2026-07
GOLD,LONG,2026-07-16 20:01:00,115378.0,115272.28740032922,115800.8503986831,SHA_FLIP,2026-07-16 20:23:00,115272.28740032922,STOP_LOSS,-10571.25996707764,5015.12,-15586.379967077639,22.0,2026-07
CRUDEOIL,LONG,2026-07-16 17:57:00,7600.0,7560.4,7758.4000000000015,SHA_FLIP,2026-07-16 20:26:00,7560.4,STOP_LOSS,-3960.0000000000364,704.0,-4664.000000000036,149.0,2026-07
SILVER,SHORT,2026-07-16 19:06:00,2223.0,2231.8178510367993,2196.546446889602,SHA_FLIP,2026-07-16 20:55:00,2231.8178510367993,STOP_LOSS,-264.53553110397934,206.676,-471.2115311039793,109.0,2026-07
GOLD,LONG,2026-07-16 22:26:00,115176.0,115156.89311389845,115252.42754440621,SHA_FLIP,2026-07-16 22:31:00,115156.89311389845,STOP_LOSS,-1910.6886101551936,5007.04,-6917.728610155194,5.0,2026-07
GOLD,SHORT,2026-07-16 22:31:00,115100.0,115143.50052103496,114925.99791586015,SHA_FLIP,2026-07-16 22:34:00,115143.50052103496,STOP_LOSS,-4350.052103496273,5004.0,-9354.052103496273,3.0,2026-07
GOLD,SHORT,2026-07-16 23:06:00,114783.0,115102.79807817657,113503.80768729374,SHA_FLIP,2026-07-17 09:00:00,114989.0,SESSION_END,-20600.0,4991.320000000001,-25591.32,594.0,2026-07
SILVER,SHORT,2026-07-16 21:31:00,2225.0,2230.468847640661,2208.5934570780173,SHA_FLIP,2026-07-17 09:00:00,2220.0,SESSION_END,150.0,206.7,-56.69999999999999,689.0,2026-07
SILVER,LONG,2026-07-17 09:16:00,2224.0,2216.497352994911,2246.5079410152666,SHA_FLIP,2026-07-17 09:32:00,2216.497352994911,STOP_LOSS,-225.07941015266624,206.688,-431.76741015266623,16.0,2026-07
SILVER,SHORT,2026-07-17 09:53:00,2217.0,2219.450116117769,2209.6496516466927,SHA_FLIP,2026-07-17 10:10:00,2209.6496516466927,TAKE_PROFIT,220.51045059921762,206.604,13.906450599217607,17.0,2026-07
SILVER,SHORT,2026-07-17 10:35:00,2208.0,2211.9057898998067,2196.28263030058,SHA_FLIP,2026-07-17 11:03:00,2211.9057898998067,STOP_LOSS,-117.17369699420033,206.496,-323.6696969942003,28.0,2026-07
CRUDEOIL,SHORT,2026-07-17 11:25:00,7537.0,7544.600000004788,7506.599999980848,SHA_FLIP,2026-07-17 11:26:00,7506.599999980848,TAKE_PROFIT,3040.0000019151776,701.48,2338.5200019151775,1.0,2026-07
SILVER,LONG,2026-07-17 11:03:00,2212.0,2207.166326453433,2226.5010206397005,SHA_FLIP,2026-07-17 11:43:00,2226.5010206397005,TAKE_PROFIT,435.03061919101583,206.544,228.48661919101582,40.0,2026-07
SILVER,SHORT,2026-07-17 12:22:00,2222.0,2224.988432541016,2213.0347023769514,SHA_FLIP,2026-07-17 13:09:00,2224.988432541016,STOP_LOSS,-89.65297623048627,206.664,-296.31697623048626,47.0,2026-07
SILVER,SHORT,2026-07-17 13:28:00,2220.0,2224.3693548980536,2206.891935305839,SHA_FLIP,2026-07-17 14:19:00,2224.3693548980536,STOP_LOSS,-131.0806469416093,206.64,-337.7206469416093,51.0,2026-07
SILVER,LONG,2026-07-17 14:41:00,2223.0,2221.4175819180464,2227.747254245861,SHA_FLIP,2026-07-17 14:51:00,2227.747254245861,TAKE_PROFIT,142.41762737582576,206.676,-64.25837262417423,10.0,2026-07
SILVER,LONG,2026-07-17 15:22:00,2228.0,2225.101945354646,2236.694163936062,SHA_FLIP,2026-07-17 15:48:00,2225.101945354646,STOP_LOSS,-86.94163936062068,206.736,-293.6776393606207,26.0,2026-07
SILVER,SHORT,2026-07-17 15:55:00,2225.0,2226.9309923296805,2219.2070230109584,SHA_FLIP,2026-07-17 16:39:00,2219.2070230109584,TAKE_PROFIT,173.78930967124688,206.7,-32.910690328753105,44.0,2026-07
CRUDEOIL,LONG,2026-07-17 16:40:00,7575.0,7554.6,7656.5999999999985,SHA_FLIP,2026-07-17 16:58:00,7554.6,STOP_LOSS,-2039.9999999999636,703.0,-2742.9999999999636,18.0,2026-07
GOLD,SHORT,2026-07-17 17:32:00,114928.0,114994.37926204708,114662.48295181169,SHA_FLIP,2026-07-17 18:13:00,114662.48295181169,TAKE_PROFIT,26551.70481883106,4997.12,21554.58481883106,41.0,2026-07
SILVER,SHORT,2026-07-17 16:46:00,2220.0,2223.8768637941307,2208.369408617608,SHA_FLIP,2026-07-17 18:14:00,2208.369408617608,TAKE_PROFIT,348.9177414717642,206.64,142.27774147176422,88.0,2026-07
GOLD,SHORT,2026-07-17 18:31:00,114600.0,114683.11924396495,114267.52302414022,SHA_FLIP,2026-07-17 18:34:00,114683.11924396495,STOP_LOSS,-8311.924396494578,4984.0,-13295.924396494578,3.0,2026-07
CRUDEOIL,LONG,2026-07-17 18:28:00,7575.0,7566.5999579688405,7608.600168124638,SHA_FLIP,2026-07-17 18:48:00,7608.600168124638,TAKE_PROFIT,3360.0168124638003,703.0,2657.0168124638003,20.0,2026-07
GOLD,LONG,2026-07-17 18:58:00,114790.0,114704.39497504343,115132.4200998263,SHA_FLIP,2026-07-17 19:00:00,114704.39497504343,STOP_LOSS,-8560.50249565742,4991.6,-13552.10249565742,2.0,2026-07
SILVER,LONG,2026-07-17 18:34:00,2215.0,2211.0804229377827,2226.758731186652,SHA_FLIP,2026-07-17 19:04:00,2211.0804229377827,STOP_LOSS,-117.58731186651858,206.58,-324.1673118665186,30.0,2026-07
GOLD,LONG,2026-07-17 19:35:00,115337.0,115119.45566536473,116207.17733854108,SHA_FLIP,2026-07-17 20:19:00,115119.45566536473,STOP_LOSS,-21754.433463526948,5013.4800000000005,-26767.913463526947,44.0,2026-07
CRUDEOIL,LONG,2026-07-17 19:11:00,7644.0,7636.173695762795,7675.305216948818,SHA_FLIP,2026-07-17 20:24:00,7636.173695762795,STOP_LOSS,-782.6304237204567,705.76,-1488.3904237204567,73.0,2026-07
GOLD,LONG,2026-07-17 20:55:00,115239.0,115087.70564333399,115844.17742666404,SHA_FLIP,2026-07-17 21:02:00,115844.17742666404,TAKE_PROFIT,60517.74266640423,5009.56,55508.18266640423,7.0,2026-07
GOLD,SHORT,2026-07-17 21:31:00,115169.0,115286.77103681643,114697.9158527343,SHA_FLIP,2026-07-17 21:49:00,115286.77103681643,STOP_LOSS,-11777.10368164262,5006.76,-16783.863681642622,18.0,2026-07
GOLD,SHORT,2026-07-17 21:57:00,115124.0,115238.21467258444,114667.14130966226,SHA_FLIP,2026-07-17 22:14:00,115238.21467258444,STOP_LOSS,-11421.46725844359,5004.96,-16426.42725844359,17.0,2026-07
GOLD,LONG,2026-07-17 22:35:00,115321.0,115255.42220732529,115583.31117069884,SHA_FLIP,2026-07-17 22:42:00,115255.42220732529,STOP_LOSS,-6557.779267471051,5012.84,-11570.619267471051,7.0,2026-07
GOLD,SHORT,2026-07-17 23:28:00,115055.0,115199.67293508566,114476.30825965735,SHA_FLIP,2026-07-17 23:29:00,115199.67293508566,STOP_LOSS,-14467.293508566217,5002.2,-19469.49350856622,1.0,2026-07
SILVER,LONG,2026-07-17 19:08:00,2218.0,2210.2777307289803,2241.166807813059,SHA_FLIP,2026-07-20 09:00:00,2250.0,SESSION_END,960.0,206.61599999999999,753.384,3712.0,2026-07
GOLD,LONG,2026-07-17 23:29:00,115250.0,115061.77944034692,116002.88223861234,SHA_FLIP,2026-07-20 09:00:00,115376.0,SESSION_END,12600.0,5010.0,7590.0,3451.0,2026-07
SILVER,LONG,2026-07-20 10:26:00,2242.0,2239.792433082614,2248.622700752158,SHA_FLIP,2026-07-20 10:27:00,2239.792433082614,STOP_LOSS,-66.22700752157925,206.904,-273.13100752157925,1.0,2026-07
CRUDEOIL,LONG,2026-07-20 11:58:00,7861.0,7844.21391027017,7928.144358919319,SHA_FLIP,2026-07-20 12:52:00,7844.21391027017,STOP_LOSS,-1678.6089729829655,714.44,-2393.0489729829656,54.0,2026-07
SILVER,SHORT,2026-07-20 10:27:00,2238.0,2241.908402173432,2226.274793479704,SHA_FLIP,2026-07-20 13:04:00,2241.908402173432,STOP_LOSS,-117.2520652029607,206.856,-324.1080652029607,157.0,2026-07
CRUDEOIL,SHORT,2026-07-20 12:52:00,7831.0,7841.462738337789,7789.149046648843,SHA_FLIP,2026-07-20 13:10:00,7789.149046648843,TAKE_PROFIT,4185.095335115693,713.24,3471.8553351156934,18.0,2026-07
SILVER,LONG,2026-07-20 13:44:00,2248.0,2243.13923809737,2262.5822857078906,SHA_FLIP,2026-07-20 14:13:00,2243.13923809737,STOP_LOSS,-145.82285707890605,206.976,-352.79885707890605,29.0,2026-07
SILVER,SHORT,2026-07-20 14:20:00,2244.0,2246.9196826564453,2235.240952030664,SHA_FLIP,2026-07-20 15:02:00,2246.9196826564453,STOP_LOSS,-87.59047969335825,206.928,-294.51847969335824,42.0,2026-07
SILVER,LONG,2026-07-20 15:02:00,2248.0,2244.315335321852,2259.0539940344433,SHA_FLIP,2026-07-20 15:43:00,2244.315335321852,STOP_LOSS,-110.53994034443349,206.976,-317.5159403444335,41.0,2026-07
SILVER,SHORT,2026-07-20 15:43:00,2244.0,2246.9159894346553,2235.252031696034,SHA_FLIP,2026-07-20 15:44:00,2246.9159894346553,STOP_LOSS,-87.4796830396599,206.928,-294.4076830396599,1.0,2026-07
CRUDEOIL,SHORT,2026-07-20 14:39:00,7690.0,7696.280012026596,7664.8799518936175,SHA_FLIP,2026-07-20 16:10:00,7696.280012026596,STOP_LOSS,-628.0012026595614,707.6,-1335.6012026595613,91.0,2026-07
CRUDEOIL,SHORT,2026-07-20 16:34:00,7678.0,7696.101266089527,7605.594935641893,SHA_FLIP,2026-07-20 16:44:00,7696.101266089527,STOP_LOSS,-1810.126608952669,707.12,-2517.246608952669,10.0,2026-07
CRUDEOIL,LONG,2026-07-20 18:27:00,7731.0,7725.433249667409,7753.267001330365,SHA_FLIP,2026-07-20 18:30:00,7725.433249667409,STOP_LOSS,-556.6750332591255,709.24,-1265.9150332591255,3.0,2026-07
GOLD,SHORT,2026-07-20 18:29:00,115834.0,115844.81724879029,115790.73100483883,SHA_FLIP,2026-07-20 18:53:00,115844.81724879029,STOP_LOSS,-1081.724879029207,5033.360000000001,-6115.0848790292075,24.0,2026-07
GOLD,LONG,2026-07-20 18:53:00,115878.0,115848.85120756543,115994.59516973828,SHA_FLIP,2026-07-20 19:23:00,115848.85120756543,STOP_LOSS,-2914.879243457108,5035.12,-7949.999243457108,30.0,2026-07
SILVER,LONG,2026-07-20 15:44:00,2248.0,2244.1261424899653,2259.621572530104,SHA_FLIP,2026-07-20 19:30:00,2244.1261424899653,STOP_LOSS,-116.21572530104004,206.976,-323.19172530104004,226.0,2026-07
SILVER,SHORT,2026-07-20 19:30:00,2242.0,2248.7338223749,2221.7985328753007,SHA_FLIP,2026-07-20 20:39:00,2248.7338223749,STOP_LOSS,-202.0146712469932,206.904,-408.9186712469932,69.0,2026-07
GOLD,LONG,2026-07-20 20:40:00,115950.0,115869.92418110625,116270.30327557499,SHA_FLIP,2026-07-20 21:03:00,115869.92418110625,STOP_LOSS,-8007.5818893747055,5038.0,-13045.581889374705,23.0,2026-07
SILVER,LONG,2026-07-20 20:47:00,2248.0,2245.094040956748,2256.7178771297563,SHA_FLIP,2026-07-20 21:10:00,2245.094040956748,STOP_LOSS,-87.17877129756289,206.976,-294.1547712975629,23.0,2026-07
GOLD,LONG,2026-07-20 21:22:00,115898.0,115874.79070508789,115990.83717964846,SHA_FLIP,2026-07-20 21:33:00,115874.79070508789,STOP_LOSS,-2320.9294912114274,5035.92,-7356.849491211427,11.0,2026-07
SILVER,SHORT,2026-07-20 21:27:00,2245.0,2247.927728111357,2236.2168156659295,SHA_FLIP,2026-07-20 21:34:00,2247.927728111357,STOP_LOSS,-87.83184334070484,206.94,-294.77184334070483,7.0,2026-07
GOLD,SHORT,2026-07-20 21:53:00,115858.0,115868.60922883573,115815.56308465707,SHA_FLIP,2026-07-20 21:54:00,115815.56308465707,TAKE_PROFIT,4243.691534292884,5034.320000000001,-790.6284657071164,1.0,2026-07
CRUDEOIL,SHORT,2026-07-20 18:30:00,7707.0,7720.223748290578,7654.105006837686,SHA_FLIP,2026-07-20 22:00:00,7720.223748290578,STOP_LOSS,-1322.3748290578442,708.28,-2030.6548290578442,210.0,2026-07
GOLD,SHORT,2026-07-20 22:24:00,115711.0,115771.78807312982,115467.84770748072,SHA_FLIP,2026-07-20 22:35:00,115771.78807312982,STOP_LOSS,-6078.807312982099,5028.4400000000005,-11107.2473129821,11.0,2026-07
GOLD,LONG,2026-07-20 22:51:00,115798.0,115727.14399325402,116081.4240269839,SHA_FLIP,2026-07-20 23:15:00,115727.14399325402,STOP_LOSS,-7085.600674597663,5031.92,-12117.520674597663,24.0,2026-07
SILVER,LONG,2026-07-20 23:04:00,2249.0,2242.2086872231544,2269.373938330537,SHA_FLIP,2026-07-21 09:00:00,2262.0,SESSION_END,390.0,206.988,183.012,596.0,2026-07
SILVER,LONG,2026-07-21 09:43:00,2263.0,2258.8073439140367,2275.57796825789,SHA_FLIP,2026-07-21 12:12:00,2275.57796825789,TAKE_PROFIT,377.3390477367002,207.156,170.1830477367002,149.0,2026-07
SILVER,LONG,2026-07-21 12:31:00,2278.0,2275.100083685872,2286.699748942384,SHA_FLIP,2026-07-21 12:33:00,2275.100083685872,STOP_LOSS,-86.99748942383849,207.336,-294.3334894238385,2.0,2026-07
SILVER,LONG,2026-07-21 12:35:00,2277.0,2274.11418035346,2285.6574589396196,SHA_FLIP,2026-07-21 12:37:00,2274.11418035346,STOP_LOSS,-86.57458939619573,207.324,-293.89858939619575,2.0,2026-07
CRUDEOIL,LONG,2026-07-20 22:00:00,7721.0,7703.399914288595,7791.40034284562,SHA_FLIP,2026-07-21 13:36:00,7703.399914288595,STOP_LOSS,-1760.0085711404972,708.84,-2468.8485711404974,936.0,2026-07
SILVER,LONG,2026-07-21 13:20:00,2275.0,2271.084185508303,2286.7474434750907,SHA_FLIP,2026-07-21 13:56:00,2271.084185508303,STOP_LOSS,-117.47443475090677,207.3,-324.7744347509068,36.0,2026-07
SILVER,SHORT,2026-07-21 14:21:00,2273.0,2276.560641162662,2262.3180765120146,SHA_FLIP,2026-07-21 14:35:00,2276.560641162662,STOP_LOSS,-106.81923487985387,207.276,-314.0952348798539,14.0,2026-07
SILVER,LONG,2026-07-21 14:46:00,2277.0,2275.6388213571845,2281.0835359284465,SHA_FLIP,2026-07-21 15:09:00,2275.6388213571845,STOP_LOSS,-40.835359284465085,207.324,-248.1593592844651,23.0,2026-07
SILVER,LONG,2026-07-21 15:14:00,2278.0,2275.559717408312,2285.3208477750645,SHA_FLIP,2026-07-21 15:18:00,2275.559717408312,STOP_LOSS,-73.20847775064522,207.336,-280.5444777506452,4.0,2026-07
CRUDEOIL,LONG,2026-07-21 14:50:00,7737.0,7727.3139459396625,7775.74421624135,SHA_FLIP,2026-07-21 15:22:00,7775.74421624135,TAKE_PROFIT,3874.421624134993,709.48,3164.941624134993,32.0,2026-07
SILVER,LONG,2026-07-21 15:22:00,2278.0,2275.071779146392,2286.7846625608236,SHA_FLIP,2026-07-21 15:36:00,2275.071779146392,STOP_LOSS,-87.84662560823563,207.336,-295.18262560823564,14.0,2026-07
CRUDEOIL,SHORT,2026-07-21 15:41:00,7727.0,7757.3360072228,7605.655971108801,SHA_FLIP,2026-07-21 15:46:00,7757.3360072228,STOP_LOSS,-3033.600722279971,709.08,-3742.6807222799707,5.0,2026-07
SILVER,LONG,2026-07-21 15:49:00,2278.0,2275.0694804101354,2286.791558769594,SHA_FLIP,2026-07-21 15:58:00,2275.0694804101354,STOP_LOSS,-87.91558769593848,207.336,-295.2515876959385,9.0,2026-07
SILVER,SHORT,2026-07-21 15:58:00,2275.0,2277.66774466912,2266.9967659926397,SHA_FLIP,2026-07-21 16:08:00,2277.66774466912,STOP_LOSS,-80.03234007360334,207.3,-287.33234007360335,10.0,2026-07
SILVER,SHORT,2026-07-21 16:14:00,2274.0,2276.0669315763157,2267.799205271053,SHA_FLIP,2026-07-21 16:39:00,2267.799205271053,TAKE_PROFIT,186.0238418684139,207.288,-21.2641581315861,25.0,2026-07
SILVER,SHORT,2026-07-21 16:52:00,2270.0,2273.8647951210064,2258.4056146369808,SHA_FLIP,2026-07-21 17:05:00,2273.8647951210064,STOP_LOSS,-115.94385363019228,207.24,-323.1838536301923,13.0,2026-07
SILVER,LONG,2026-07-21 17:27:00,2274.0,2271.7966254772814,2280.610123568156,SHA_FLIP,2026-07-21 17:32:00,2271.7966254772814,STOP_LOSS,-66.10123568155814,207.288,-273.38923568155815,5.0,2026-07
GOLD,SHORT,2026-07-21 17:30:00,116565.0,116594.33406658392,116447.66373366432,SHA_FLIP,2026-07-21 17:50:00,116594.33406658392,STOP_LOSS,-2933.4066583920503,5062.6,-7996.006658392051,20.0,2026-07
GOLD,LONG,2026-07-21 17:50:00,116689.0,116637.72345915504,116894.10616337985,SHA_FLIP,2026-07-21 18:04:00,116637.72345915504,STOP_LOSS,-5127.6540844963165,5067.56,-10195.214084496318,14.0,2026-07
CRUDEOIL,LONG,2026-07-21 17:52:00,7837.0,7816.571730994763,7918.7130760209475,SHA_FLIP,2026-07-21 18:04:00,7816.571730994763,STOP_LOSS,-2042.826900523687,713.48,-2756.306900523687,12.0,2026-07
CRUDEOIL,LONG,2026-07-21 18:13:00,7850.0,7832.062631110919,7921.749475556324,SHA_FLIP,2026-07-21 18:17:00,7832.062631110919,STOP_LOSS,-1793.7368889080972,714.0,-2507.736888908097,4.0,2026-07
GOLD,LONG,2026-07-21 18:20:00,116699.0,116622.16833470573,117006.3266611771,SHA_FLIP,2026-07-21 18:29:00,116622.16833470573,STOP_LOSS,-7683.166529427399,5067.96,-12751.126529427398,9.0,2026-07
CRUDEOIL,LONG,2026-07-21 18:30:00,7847.0,7830.90864188519,7911.365432459239,SHA_FLIP,2026-07-21 18:49:00,7830.90864188519,STOP_LOSS,-1609.1358114809736,713.88,-2323.0158114809738,19.0,2026-07
SILVER,LONG,2026-07-21 17:34:00,2274.0,2271.0812431841914,2282.756270447426,SHA_FLIP,2026-07-21 18:53:00,2271.0812431841914,STOP_LOSS,-87.56270447425777,207.288,-294.8507044742578,79.0,2026-07
CRUDEOIL,LONG,2026-07-21 19:00:00,7860.0,7848.186185947824,7907.255256208704,SHA_FLIP,2026-07-21 19:03:00,7848.186185947824,STOP_LOSS,-1181.3814052175985,714.4000000000001,-1895.7814052175986,3.0,2026-07
CRUDEOIL,LONG,2026-07-21 19:13:00,7874.0,7856.950180506468,7942.199277974127,SHA_FLIP,2026-07-21 19:42:00,7856.950180506468,STOP_LOSS,-1704.9819493531686,714.96,-2419.9419493531686,29.0,2026-07
SILVER,SHORT,2026-07-21 18:53:00,2271.0,2274.755158949076,2259.7345231527725,SHA_FLIP,2026-07-21 19:42:00,2274.755158949076,STOP_LOSS,-112.65476847227546,207.252,-319.9067684722755,49.0,2026-07
CRUDEOIL,SHORT,2026-07-21 20:00:00,7846.0,7861.8515504125335,7782.593798349866,SHA_FLIP,2026-07-21 20:04:00,7861.8515504125335,STOP_LOSS,-1585.155041253347,713.84,-2298.995041253347,4.0,2026-07
CRUDEOIL,LONG,2026-07-21 20:04:00,7869.0,7850.857064072447,7941.57174371021,SHA_FLIP,2026-07-21 20:18:00,7850.857064072447,STOP_LOSS,-1814.2935927552571,714.76,-2529.0535927552573,14.0,2026-07
CRUDEOIL,SHORT,2026-07-21 20:18:00,7806.0,7834.1092660483655,7693.562935806538,SHA_FLIP,2026-07-21 20:26:00,7834.1092660483655,STOP_LOSS,-2810.92660483655,712.24,-3523.1666048365496,8.0,2026-07
SILVER,LONG,2026-07-21 20:32:00,2277.0,2275.049678089587,2282.8509657312393,SHA_FLIP,2026-07-21 20:34:00,2275.049678089587,STOP_LOSS,-58.50965731239285,207.324,-265.83365731239286,2.0,2026-07
SILVER,SHORT,2026-07-21 20:34:00,2274.0,2276.9226862349324,2265.231941295203,SHA_FLIP,2026-07-21 20:40:00,2276.9226862349324,STOP_LOSS,-87.68058704797113,207.288,-294.96858704797114,6.0,2026-07
CRUDEOIL,SHORT,2026-07-21 20:45:00,7820.0,7837.998141456701,7748.007434173196,SHA_FLIP,2026-07-21 20:57:00,7837.998141456701,STOP_LOSS,-1799.8141456700978,712.8,-2512.614145670098,12.0,2026-07
GOLD,LONG,2026-07-21 20:17:00,116729.0,116682.83256893468,116913.66972426127,SHA_FLIP,2026-07-21 22:14:00,116682.83256893468,STOP_LOSS,-4616.743106531794,5069.16,-9685.903106531794,117.0,2026-07
CRUDEOIL,SHORT,2026-07-21 21:24:00,7833.0,7842.390269073579,7795.438923705686,SHA_FLIP,2026-07-21 22:20:00,7842.390269073579,STOP_LOSS,-939.0269073578565,713.3199999999999,-1652.3469073578565,56.0,2026-07
CRUDEOIL,LONG,2026-07-21 22:20:00,7844.0,7839.174031264468,7863.3038749421285,SHA_FLIP,2026-07-21 22:23:00,7839.174031264468,STOP_LOSS,-482.5968735532115,713.76,-1196.3568735532115,3.0,2026-07
GOLD,SHORT,2026-07-21 22:14:00,116646.0,116717.40848971425,116360.36604114302,SHA_FLIP,2026-07-21 23:04:00,116717.40848971425,STOP_LOSS,-7140.848971424566,5065.84,-12206.688971424566,50.0,2026-07
CRUDEOIL,SHORT,2026-07-21 22:42:00,7825.0,7830.565442638703,7802.738229445189,SHA_FLIP,2026-07-21 23:20:00,7830.565442638703,STOP_LOSS,-556.5442638702734,713.0,-1269.5442638702734,38.0,2026-07
CRUDEOIL,LONG,2026-07-21 23:20:00,7835.0,7830.090001126463,7854.639995494148,SHA_FLIP,2026-07-21 23:21:00,7830.090001126463,STOP_LOSS,-490.9998873537006,713.4000000000001,-1204.3998873537007,1.0,2026-07
CRUDEOIL,SHORT,2026-07-21 23:21:00,7813.0,7826.055332357065,7760.778670571741,SHA_FLIP,2026-07-21 23:25:00,7826.055332357065,STOP_LOSS,-1305.53323570648,712.52,-2018.0532357064799,4.0,2026-07
GOLD,LONG,2026-07-21 23:04:00,116731.0,116661.43297608662,117009.2680956535,SHA_FLIP,2026-07-22 09:00:00,117702.0,SESSION_END,97100.0,5069.24,92030.76,596.0,2026-07
SILVER,LONG,2026-07-21 20:41:00,2279.0,2273.136804065341,2296.589587803977,SHA_FLIP,2026-07-22 09:00:00,2298.0,SESSION_END,570.0,207.348,362.652,739.0,2026-07
CRUDEOIL,LONG,2026-07-22 10:09:00,7865.0,7859.323999299825,7887.7040028006995,SHA_FLIP,2026-07-22 11:18:00,7859.323999299825,STOP_LOSS,-567.6000700174882,714.6,-1282.200070017488,69.0,2026-07
SILVER,LONG,2026-07-22 10:06:00,2296.0,2291.1446324909057,2310.566102527283,SHA_FLIP,2026-07-22 11:57:00,2291.1446324909057,STOP_LOSS,-145.66102527282965,207.552,-353.21302527282967,111.0,2026-07
CRUDEOIL,LONG,2026-07-22 11:46:00,7869.0,7855.704884355779,7922.1804625768855,SHA_FLIP,2026-07-22 12:34:00,7922.1804625768855,TAKE_PROFIT,5318.0462576885475,714.76,4603.286257688547,48.0,2026-07
CRUDEOIL,LONG,2026-07-22 13:25:00,7985.0,7975.443631416409,8023.225474334366,SHA_FLIP,2026-07-22 13:31:00,7975.443631416409,STOP_LOSS,-955.6368583591393,719.4000000000001,-1675.0368583591394,6.0,2026-07
CRUDEOIL,SHORT,2026-07-22 13:50:00,7950.0,7961.55430372125,7903.782785115,SHA_FLIP,2026-07-22 14:37:00,7903.782785115,TAKE_PROFIT,4621.721488500043,718.0,3903.721488500043,47.0,2026-07
SILVER,SHORT,2026-07-22 12:21:00,2290.0,2294.8902994451078,2275.3291016646767,SHA_FLIP,2026-07-22 14:38:00,2294.8902994451078,STOP_LOSS,-146.70898335323272,207.48,-354.18898335323274,137.0,2026-07
CRUDEOIL,SHORT,2026-07-22 15:02:00,7919.0,7926.350552832423,7889.597788670308,SHA_FLIP,2026-07-22 15:10:00,7926.350552832423,STOP_LOSS,-735.0552832423091,716.76,-1451.815283242309,8.0,2026-07
SILVER,SHORT,2026-07-22 15:12:00,2290.0,2291.819855186435,2284.5404344406957,SHA_FLIP,2026-07-22 15:18:00,2291.819855186435,STOP_LOSS,-54.595655593043375,207.48,-262.0756555930434,6.0,2026-07
CRUDEOIL,SHORT,2026-07-22 15:16:00,7917.0,7927.277803221739,7875.888787113043,SHA_FLIP,2026-07-22 15:20:00,7927.277803221739,STOP_LOSS,-1027.7803221739305,716.6800000000001,-1744.4603221739305,4.0,2026-07
CRUDEOIL,LONG,2026-07-22 15:20:00,7935.0,7922.00159332709,7986.993626691641,SHA_FLIP,2026-07-22 15:29:00,7922.00159332709,STOP_LOSS,-1299.8406672910278,717.4000000000001,-2017.2406672910279,9.0,2026-07
SILVER,SHORT,2026-07-22 15:23:00,2290.0,2291.9563091523733,2284.1310725428802,SHA_FLIP,2026-07-22 15:30:00,2291.9563091523733,STOP_LOSS,-58.68927457119753,207.48,-266.16927457119755,7.0,2026-07
CRUDEOIL,SHORT,2026-07-22 15:30:00,7906.0,7926.634570635946,7823.461717456215,SHA_FLIP,2026-07-22 15:46:00,7926.634570635946,STOP_LOSS,-2063.4570635946147,716.24,-2779.6970635946145,16.0,2026-07
SILVER,LONG,2026-07-22 15:31:00,2293.0,2288.1138771941223,2307.658368417633,SHA_FLIP,2026-07-22 15:48:00,2288.1138771941223,STOP_LOSS,-146.58368417633028,207.516,-354.09968417633024,17.0,2026-07
SILVER,SHORT,2026-07-22 15:48:00,2288.0,2292.8715001810224,2273.385499456933,SHA_FLIP,2026-07-22 15:51:00,2292.8715001810224,STOP_LOSS,-146.14500543067152,207.45600000000002,-353.60100543067153,3.0,2026-07
CRUDEOIL,SHORT,2026-07-22 15:52:00,7907.0,7920.367918785228,7853.5283248590895,SHA_FLIP,2026-07-22 17:07:00,7920.367918785228,STOP_LOSS,-1336.791878522763,716.28,-2053.0718785227627,75.0,2026-07
CRUDEOIL,LONG,2026-07-22 17:07:00,7928.0,7916.797517861562,7972.809928553754,SHA_FLIP,2026-07-22 17:12:00,7972.809928553754,TAKE_PROFIT,4480.992855375371,717.12,3763.872855375371,5.0,2026-07
SILVER,LONG,2026-07-22 15:52:00,2293.0,2288.1216451028113,2307.635064691566,SHA_FLIP,2026-07-22 17:13:00,2288.1216451028113,STOP_LOSS,-146.35064691566186,207.516,-353.8666469156618,81.0,2026-07
CRUDEOIL,LONG,2026-07-22 17:35:00,7940.0,7935.0977821487695,7959.608871404922,SHA_FLIP,2026-07-22 17:38:00,7935.0977821487695,STOP_LOSS,-490.2217851230489,717.6,-1207.8217851230488,3.0,2026-07
CRUDEOIL,SHORT,2026-07-22 17:38:00,7911.0,7925.7911622575275,7851.83535096989,SHA_FLIP,2026-07-22 17:48:00,7925.7911622575275,STOP_LOSS,-1479.1162257527503,716.44,-2195.5562257527504,10.0,2026-07
SILVER,LONG,2026-07-22 17:51:00,2292.0,2291.04991556458,2294.8502533062606,SHA_FLIP,2026-07-22 17:54:00,2294.8502533062606,TAKE_PROFIT,85.5075991878175,207.504,-121.99640081218249,3.0,2026-07
GOLD,LONG,2026-07-22 18:10:00,118258.0,118220.29902526313,118408.80389894749,SHA_FLIP,2026-07-22 18:17:00,118220.29902526313,STOP_LOSS,-3770.0974736872013,5130.320000000001,-8900.417473687201,7.0,2026-07
CRUDEOIL,SHORT,2026-07-22 17:52:00,7904.0,7922.90387205452,7828.384511781918,SHA_FLIP,2026-07-22 18:18:00,7922.90387205452,STOP_LOSS,-1890.3872054520434,716.1600000000001,-2606.5472054520433,26.0,2026-07
SILVER,SHORT,2026-07-22 18:23:00,2292.0,2292.969793538801,2289.0906193835976,SHA_FLIP,2026-07-22 18:26:00,2289.0906193835976,TAKE_PROFIT,87.28141849207077,207.504,-120.22258150792922,3.0,2026-07
SILVER,SHORT,2026-07-22 18:35:00,2291.0,2293.713378182677,2282.859865451969,SHA_FLIP,2026-07-22 18:57:00,2293.713378182677,STOP_LOSS,-81.40134548030801,207.492,-288.89334548030797,22.0,2026-07
GOLD,LONG,2026-07-22 18:41:00,118286.0,118182.55675321011,118699.77298715955,SHA_FLIP,2026-07-22 19:18:00,118699.77298715955,TAKE_PROFIT,41377.29871595511,5131.4400000000005,36245.85871595511,37.0,2026-07
GOLD,LONG,2026-07-22 19:43:00,118751.0,118558.19544917005,119522.21820331982,SHA_FLIP,2026-07-22 19:48:00,118558.19544917005,STOP_LOSS,-19280.455082995468,5150.04,-24430.49508299547,5.0,2026-07
CRUDEOIL,LONG,2026-07-22 20:04:00,7930.0,7926.2456995873,7945.0172016508,SHA_FLIP,2026-07-22 20:10:00,7926.2456995873,STOP_LOSS,-375.4300412700104,717.2,-1092.6300412700105,6.0,2026-07
SILVER,SHORT,2026-07-22 20:11:00,2306.0,2308.900989214192,2297.2970323574236,SHA_FLIP,2026-07-22 20:43:00,2308.900989214192,STOP_LOSS,-87.02967642576368,207.672,-294.7016764257637,32.0,2026-07
CRUDEOIL,SHORT,2026-07-22 20:10:00,7900.0,7913.590895233644,7845.636419065424,SHA_FLIP,2026-07-22 20:45:00,7913.590895233644,STOP_LOSS,-1359.0895233644005,716.0,-2075.0895233644005,35.0,2026-07
SILVER,LONG,2026-07-22 20:46:00,2308.0,2305.9316960497263,2314.204911850821,SHA_FLIP,2026-07-22 21:56:00,2305.9316960497263,STOP_LOSS,-62.049118508211905,207.696,-269.74511850821193,70.0,2026-07
SILVER,SHORT,2026-07-22 22:06:00,2305.0,2307.903553206519,2296.289340380443,SHA_FLIP,2026-07-22 22:20:00,2307.903553206519,STOP_LOSS,-87.10659619557191,207.66,-294.7665961955719,14.0,2026-07
SILVER,SHORT,2026-07-22 22:26:00,2305.0,2308.882902205718,2293.351293382846,SHA_FLIP,2026-07-22 23:01:00,2308.882902205718,STOP_LOSS,-116.48706617153948,207.66,-324.14706617153945,35.0,2026-07
SILVER,LONG,2026-07-22 23:16:00,2308.0,2305.0981061031544,2316.705681690537,SHA_FLIP,2026-07-22 23:28:00,2305.0981061031544,STOP_LOSS,-87.05681690536949,207.696,-294.7528169053695,12.0,2026-07
GOLD,LONG,2026-07-22 19:55:00,118750.0,118567.84438470646,119478.62246117415,SHA_FLIP,2026-07-23 09:00:00,118631.0,SESSION_END,-11900.0,5150.0,-17050.0,785.0,2026-07
CRUDEOIL,LONG,2026-07-22 22:32:00,7913.0,7902.237833166354,7956.048667334584,SHA_FLIP,2026-07-23 09:00:00,8016.0,SESSION_END,10300.0,716.52,9583.48,628.0,2026-07
SILVER,SHORT,2026-07-23 09:33:00,2296.0,2298.9018479921447,2287.294456023566,SHA_FLIP,2026-07-23 09:39:00,2298.9018479921447,STOP_LOSS,-87.05543976434001,207.552,-294.60743976434003,6.0,2026-07
CRUDEOIL,LONG,2026-07-23 10:02:00,7990.0,7984.830814015014,8010.676743939945,SHA_FLIP,2026-07-23 10:26:00,7984.830814015014,STOP_LOSS,-516.9185984986143,719.6,-1236.5185984986142,24.0,2026-07
CRUDEOIL,SHORT,2026-07-23 10:26:00,7976.0,7981.766675741625,7952.933297033502,SHA_FLIP,2026-07-23 10:42:00,7981.766675741625,STOP_LOSS,-576.6675741624567,719.04,-1295.7075741624567,16.0,2026-07
SILVER,SHORT,2026-07-23 10:38:00,2294.0,2296.9084197622396,2285.274740713281,SHA_FLIP,2026-07-23 10:46:00,2296.9084197622396,STOP_LOSS,-87.25259286718938,207.528,-294.7805928671894,8.0,2026-07
CRUDEOIL,SHORT,2026-07-23 11:02:00,7950.0,7964.316975223295,7892.732099106819,SHA_FLIP,2026-07-23 11:18:00,7964.316975223295,STOP_LOSS,-1431.697522329523,718.0,-2149.697522329523,16.0,2026-07
SILVER,SHORT,2026-07-23 11:27:00,2295.0,2298.8920626585364,2283.323812024391,SHA_FLIP,2026-07-23 11:32:00,2298.8920626585364,STOP_LOSS,-116.76187975609082,207.54,-324.3018797560908,5.0,2026-07
SILVER,LONG,2026-07-23 11:33:00,2299.0,2295.1021234683094,2310.693629595072,SHA_FLIP,2026-07-23 11:44:00,2295.1021234683094,STOP_LOSS,-116.93629595071798,207.588,-324.52429595071794,11.0,2026-07
SILVER,LONG,2026-07-23 11:49:00,2299.0,2295.6766390647626,2308.970082805712,SHA_FLIP,2026-07-23 11:56:00,2295.6766390647626,STOP_LOSS,-99.70082805712082,207.588,-307.2888280571208,7.0,2026-07
SILVER,SHORT,2026-07-23 12:07:00,2295.0,2296.9509745496225,2289.1470763511325,SHA_FLIP,2026-07-23 12:12:00,2296.9509745496225,STOP_LOSS,-58.52923648867545,207.54,-266.0692364886754,5.0,2026-07
CRUDEOIL,LONG,2026-07-23 13:03:00,8037.0,8023.422264646981,8091.310941412077,SHA_FLIP,2026-07-23 13:27:00,8023.422264646981,STOP_LOSS,-1357.7735353019307,721.48,-2079.2535353019307,24.0,2026-07
CRUDEOIL,SHORT,2026-07-23 13:39:00,8010.0,8024.371669602127,7952.51332159149,SHA_FLIP,2026-07-23 13:53:00,8024.371669602127,STOP_LOSS,-1437.166960212744,720.4000000000001,-2157.566960212744,14.0,2026-07
SILVER,SHORT,2026-07-23 13:31:00,2273.0,2277.870283535,2258.389149395,SHA_FLIP,2026-07-23 14:29:00,2277.870283535,STOP_LOSS,-146.10850604999996,207.276,-353.38450604999997,58.0,2026-07
SILVER,LONG,2026-07-23 14:47:00,2278.0,2275.282228152261,2286.1533155432176,SHA_FLIP,2026-07-23 14:59:00,2275.282228152261,STOP_LOSS,-81.53315543217559,207.336,-288.8691554321756,12.0,2026-07
CRUDEOIL,LONG,2026-07-23 14:37:00,8052.0,8038.5442698440365,8105.822920623854,SHA_FLIP,2026-07-23 15:11:00,8038.5442698440365,STOP_LOSS,-1345.5730155963465,722.08,-2067.6530155963464,34.0,2026-07
SILVER,LONG,2026-07-23 15:25:00,2277.0,2275.0578441643406,2282.826467506978,SHA_FLIP,2026-07-23 15:27:00,2275.0578441643406,STOP_LOSS,-58.26467506978133,207.324,-265.58867506978135,2.0,2026-07
SILVER,SHORT,2026-07-23 16:04:00,2271.0,2274.89752535083,2259.3074239475095,SHA_FLIP,2026-07-23 16:06:00,2274.89752535083,STOP_LOSS,-116.92576052490494,207.252,-324.17776052490495,2.0,2026-07
SILVER,SHORT,2026-07-23 16:08:00,2270.0,2275.812113018174,2252.563660945478,SHA_FLIP,2026-07-23 16:11:00,2275.812113018174,STOP_LOSS,-174.36339054521795,207.24,-381.60339054521796,3.0,2026-07
SILVER,SHORT,2026-07-23 16:16:00,2272.0,2277.7925645527102,2254.6223063418693,SHA_FLIP,2026-07-23 16:20:00,2277.7925645527102,STOP_LOSS,-173.77693658130738,207.264,-381.0409365813074,4.0,2026-07
SILVER,SHORT,2026-07-23 17:11:00,2267.0,2271.8526167414157,2252.442149775753,SHA_FLIP,2026-07-23 17:17:00,2271.8526167414157,STOP_LOSS,-145.57850224246977,207.204,-352.7825022424698,6.0,2026-07
CRUDEOIL,SHORT,2026-07-23 17:21:00,8040.0,8057.358205990205,7970.5671760391815,SHA_FLIP,2026-07-23 17:43:00,8057.358205990205,STOP_LOSS,-1735.8205990204624,721.6,-2457.4205990204623,22.0,2026-07
SILVER,LONG,2026-07-23 17:43:00,2273.0,2272.036483928361,2275.8905482149166,SHA_FLIP,2026-07-23 17:44:00,2272.036483928361,STOP_LOSS,-28.905482149166346,207.276,-236.18148214916636,1.0,2026-07
GOLD,LONG,2026-07-23 17:41:00,117636.0,117570.62995457614,117897.48018169543,SHA_FLIP,2026-07-23 17:46:00,117570.62995457614,STOP_LOSS,-6537.004542385694,5105.4400000000005,-11642.444542385694,5.0,2026-07
CRUDEOIL,LONG,2026-07-23 17:43:00,8075.0,8060.527523506203,8132.889905975189,SHA_FLIP,2026-07-23 18:05:00,8060.527523506203,STOP_LOSS,-1447.247649379733,723.0,-2170.247649379733,22.0,2026-07
SILVER,SHORT,2026-07-23 17:59:00,2268.0,2270.8927298630256,2259.3218104109233,SHA_FLIP,2026-07-23 18:24:00,2259.3218104109233,TAKE_PROFIT,260.3456876723021,207.216,53.12968767230211,25.0,2026-07
GOLD,SHORT,2026-07-23 17:54:00,117470.0,117614.74622596228,116891.01509615086,SHA_FLIP,2026-07-23 18:36:00,116891.01509615086,TAKE_PROFIT,57898.49038491375,5098.8,52799.690384913745,42.0,2026-07
CRUDEOIL,LONG,2026-07-23 18:13:00,8099.0,8079.198504259039,8178.205982963846,SHA_FLIP,2026-07-23 19:06:00,8079.198504259039,STOP_LOSS,-1980.14957409614,723.96,-2704.10957409614,53.0,2026-07
GOLD,SHORT,2026-07-23 19:50:00,116717.0,116816.54049137054,116318.83803451783,SHA_FLIP,2026-07-23 19:54:00,116816.54049137054,STOP_LOSS,-9954.049137054244,5068.68,-15022.729137054244,4.0,2026-07
CRUDEOIL,LONG,2026-07-23 19:11:00,8130.0,8105.670918058932,8227.31632776427,SHA_FLIP,2026-07-23 23:15:00,8227.31632776427,TAKE_PROFIT,9731.632776427068,725.2,9006.432776427067,244.0,2026-07
SILVER,SHORT,2026-07-23 19:18:00,2251.0,2256.8557237585933,2233.43282872422,SHA_FLIP,2026-07-24 09:00:00,2234.0,SESSION_END,510.0,207.012,302.988,822.0,2026-07
GOLD,SHORT,2026-07-23 20:52:00,116899.0,116968.20523716326,116622.17905134696,SHA_FLIP,2026-07-24 09:00:00,116201.0,SESSION_END,69800.0,5075.96,64724.04,728.0,2026-07
CRUDEOIL,SHORT,2026-07-24 09:40:00,8071.0,8084.82354928619,8015.705802855238,SHA_FLIP,2026-07-24 09:42:00,8084.82354928619,STOP_LOSS,-1382.3549286190428,722.84,-2105.194928619043,2.0,2026-07
CRUDEOIL,SHORT,2026-07-24 10:00:00,8075.0,8087.831127415689,8023.675490337246,SHA_FLIP,2026-07-24 10:02:00,8087.831127415689,STOP_LOSS,-1283.112741568857,723.0,-2006.112741568857,2.0,2026-07
SILVER,SHORT,2026-07-24 10:06:00,2227.0,2230.8925338687714,2215.322398393686,SHA_FLIP,2026-07-24 10:19:00,2230.8925338687714,STOP_LOSS,-116.77601606314056,206.724,-323.50001606314055,13.0,2026-07
CRUDEOIL,LONG,2026-07-24 10:45:00,8099.0,8093.046513469924,8122.813946120303,SHA_FLIP,2026-07-24 11:06:00,8093.046513469924,STOP_LOSS,-595.3486530075679,723.96,-1319.308653007568,21.0,2026-07
SILVER,LONG,2026-07-24 11:01:00,2238.0,2237.0344735339513,2240.896579398146,SHA_FLIP,2026-07-24 11:08:00,2237.0344735339513,STOP_LOSS,-28.965793981460592,206.856,-235.8217939814606,7.0,2026-07
SILVER,LONG,2026-07-24 11:12:00,2239.0,2237.063276340628,2244.8101709781163,SHA_FLIP,2026-07-24 11:13:00,2237.063276340628,STOP_LOSS,-58.101709781162754,206.868,-264.96970978116275,1.0,2026-07
SILVER,LONG,2026-07-24 11:20:00,2239.0,2236.0759000750422,2247.7722997748733,SHA_FLIP,2026-07-24 11:24:00,2236.0759000750422,STOP_LOSS,-87.72299774873318,206.868,-294.5909977487332,4.0,2026-07
SILVER,SHORT,2026-07-24 11:24:00,2235.0,2239.899820601614,2220.300538195158,SHA_FLIP,2026-07-24 11:48:00,2239.899820601614,STOP_LOSS,-146.9946180484203,206.82,-353.8146180484203,24.0,2026-07
CRUDEOIL,SHORT,2026-07-24 12:05:00,8038.0,8050.541547342562,7987.833810629752,SHA_FLIP,2026-07-24 12:11:00,8050.541547342562,STOP_LOSS,-1254.1547342561898,721.52,-1975.6747342561898,6.0,2026-07
SILVER,LONG,2026-07-24 12:15:00,2247.0,2243.045773304895,2258.8626800853144,SHA_FLIP,2026-07-24 12:39:00,2258.8626800853144,TAKE_PROFIT,355.8804025594327,206.964,148.9164025594327,24.0,2026-07
CRUDEOIL,SHORT,2026-07-24 12:19:00,8040.0,8048.273931171692,8006.904275313231,SHA_FLIP,2026-07-24 12:55:00,8006.904275313231,TAKE_PROFIT,3309.5724686769245,721.6,2587.9724686769246,36.0,2026-07
CRUDEOIL,SHORT,2026-07-24 13:21:00,8010.0,8017.509968927775,7979.9601242889,SHA_FLIP,2026-07-24 13:35:00,8017.509968927775,STOP_LOSS,-750.9968927774935,720.4000000000001,-1471.3968927774936,14.0,2026-07
SILVER,SHORT,2026-07-24 13:51:00,2255.0,2257.8972304572003,2246.308308628399,SHA_FLIP,2026-07-24 13:53:00,2257.8972304572003,STOP_LOSS,-86.91691371600882,207.06,-293.9769137160088,2.0,2026-07
CRUDEOIL,SHORT,2026-07-24 14:32:00,7953.0,7965.55587551181,7902.77649795276,SHA_FLIP,2026-07-24 15:25:00,7965.55587551181,STOP_LOSS,-1255.5875511809973,718.12,-1973.7075511809971,53.0,2026-07
CRUDEOIL,LONG,2026-07-24 15:38:00,8002.0,7978.144481670251,8097.422073318998,SHA_FLIP,2026-07-24 15:52:00,7978.144481670251,STOP_LOSS,-2385.551832974943,720.08,-3105.631832974943,14.0,2026-07
CRUDEOIL,LONG,2026-07-24 16:04:00,8006.0,7984.0876581769135,8093.649367292346,SHA_FLIP,2026-07-24 16:17:00,7984.0876581769135,STOP_LOSS,-2191.2341823086535,720.24,-2911.4741823086533,13.0,2026-07
CRUDEOIL,LONG,2026-07-24 16:25:00,8025.0,8000.2280474856,8124.087810057601,SHA_FLIP,2026-07-24 16:31:00,8000.2280474856,STOP_LOSS,-2477.1952514400255,721.0,-3198.1952514400255,6.0,2026-07
SILVER,LONG,2026-07-24 15:23:00,2262.0,2259.100361500472,2270.698915498584,SHA_FLIP,2026-07-24 17:11:00,2259.100361500472,STOP_LOSS,-86.98915498584029,207.144,-294.1331549858403,108.0,2026-07
CRUDEOIL,LONG,2026-07-24 17:14:00,8011.0,7995.659671385239,8072.361314459045,SHA_FLIP,2026-07-24 17:21:00,7995.659671385239,STOP_LOSS,-1534.0328614761347,720.44,-2254.4728614761348,7.0,2026-07
GOLD,SHORT,2026-07-24 17:37:00,116710.0,116803.7869463663,116334.85221453483,SHA_FLIP,2026-07-24 17:39:00,116803.7869463663,STOP_LOSS,-9378.69463662937,5068.400000000001,-14447.094636629372,2.0,2026-07
SILVER,LONG,2026-07-24 18:23:00,2265.0,2261.08124048445,2276.75627854665,SHA_FLIP,2026-07-24 18:27:00,2261.08124048445,STOP_LOSS,-117.5627854664981,207.18,-324.7427854664981,4.0,2026-07
SILVER,SHORT,2026-07-24 18:27:00,2260.0,2264.8910556152814,2245.326833154156,SHA_FLIP,2026-07-24 18:49:00,2245.326833154156,TAKE_PROFIT,440.1950053753262,207.12,233.0750053753262,22.0,2026-07
CRUDEOIL,LONG,2026-07-24 18:57:00,8001.0,7997.842683166354,8013.629267334585,SHA_FLIP,2026-07-24 19:03:00,7997.842683166354,STOP_LOSS,-315.73168336462913,720.04,-1035.771683364629,6.0,2026-07
GOLD,SHORT,2026-07-24 18:36:00,116650.0,116758.79567503798,116214.81729984807,SHA_FLIP,2026-07-24 19:08:00,116758.79567503798,STOP_LOSS,-10879.567503798171,5066.0,-15945.567503798171,32.0,2026-07
CRUDEOIL,LONG,2026-07-24 19:06:00,8001.0,7995.506366175686,8022.974535297257,SHA_FLIP,2026-07-24 19:56:00,7995.506366175686,STOP_LOSS,-549.3633824314202,720.04,-1269.4033824314201,50.0,2026-07
GOLD,LONG,2026-07-24 19:56:00,116979.0,116874.81461262562,117395.74154949753,SHA_FLIP,2026-07-24 20:09:00,116874.81461262562,STOP_LOSS,-10418.538737438212,5079.16,-15497.698737438212,13.0,2026-07
CRUDEOIL,LONG,2026-07-24 20:30:00,8000.0,7991.109108486386,8035.563566054458,SHA_FLIP,2026-07-24 20:41:00,7991.109108486386,STOP_LOSS,-889.0891513614406,720.0,-1609.0891513614406,11.0,2026-07
GOLD,LONG,2026-07-24 21:02:00,117080.0,117029.90371565995,117280.3851373602,SHA_FLIP,2026-07-24 21:07:00,117029.90371565995,STOP_LOSS,-5009.628434004844,5083.2,-10092.828434004845,5.0,2026-07
GOLD,SHORT,2026-07-24 21:30:00,116982.0,117016.11330285187,116845.54678859253,SHA_FLIP,2026-07-24 22:09:00,116845.54678859253,TAKE_PROFIT,13645.321140746819,5079.280000000001,8566.041140746818,39.0,2026-07
GOLD,SHORT,2026-07-24 22:32:00,116848.0,116877.6064023747,116729.57439050119,SHA_FLIP,2026-07-24 23:00:00,116877.6064023747,STOP_LOSS,-2960.6402374702157,5073.92,-8034.560237470216,28.0,2026-07
GOLD,SHORT,2026-07-24 23:06:00,116805.0,116854.31968412947,116607.72126348212,SHA_FLIP,2026-07-24 23:08:00,116854.31968412947,STOP_LOSS,-4931.968412947026,5072.2,-10004.168412947027,2.0,2026-07
GOLD,LONG,2026-07-24 23:09:00,116880.0,116807.73862070155,117169.0455171938,SHA_FLIP,2026-07-24 23:23:00,116807.73862070155,STOP_LOSS,-7226.137929844845,5075.2,-12301.337929844845,14.0,2026-07
SILVER,LONG,2026-07-24 19:56:00,2268.0,2257.018896248903,2300.9433112532915,SHA_FLIP,2026-07-27 09:00:00,2276.0,SESSION_END,240.0,207.216,32.78399999999999,3664.0,2026-07
CRUDEOIL,LONG,2026-07-24 23:02:00,7964.0,7950.39383242076,8018.424670316959,SHA_FLIP,2026-07-27 09:00:00,7630.0,SESSION_END,-33400.0,718.56,-34118.56,3478.0,2026-07
SILVER,LONG,2026-07-27 09:32:00,2282.0,2278.396219041241,2292.8113428762776,SHA_FLIP,2026-07-27 09:40:00,2278.396219041241,STOP_LOSS,-108.1134287627765,207.38400000000001,-315.4974287627765,8.0,2026-07
SILVER,SHORT,2026-07-27 09:40:00,2277.0,2281.8540890351132,2262.4377328946603,SHA_FLIP,2026-07-27 10:08:00,2281.8540890351132,STOP_LOSS,-145.62267105339743,207.324,-352.94667105339744,28.0,2026-07
SILVER,SHORT,2026-07-27 10:22:00,2278.0,2279.945510027232,2272.1634699183037,SHA_FLIP,2026-07-27 10:23:00,2279.945510027232,STOP_LOSS,-58.3653008169631,207.336,-265.7013008169631,1.0,2026-07
SILVER,LONG,2026-07-27 10:25:00,2281.0,2278.068833917088,2289.7934982487363,SHA_FLIP,2026-07-27 10:47:00,2278.068833917088,STOP_LOSS,-87.93498248736341,207.372,-295.3069824873634,22.0,2026-07
CRUDEOIL,SHORT,2026-07-27 09:30:00,7713.0,7728.6706655532935,7650.317337786826,SHA_FLIP,2026-07-27 11:32:00,7650.317337786826,TAKE_PROFIT,6268.26622131739,708.52,5559.746221317389,122.0,2026-07
CRUDEOIL,SHORT,2026-07-27 12:09:00,7601.0,7608.595038602171,7570.6198455913145,SHA_FLIP,2026-07-27 12:33:00,7608.595038602171,STOP_LOSS,-759.5038602171371,704.04,-1463.543860217137,24.0,2026-07
SILVER,LONG,2026-07-27 11:31:00,2281.0,2277.0937884839987,2292.718634548004,SHA_FLIP,2026-07-27 13:22:00,2277.0937884839987,STOP_LOSS,-117.18634548004047,207.372,-324.5583454800405,111.0,2026-07
CRUDEOIL,LONG,2026-07-27 12:59:00,7615.0,7599.211256150388,7678.154975398447,SHA_FLIP,2026-07-27 13:59:00,7599.211256150388,STOP_LOSS,-1578.874384961182,704.6,-2283.474384961182,60.0,2026-07
SILVER,SHORT,2026-07-27 13:57:00,2276.0,2278.9210996638944,2267.2367010083167,SHA_FLIP,2026-07-27 14:00:00,2278.9210996638944,STOP_LOSS,-87.63298991683314,207.312,-294.94498991683315,3.0,2026-07
SILVER,LONG,2026-07-27 14:03:00,2279.0,2276.0594727552193,2287.821581734342,SHA_FLIP,2026-07-27 14:05:00,2276.0594727552193,STOP_LOSS,-88.2158173434209,207.348,-295.5638173434209,2.0,2026-07
SILVER,SHORT,2026-07-27 14:05:00,2277.0,2279.7834328480035,2268.6497014559895,SHA_FLIP,2026-07-27 14:18:00,2279.7834328480035,STOP_LOSS,-83.50298544010457,207.324,-290.8269854401046,13.0,2026-07
CRUDEOIL,SHORT,2026-07-27 14:55:00,7507.0,7527.601892942557,7424.592428229771,SHA_FLIP,2026-07-27 15:07:00,7527.601892942557,STOP_LOSS,-2060.1892942557242,700.28,-2760.469294255724,12.0,2026-07
SILVER,LONG,2026-07-27 15:30:00,2281.0,2277.8467343506745,2290.4597969479764,SHA_FLIP,2026-07-27 15:40:00,2277.8467343506745,STOP_LOSS,-94.59796947976429,207.372,-301.9699694797643,10.0,2026-07
SILVER,LONG,2026-07-27 16:42:00,2280.0,2277.5055350535035,2287.4833948394894,SHA_FLIP,2026-07-27 17:08:00,2277.5055350535035,STOP_LOSS,-74.83394839489392,207.36,-282.19394839489394,26.0,2026-07
SILVER,LONG,2026-07-27 17:13:00,2281.0,2278.153554008015,2289.5393379759553,SHA_FLIP,2026-07-27 17:16:00,2278.153554008015,STOP_LOSS,-85.39337975955277,207.372,-292.7653797595528,3.0,2026-07
CRUDEOIL,LONG,2026-07-27 16:21:00,7572.0,7558.777408530613,7624.890365877549,SHA_FLIP,2026-07-27 17:41:00,7624.890365877549,TAKE_PROFIT,5289.03658775489,702.88,4586.15658775489,80.0,2026-07
GOLD,SHORT,2026-07-27 18:02:00,117279.0,117415.17616137314,116734.29535450746,SHA_FLIP,2026-07-27 18:15:00,117415.17616137314,STOP_LOSS,-13617.616137313598,5091.16,-18708.776137313598,13.0,2026-07
GOLD,LONG,2026-07-27 18:28:00,117399.0,117365.41131822797,117533.35472708812,SHA_FLIP,2026-07-27 18:38:00,117365.41131822797,STOP_LOSS,-3358.8681772031123,5095.96,-8454.828177203111,10.0,2026-07
CRUDEOIL,LONG,2026-07-27 18:15:00,7642.0,7633.255478095275,7676.9780876189,SHA_FLIP,2026-07-27 18:47:00,7676.9780876189,TAKE_PROFIT,3497.8087618899735,705.6800000000001,2792.1287618899732,32.0,2026-07
SILVER,SHORT,2026-07-27 17:16:00,2276.0,2280.899830270552,2261.3005091883447,SHA_FLIP,2026-07-27 19:04:00,2261.3005091883447,TAKE_PROFIT,440.9847243496597,207.312,233.6727243496597,108.0,2026-07
GOLD,SHORT,2026-07-27 19:56:00,117000.0,117068.40002937271,116726.39988250914,SHA_FLIP,2026-07-27 20:02:00,116726.39988250914,TAKE_PROFIT,27360.01174908597,5080.0,22280.01174908597,6.0,2026-07
GOLD,LONG,2026-07-27 20:42:00,117058.0,116980.22379433466,117369.10482266138,SHA_FLIP,2026-07-27 20:56:00,116980.22379433466,STOP_LOSS,-7777.6205665344605,5082.320000000001,-12859.94056653446,14.0,2026-07
GOLD,SHORT,2026-07-27 21:18:00,116911.0,116946.81391675633,116767.74433297466,SHA_FLIP,2026-07-27 21:20:00,116946.81391675633,STOP_LOSS,-3581.3916756334947,5076.4400000000005,-8657.831675633495,2.0,2026-07
CRUDEOIL,SHORT,2026-07-27 19:38:00,7615.0,7631.2522277568605,7549.991088972558,SHA_FLIP,2026-07-27 22:02:00,7549.991088972558,TAKE_PROFIT,6500.891102744208,704.6,5796.291102744208,144.0,2026-07
SILVER,SHORT,2026-07-27 19:26:00,2261.0,2270.881733250349,2231.354800248953,SHA_FLIP,2026-07-27 22:07:00,2270.881733250349,STOP_LOSS,-296.4519975104713,207.132,-503.5839975104713,161.0,2026-07
GOLD,LONG,2026-07-27 21:57:00,117153.0,117080.91240745738,117441.35037017049,SHA_FLIP,2026-07-27 22:22:00,117080.91240745738,STOP_LOSS,-7208.759254262259,5086.12,-12294.879254262258,25.0,2026-07
SILVER,SHORT,2026-07-27 22:54:00,2259.0,2264.795660254921,2241.6130192352366,SHA_FLIP,2026-07-28 09:00:00,2229.0,SESSION_END,900.0,207.108,692.892,606.0,2026-07
GOLD,SHORT,2026-07-27 23:10:00,117043.0,117170.94937354354,116531.20250582584,SHA_FLIP,2026-07-28 09:00:00,116511.0,SESSION_END,53200.0,5081.72,48118.28,590.0,2026-07
CRUDEOIL,LONG,2026-07-27 23:24:00,7568.0,7554.201280403715,7623.19487838514,SHA_FLIP,2026-07-28 09:00:00,7471.0,SESSION_END,-9700.0,702.72,-10402.72,576.0,2026-07
CRUDEOIL,LONG,2026-07-28 10:05:00,7531.0,7520.447366216979,7573.210535132082,SHA_FLIP,2026-07-28 10:17:00,7520.447366216979,STOP_LOSS,-1055.263378302061,701.24,-1756.503378302061,12.0,2026-07
CRUDEOIL,SHORT,2026-07-28 10:53:00,7504.0,7510.649437905768,7477.4022483769295,SHA_FLIP,2026-07-28 11:03:00,7510.649437905768,STOP_LOSS,-664.9437905767627,700.1600000000001,-1365.1037905767628,10.0,2026-07
SILVER,SHORT,2026-07-28 10:51:00,2228.0,2230.7778896066648,2219.6663311800057,SHA_FLIP,2026-07-28 11:45:00,2230.7778896066648,STOP_LOSS,-83.33668819994273,206.736,-290.0726881999427,54.0,2026-07
CRUDEOIL,SHORT,2026-07-28 11:57:00,7546.0,7555.442053027569,7508.231787889723,SHA_FLIP,2026-07-28 12:04:00,7508.231787889723,TAKE_PROFIT,3776.821211027709,701.84,3074.981211027709,7.0,2026-07
SILVER,LONG,2026-07-28 12:11:00,2234.0,2229.148074911697,2248.5557752649083,SHA_FLIP,2026-07-28 12:44:00,2229.148074911697,STOP_LOSS,-145.55775264908334,206.808,-352.36575264908333,33.0,2026-07
SILVER,SHORT,2026-07-28 13:28:00,2232.0,2234.7272073949594,2223.818377815122,SHA_FLIP,2026-07-28 13:32:00,2234.7272073949594,STOP_LOSS,-81.81622184878051,206.784,-288.6002218487805,4.0,2026-07
CRUDEOIL,SHORT,2026-07-28 13:21:00,7459.0,7466.037634694171,7430.849461223315,SHA_FLIP,2026-07-28 13:42:00,7430.849461223315,TAKE_PROFIT,2815.05387766847,698.36,2116.6938776684697,21.0,2026-07
SILVER,LONG,2026-07-28 13:32:00,2236.0,2230.257150214174,2253.2285493574777,SHA_FLIP,2026-07-28 13:45:00,2230.257150214174,STOP_LOSS,-172.28549357477732,206.832,-379.1174935747773,13.0,2026-07
CRUDEOIL,SHORT,2026-07-28 13:42:00,7430.0,7448.515163325849,7355.939346696603,SHA_FLIP,2026-07-28 13:49:00,7448.515163325849,STOP_LOSS,-1851.5163325849244,697.2,-2548.716332584924,7.0,2026-07
CRUDEOIL,SHORT,2026-07-28 13:55:00,7424.0,7442.897938028358,7348.408247886568,SHA_FLIP,2026-07-28 14:43:00,7442.897938028358,STOP_LOSS,-1889.7938028358112,696.96,-2586.7538028358113,48.0,2026-07
SILVER,SHORT,2026-07-28 14:06:00,2233.0,2235.9223277312285,2224.2330168063145,SHA_FLIP,2026-07-28 15:05:00,2224.2330168063145,TAKE_PROFIT,263.00949581056557,206.796,56.213495810565576,59.0,2026-07
SILVER,SHORT,2026-07-28 15:46:00,2221.0,2224.908077073089,2209.2757687807334,SHA_FLIP,2026-07-28 17:03:00,2224.908077073089,STOP_LOSS,-117.24231219266585,206.652,-323.89431219266584,77.0,2026-07
GOLD,SHORT,2026-07-28 17:44:00,115752.0,115780.52601490247,115637.89594039012,SHA_FLIP,2026-07-28 17:49:00,115780.52601490247,STOP_LOSS,-2852.6014902468887,5030.08,-7882.681490246889,5.0,2026-07
SILVER,SHORT,2026-07-28 17:41:00,2220.0,2223.6611236258873,2209.016629122338,SHA_FLIP,2026-07-28 17:49:00,2223.6611236258873,STOP_LOSS,-109.83370877661855,206.64,-316.47370877661854,8.0,2026-07
GOLD,LONG,2026-07-28 17:49:00,115814.0,115775.25233296964,115968.99066812143,SHA_FLIP,2026-07-28 18:04:00,115775.25233296964,STOP_LOSS,-3874.766703035857,5032.56,-8907.326703035858,15.0,2026-07
CRUDEOIL,LONG,2026-07-28 17:06:00,7500.0,7474.1800109759415,7603.279956096234,SHA_FLIP,2026-07-28 18:09:00,7474.1800109759415,STOP_LOSS,-2581.9989024058486,700.0,-3281.9989024058486,63.0,2026-07
GOLD,LONG,2026-07-28 18:11:00,115880.0,115812.32579022594,116150.69683909626,SHA_FLIP,2026-07-28 18:27:00,115812.32579022594,STOP_LOSS,-6767.420977406437,5035.2,-11802.620977406437,16.0,2026-07
SILVER,LONG,2026-07-28 18:10:00,2225.0,2222.0826966103014,2233.751910169096,SHA_FLIP,2026-07-28 18:40:00,2222.0826966103014,STOP_LOSS,-87.51910169095936,206.7,-294.21910169095935,30.0,2026-07
CRUDEOIL,SHORT,2026-07-28 19:04:00,7446.0,7463.160500069829,7377.357999720683,SHA_FLIP,2026-07-28 19:15:00,7463.160500069829,STOP_LOSS,-1716.050006982914,697.84,-2413.890006982914,11.0,2026-07
CRUDEOIL,LONG,2026-07-28 19:32:00,7499.0,7485.416663016228,7553.333347935088,SHA_FLIP,2026-07-28 19:41:00,7485.416663016228,STOP_LOSS,-1358.3336983771915,699.96,-2058.2936983771915,9.0,2026-07
CRUDEOIL,SHORT,2026-07-28 20:23:00,7470.0,7476.728820168026,7443.084719327897,SHA_FLIP,2026-07-28 20:40:00,7443.084719327897,TAKE_PROFIT,2691.528067210311,698.8,1992.7280672103109,17.0,2026-07
SILVER,SHORT,2026-07-28 19:48:00,2214.0,2217.872459734872,2202.3826207953844,SHA_FLIP,2026-07-28 20:46:00,2217.872459734872,STOP_LOSS,-116.17379204615645,206.568,-322.74179204615643,58.0,2026-07
GOLD,LONG,2026-07-28 20:40:00,115847.0,115793.49745599195,116061.0101760322,SHA_FLIP,2026-07-28 21:16:00,116061.0101760322,TAKE_PROFIT,21401.017603219952,5033.88,16367.137603219951,36.0,2026-07
GOLD,LONG,2026-07-28 22:07:00,116044.0,115975.02666331976,116319.89334672096,SHA_FLIP,2026-07-28 22:17:00,115975.02666331976,STOP_LOSS,-6897.33366802393,5041.76,-11939.09366802393,10.0,2026-07
SILVER,LONG,2026-07-28 21:11:00,2219.0,2216.0767164952194,2227.7698505143417,SHA_FLIP,2026-07-28 22:31:00,2216.0767164952194,STOP_LOSS,-87.6985051434167,206.628,-294.3265051434167,80.0,2026-07
SILVER,SHORT,2026-07-28 22:47:00,2218.0,2219.9434589138996,2212.1696232583013,SHA_FLIP,2026-07-28 22:48:00,2219.9434589138996,STOP_LOSS,-58.303767416987284,206.61599999999999,-264.91976741698727,1.0,2026-07
SILVER,LONG,2026-07-28 22:48:00,2221.0,2218.0890022746203,2229.732993176139,SHA_FLIP,2026-07-28 22:50:00,2218.0890022746203,STOP_LOSS,-87.32993176139189,206.652,-293.9819317613919,2.0,2026-07
CRUDEOIL,SHORT,2026-07-28 21:22:00,7294.0,7324.170641265921,7173.317434936314,SHA_FLIP,2026-07-28 23:26:00,7324.170641265921,STOP_LOSS,-3017.0641265921404,691.76,-3708.8241265921406,124.0,2026-07
GOLD,SHORT,2026-07-28 22:44:00,115869.0,115953.71586614553,115530.13653541787,SHA_FLIP,2026-07-29 09:00:00,115727.0,SESSION_END,14200.0,5034.76,9165.24,616.0,2026-07
SILVER,SHORT,2026-07-28 22:51:00,2217.0,2220.8928740543756,2205.321377836873,SHA_FLIP,2026-07-29 09:00:00,2220.0,SESSION_END,-90.0,206.604,-296.60400000000004,609.0,2026-07
SILVER,LONG,2026-07-29 09:30:00,2221.0,2217.0265951023807,2232.920214692858,SHA_FLIP,2026-07-29 09:33:00,2217.0265951023807,STOP_LOSS,-119.20214692857826,206.652,-325.85414692857825,3.0,2026-07
SILVER,SHORT,2026-07-29 09:57:00,2216.0,2218.907535589559,2207.2773932313235,SHA_FLIP,2026-07-29 10:04:00,2218.907535589559,STOP_LOSS,-87.22606768676542,206.592,-293.8180676867654,7.0,2026-07
CRUDEOIL,LONG,2026-07-29 11:10:00,7497.0,7490.066860241744,7524.732559033026,SHA_FLIP,2026-07-29 12:11:00,7490.066860241744,STOP_LOSS,-693.3139758256402,699.88,-1393.1939758256403,61.0,2026-07
SILVER,LONG,2026-07-29 10:04:00,2220.0,2215.1579113727576,2234.5262658817273,SHA_FLIP,2026-07-29 13:05:00,2234.5262658817273,TAKE_PROFIT,435.7879764518202,206.64,229.14797645182023,181.0,2026-07
SILVER,SHORT,2026-07-29 13:51:00,2225.0,2227.899500914891,2216.3014972553265,SHA_FLIP,2026-07-29 14:25:00,2227.899500914891,STOP_LOSS,-86.98502744673533,206.7,-293.6850274467353,34.0,2026-07
SILVER,LONG,2026-07-29 14:47:00,2227.0,2225.620646945622,2231.138059163134,SHA_FLIP,2026-07-29 14:48:00,2225.620646945622,STOP_LOSS,-41.380591631341304,206.724,-248.1045916313413,1.0,2026-07
SILVER,SHORT,2026-07-29 14:48:00,2225.0,2226.9494245470573,2219.151726358828,SHA_FLIP,2026-07-29 14:50:00,2226.9494245470573,STOP_LOSS,-58.48273641172,206.7,-265.18273641172,2.0,2026-07
SILVER,LONG,2026-07-29 14:50:00,2228.0,2225.077987784655,2236.7660366460354,SHA_FLIP,2026-07-29 15:00:00,2225.077987784655,STOP_LOSS,-87.66036646035445,206.736,-294.39636646035444,10.0,2026-07
SILVER,SHORT,2026-07-29 15:15:00,2224.0,2226.9298703532972,2215.2103889401083,SHA_FLIP,2026-07-29 15:20:00,2226.9298703532972,STOP_LOSS,-87.8961105989174,206.688,-294.5841105989174,5.0,2026-07
SILVER,LONG,2026-07-29 15:22:00,2228.0,2224.088008927771,2239.7359732166865,SHA_FLIP,2026-07-29 15:29:00,2224.088008927771,STOP_LOSS,-117.35973216686489,206.736,-324.0957321668649,7.0,2026-07
CRUDEOIL,LONG,2026-07-29 14:15:00,7482.0,7471.199190482759,7525.203238068963,SHA_FLIP,2026-07-29 15:36:00,7525.203238068963,TAKE_PROFIT,4320.32380689634,699.28,3621.0438068963404,81.0,2026-07
CRUDEOIL,LONG,2026-07-29 15:36:00,7540.0,7519.476185227309,7622.0952590907655,SHA_FLIP,2026-07-29 17:46:00,7622.0952590907655,TAKE_PROFIT,8209.525909076547,701.6,7507.925909076546,130.0,2026-07
SILVER,SHORT,2026-07-29 15:29:00,2224.0,2227.899588865402,2212.3012334037935,SHA_FLIP,2026-07-29 17:48:00,2212.3012334037935,TAKE_PROFIT,350.9629978861949,206.688,144.2749978861949,139.0,2026-07
GOLD,SHORT,2026-07-29 17:41:00,115681.0,115750.21879386556,115404.12482453778,SHA_FLIP,2026-07-29 18:00:00,115404.12482453778,TAKE_PROFIT,27687.51754622208,5027.24,22660.27754622208,19.0,2026-07
SILVER,SHORT,2026-07-29 18:26:00,2209.0,2214.0326843361727,2193.901946991482,SHA_FLIP,2026-07-29 18:30:00,2214.0326843361727,STOP_LOSS,-150.98053008518036,206.508,-357.4885300851804,4.0,2026-07
GOLD,SHORT,2026-07-29 18:19:00,115537.0,115583.05117688721,115352.79529245116,SHA_FLIP,2026-07-29 18:31:00,115583.05117688721,STOP_LOSS,-4605.117688720929,5021.4800000000005,-9626.597688720929,12.0,2026-07
CRUDEOIL,LONG,2026-07-29 19:03:00,7650.0,7640.599785070325,7687.600859718699,SHA_FLIP,2026-07-29 19:10:00,7640.599785070325,STOP_LOSS,-940.0214929674803,706.0,-1646.0214929674803,7.0,2026-07
GOLD,SHORT,2026-07-29 18:36:00,115480.0,115562.93135572926,115148.27457708295,SHA_FLIP,2026-07-29 19:25:00,115148.27457708295,TAKE_PROFIT,33172.54229170503,5019.2,28153.34229170503,49.0,2026-07
SILVER,LONG,2026-07-29 20:03:00,2209.0,2205.1464412928835,2220.5606761213494,SHA_FLIP,2026-07-29 20:09:00,2205.1464412928835,STOP_LOSS,-115.60676121349388,206.508,-322.1147612134939,6.0,2026-07
GOLD,SHORT,2026-07-29 19:59:00,115064.0,115142.81738541716,114748.73045833135,SHA_FLIP,2026-07-29 20:35:00,115142.81738541716,STOP_LOSS,-7881.738541716186,5002.56,-12884.298541716187,36.0,2026-07
SILVER,SHORT,2026-07-29 20:49:00,2203.0,2206.9176877205896,2191.2469368382312,SHA_FLIP,2026-07-29 20:57:00,2206.9176877205896,STOP_LOSS,-117.5306316176875,206.436,-323.96663161768754,8.0,2026-07
SILVER,LONG,2026-07-29 21:10:00,2208.0,2205.0721287547594,2216.7836137357217,SHA_FLIP,2026-07-29 21:12:00,2205.0721287547594,STOP_LOSS,-87.83613735721701,206.496,-294.332137357217,2.0,2026-07
GOLD,LONG,2026-07-29 21:14:00,115290.0,115214.45923448716,115592.16306205135,SHA_FLIP,2026-07-29 21:16:00,115214.45923448716,STOP_LOSS,-7554.0765512836515,5011.6,-12565.676551283652,2.0,2026-07
SILVER,LONG,2026-07-29 21:22:00,2207.0,2204.4715834600315,2214.5852496199054,SHA_FLIP,2026-07-29 21:26:00,2204.4715834600315,STOP_LOSS,-75.85249619905426,206.484,-282.3364961990543,4.0,2026-07
CRUDEOIL,LONG,2026-07-29 19:17:00,7665.0,7643.512727244877,7750.949091020491,SHA_FLIP,2026-07-29 21:32:00,7750.949091020491,TAKE_PROFIT,8594.909102049132,706.6,7888.309102049132,135.0,2026-07
CRUDEOIL,LONG,2026-07-29 21:47:00,7732.0,7724.282313573413,7762.8707457063465,SHA_FLIP,2026-07-29 21:48:00,7724.282313573413,STOP_LOSS,-771.7686426586624,709.28,-1481.0486426586624,1.0,2026-07
SILVER,SHORT,2026-07-29 21:46:00,2203.0,2205.927001708959,2194.2189948731234,SHA_FLIP,2026-07-29 21:53:00,2205.927001708959,STOP_LOSS,-87.81005126876607,206.436,-294.2460512687661,7.0,2026-07
GOLD,LONG,2026-07-29 22:14:00,115281.0,115241.72980283879,115438.08078864485,SHA_FLIP,2026-07-29 22:18:00,115241.72980283879,STOP_LOSS,-3927.01971612114,5011.24,-8938.25971612114,4.0,2026-07
SILVER,LONG,2026-07-29 21:53:00,2206.0,2203.0800754977968,2214.7597735066097,SHA_FLIP,2026-07-29 22:25:00,2214.7597735066097,TAKE_PROFIT,262.7932051982907,206.472,56.3212051982907,32.0,2026-07
GOLD,LONG,2026-07-29 22:22:00,115334.0,115254.0571257987,115653.77149680519,SHA_FLIP,2026-07-29 22:36:00,115653.77149680519,TAKE_PROFIT,31977.149680518778,5013.360000000001,26963.789680518777,14.0,2026-07
GOLD,LONG,2026-07-29 23:11:00,115698.0,115619.58824024777,116011.64703900891,SHA_FLIP,2026-07-29 23:13:00,115619.58824024777,STOP_LOSS,-7841.175975222723,5027.92,-12869.095975222723,2.0,2026-07
SILVER,LONG,2026-07-29 23:29:00,2222.0,2215.709263935392,2240.8722081938245,SHA_FLIP,2026-07-30 09:00:00,2220.0,SESSION_END,-60.0,206.664,-266.664,571.0,2026-07
GOLD,LONG,2026-07-29 23:26:00,115779.0,115673.28594720339,116201.85621118644,SHA_FLIP,2026-07-30 09:00:00,115826.0,SESSION_END,4700.0,5031.16,-331.15999999999985,574.0,2026-07
CRUDEOIL,SHORT,2026-07-29 21:48:00,7704.0,7722.540152908743,7629.839388365028,SHA_FLIP,2026-07-30 09:00:00,7653.0,SESSION_END,5100.0,708.1600000000001,4391.84,672.0,2026-07
CRUDEOIL,SHORT,2026-07-30 09:34:00,7634.0,7644.444002653651,7592.223989385395,SHA_FLIP,2026-07-30 10:21:00,7644.444002653651,STOP_LOSS,-1044.4002653651296,705.36,-1749.7602653651297,47.0,2026-07
SILVER,SHORT,2026-07-30 09:27:00,2216.0,2219.0810753620085,2206.7567739139745,SHA_FLIP,2026-07-30 10:37:00,2206.7567739139745,TAKE_PROFIT,277.29678258076547,206.592,70.70478258076545,70.0,2026-07
CRUDEOIL,LONG,2026-07-30 10:21:00,7645.0,7640.587471030376,7662.650115878496,SHA_FLIP,2026-07-30 10:40:00,7662.650115878496,TAKE_PROFIT,1765.0115878495853,705.8,1059.2115878495854,19.0,2026-07
SILVER,SHORT,2026-07-30 10:49:00,2206.0,2210.8761436096383,2191.371569171085,SHA_FLIP,2026-07-30 10:53:00,2210.8761436096383,STOP_LOSS,-146.28430828915043,206.472,-352.7563082891504,4.0,2026-07
CRUDEOIL,LONG,2026-07-30 11:25:00,7735.0,7715.87062487711,7811.517500491562,SHA_FLIP,2026-07-30 12:11:00,7715.87062487711,STOP_LOSS,-1912.9375122890451,709.4000000000001,-2622.337512289045,46.0,2026-07
SILVER,SHORT,2026-07-30 11:07:00,2206.0,2212.8383651221334,2185.4849046336,SHA_FLIP,2026-07-30 12:33:00,2212.8383651221334,STOP_LOSS,-205.15095366400146,206.472,-411.62295366400144,86.0,2026-07
CRUDEOIL,SHORT,2026-07-30 12:31:00,7660.0,7680.414504146787,7578.341983412851,SHA_FLIP,2026-07-30 12:47:00,7680.414504146787,STOP_LOSS,-2041.4504146787294,706.4000000000001,-2747.8504146787295,16.0,2026-07
CRUDEOIL,SHORT,2026-07-30 12:50:00,7659.0,7675.872945556275,7591.508217774899,SHA_FLIP,2026-07-30 13:00:00,7675.872945556275,STOP_LOSS,-1687.2945556275226,706.36,-2393.6545556275228,10.0,2026-07
SILVER,LONG,2026-07-30 12:51:00,2213.0,2209.088421888336,2224.7347343349916,SHA_FLIP,2026-07-30 13:08:00,2209.088421888336,STOP_LOSS,-117.34734334991572,206.556,-323.90334334991576,17.0,2026-07
SILVER,LONG,2026-07-30 14:18:00,2221.0,2217.0868446062104,2232.7394661813687,SHA_FLIP,2026-07-30 14:20:00,2217.0868446062104,STOP_LOSS,-117.39466181368698,206.652,-324.04666181368697,2.0,2026-07
CRUDEOIL,SHORT,2026-07-30 14:36:00,7615.0,7630.908559113349,7551.365763546604,SHA_FLIP,2026-07-30 15:30:00,7630.908559113349,STOP_LOSS,-1590.8559113348929,704.6,-2295.455911334893,54.0,2026-07
SILVER,LONG,2026-07-30 14:31:00,2219.0,2217.042443712243,2224.8726688632714,SHA_FLIP,2026-07-30 15:46:00,2224.8726688632714,TAKE_PROFIT,176.18006589814286,206.628,-30.44793410185713,75.0,2026-07
CRUDEOIL,SHORT,2026-07-30 15:50:00,7600.0,7617.540515478018,7529.837938087927,SHA_FLIP,2026-07-30 15:51:00,7617.540515478018,STOP_LOSS,-1754.0515478018278,704.0,-2458.051547801828,1.0,2026-07
GOLD,LONG,2026-07-30 17:35:00,116351.0,116281.64749522335,116628.41001910658,SHA_FLIP,2026-07-30 17:49:00,116281.64749522335,STOP_LOSS,-6935.250477664522,5054.04,-11989.290477664523,14.0,2026-07
CRUDEOIL,SHORT,2026-07-30 17:02:00,7565.0,7578.656487850069,7510.374048599722,SHA_FLIP,2026-07-30 17:57:00,7578.656487850069,STOP_LOSS,-1365.6487850069425,702.6,-2068.2487850069424,55.0,2026-07
GOLD,LONG,2026-07-30 17:55:00,116418.0,116320.29485146,116808.82059416,SHA_FLIP,2026-07-30 18:01:00,116320.29485146,STOP_LOSS,-9770.514854000066,5056.72,-14827.234854000068,6.0,2026-07
GOLD,LONG,2026-07-30 18:08:00,116360.0,116261.97920771655,116752.08316913381,SHA_FLIP,2026-07-30 18:22:00,116261.97920771655,STOP_LOSS,-9802.079228345247,5054.400000000001,-14856.479228345248,14.0,2026-07
SILVER,SHORT,2026-07-30 18:16:00,2229.0,2231.901725608124,2220.2948231756286,SHA_FLIP,2026-07-30 19:18:00,2231.901725608124,STOP_LOSS,-87.05176824371392,206.748,-293.7997682437139,62.0,2026-07
CRUDEOIL,SHORT,2026-07-30 19:09:00,7565.0,7567.126935763468,7556.492256946127,SHA_FLIP,2026-07-30 19:31:00,7567.126935763468,STOP_LOSS,-212.6935763468282,702.6,-915.2935763468282,22.0,2026-07
CRUDEOIL,LONG,2026-07-30 19:31:00,7568.0,7566.708693767055,7573.165224931781,SHA_FLIP,2026-07-30 19:33:00,7566.708693767055,STOP_LOSS,-129.1306232945317,702.72,-831.8506232945317,2.0,2026-07
GOLD,LONG,2026-07-30 19:07:00,116499.0,116352.04502232143,117086.81991071429,SHA_FLIP,2026-07-30 19:50:00,116352.04502232143,STOP_LOSS,-14695.49776785716,5059.96,-19755.45776785716,43.0,2026-07
CRUDEOIL,SHORT,2026-07-30 19:33:00,7560.0,7564.169914459412,7543.320342162351,SHA_FLIP,2026-07-30 19:56:00,7564.169914459412,STOP_LOSS,-416.9914459412212,702.4000000000001,-1119.3914459412213,23.0,2026-07
SILVER,LONG,2026-07-30 20:22:00,2232.0,2229.0194262660534,2240.9417212018398,SHA_FLIP,2026-07-30 20:36:00,2229.0194262660534,STOP_LOSS,-89.41721201839755,206.784,-296.20121201839754,14.0,2026-07
CRUDEOIL,LONG,2026-07-30 19:56:00,7579.0,7566.990542404477,7627.037830382091,SHA_FLIP,2026-07-30 21:12:00,7566.990542404477,STOP_LOSS,-1200.945759552269,703.1600000000001,-1904.105759552269,76.0,2026-07
GOLD,LONG,2026-07-30 21:30:00,116649.0,116623.42429769252,116751.30280922994,SHA_FLIP,2026-07-30 21:37:00,116623.42429769252,STOP_LOSS,-2557.570230748388,5065.96,-7623.530230748388,7.0,2026-07
GOLD,LONG,2026-07-30 21:44:00,116662.0,116610.2384387782,116869.04624488723,SHA_FLIP,2026-07-30 22:07:00,116610.2384387782,STOP_LOSS,-5176.156122180691,5066.4800000000005,-10242.636122180691,23.0,2026-07
GOLD,LONG,2026-07-30 22:50:00,116714.0,116640.3013655061,117008.79453797563,SHA_FLIP,2026-07-30 22:59:00,116640.3013655061,STOP_LOSS,-7369.863449390687,5068.56,-12438.423449390688,9.0,2026-07
CRUDEOIL,LONG,2026-07-30 22:07:00,7580.0,7568.325480846766,7626.6980766129345,SHA_FLIP,2026-07-31 09:00:00,7490.0,SESSION_END,-9000.0,703.2,-9703.2,653.0,2026-07
GOLD,SHORT,2026-07-30 23:01:00,116655.0,116775.65330850071,116172.38676599716,SHA_FLIP,2026-07-31 09:00:00,116250.0,SESSION_END,40500.0,5066.2,35433.8,599.0,2026-07
SILVER,LONG,2026-07-30 20:49:00,2232.0,2227.3037277753356,2246.0888166739933,SHA_FLIP,2026-07-31 09:00:00,2229.0,SESSION_END,-90.0,206.784,-296.784,731.0,2026-07
CRUDEOIL,SHORT,2026-07-31 10:06:00,7466.0,7469.985817774858,7450.056728900567,SHA_FLIP,2026-07-31 10:17:00,7450.056728900567,TAKE_PROFIT,1594.3271099433332,698.64,895.6871099433332,11.0,2026-07
SILVER,LONG,2026-07-31 10:28:00,2236.0,2231.1127770145267,2250.66166895642,SHA_FLIP,2026-07-31 11:16:00,2231.1127770145267,STOP_LOSS,-146.61668956419817,206.832,-353.44868956419816,48.0,2026-07
CRUDEOIL,SHORT,2026-07-31 10:54:00,7434.0,7442.571797163866,7399.712811344536,SHA_FLIP,2026-07-31 11:36:00,7442.571797163866,STOP_LOSS,-857.1797163865995,697.36,-1554.5397163865996,42.0,2026-07
CRUDEOIL,LONG,2026-07-31 11:50:00,7458.0,7443.011585004376,7517.953659982497,SHA_FLIP,2026-07-31 12:04:00,7443.011585004376,STOP_LOSS,-1498.8414995624225,698.3199999999999,-2197.1614995624223,14.0,2026-07
SILVER,LONG,2026-07-31 11:58:00,2234.0,2231.907565307988,2240.2773040760358,SHA_FLIP,2026-07-31 12:11:00,2231.907565307988,STOP_LOSS,-62.77304076035762,206.808,-269.5810407603576,13.0,2026-07
SILVER,SHORT,2026-07-31 12:53:00,2227.0,2230.8999170254183,2215.300248923745,SHA_FLIP,2026-07-31 13:15:00,2230.8999170254183,STOP_LOSS,-116.9975107625487,206.724,-323.7215107625487,22.0,2026-07
CRUDEOIL,SHORT,2026-07-31 13:26:00,7459.0,7476.71407304537,7388.143707818519,SHA_FLIP,2026-07-31 13:56:00,7476.71407304537,STOP_LOSS,-1771.4073045370242,698.36,-2469.7673045370243,30.0,2026-07
CRUDEOIL,LONG,2026-07-31 14:43:00,7515.0,7506.94201379457,7547.23194482172,SHA_FLIP,2026-07-31 15:03:00,7547.23194482172,TAKE_PROFIT,3223.194482172039,700.6,2522.594482172039,20.0,2026-07
CRUDEOIL,LONG,2026-07-31 15:03:00,7554.0,7533.286965624479,7636.852137502083,SHA_FLIP,2026-07-31 16:50:00,7636.852137502083,TAKE_PROFIT,8285.213750208277,702.1600000000001,7583.053750208277,107.0,2026-07
CRUDEOIL,LONG,2026-07-31 17:31:00,7641.0,7635.893593102943,7661.425627588229,SHA_FLIP,2026-07-31 17:48:00,7635.893593102943,STOP_LOSS,-510.64068970572407,705.64,-1216.280689705724,17.0,2026-07
CRUDEOIL,LONG,2026-07-31 17:53:00,7644.0,7635.824924907441,7676.7003003702375,SHA_FLIP,2026-07-31 18:04:00,7635.824924907441,STOP_LOSS,-817.5075092559382,705.76,-1523.2675092559382,11.0,2026-07
CRUDEOIL,LONG,2026-07-31 18:16:00,7650.0,7632.061626902203,7721.753492391188,SHA_FLIP,2026-07-31 18:27:00,7721.753492391188,TAKE_PROFIT,7175.349239118805,706.0,6469.349239118805,11.0,2026-07
SILVER,SHORT,2026-07-31 14:00:00,2225.0,2228.8556986924805,2213.4329039225586,SHA_FLIP,2026-07-31 18:30:00,2213.4329039225586,TAKE_PROFIT,347.0128823232426,206.7,140.3128823232426,270.0,2026-07
CRUDEOIL,LONG,2026-07-31 18:39:00,7677.0,7661.539016685128,7738.843933259486,SHA_FLIP,2026-07-31 18:40:00,7661.539016685128,STOP_LOSS,-1546.0983314871555,707.08,-2253.1783314871554,1.0,2026-07
CRUDEOIL,LONG,2026-07-31 18:44:00,7675.0,7660.5447315516985,7732.821073793206,SHA_FLIP,2026-07-31 19:27:00,7660.5447315516985,STOP_LOSS,-1445.5268448301467,707.0,-2152.5268448301467,43.0,2026-07
GOLD,SHORT,2026-07-31 19:36:00,115702.0,115771.61095359268,115423.55618562928,SHA_FLIP,2026-07-31 19:51:00,115771.61095359268,STOP_LOSS,-6961.095359268074,5028.08,-11989.175359268074,15.0,2026-07
SILVER,SHORT,2026-07-31 19:00:00,2212.0,2215.931196782928,2200.206409651216,SHA_FLIP,2026-07-31 20:07:00,2215.931196782928,STOP_LOSS,-117.93590348784164,206.544,-324.4799034878416,67.0,2026-07
CRUDEOIL,SHORT,2026-07-31 19:27:00,7659.0,7670.433768480421,7613.264926078315,SHA_FLIP,2026-07-31 20:17:00,7670.433768480421,STOP_LOSS,-1143.376848042135,706.36,-1849.736848042135,50.0,2026-07
SILVER,SHORT,2026-07-31 20:43:00,2215.0,2216.9374581384723,2209.187625584583,SHA_FLIP,2026-07-31 20:45:00,2216.9374581384723,STOP_LOSS,-58.12374415416798,206.58,-264.703744154168,2.0,2026-07
CRUDEOIL,LONG,2026-07-31 20:17:00,7673.0,7655.667854001937,7742.328583992254,SHA_FLIP,2026-07-31 20:49:00,7655.667854001937,STOP_LOSS,-1733.2145998063424,706.9200000000001,-2440.1345998063425,32.0,2026-07
GOLD,LONG,2026-07-31 20:47:00,115990.0,115925.68276676374,116247.26893294504,SHA_FLIP,2026-07-31 20:50:00,115925.68276676374,STOP_LOSS,-6431.72332362592,5039.6,-11471.32332362592,3.0,2026-07
SILVER,LONG,2026-07-31 20:45:00,2218.0,2214.086975887103,2229.7390723386907,SHA_FLIP,2026-07-31 20:58:00,2214.086975887103,STOP_LOSS,-117.39072338690676,206.61599999999999,-324.00672338690674,13.0,2026-07
SILVER,LONG,2026-07-31 21:09:00,2217.0,2213.0945866980655,2228.7162399058034,SHA_FLIP,2026-07-31 22:35:00,2213.0945866980655,STOP_LOSS,-117.16239905803377,206.604,-323.7663990580338,86.0,2026-07
CRUDEOIL,LONG,2026-07-31 22:31:00,7623.0,7615.2288611901,7654.084555239599,SHA_FLIP,2026-07-31 22:35:00,7615.2288611901,STOP_LOSS,-777.113880989964,704.9200000000001,-1482.033880989964,4.0,2026-07
SILVER,SHORT,2026-07-31 22:35:00,2213.0,2217.0842212775706,2200.7473361672883,SHA_FLIP,2026-07-31 22:50:00,2217.0842212775706,STOP_LOSS,-122.52663832711733,206.556,-329.08263832711737,15.0,2026-07
CRUDEOIL,SHORT,2026-07-31 22:55:00,7600.0,7611.30628877761,7554.774844889562,SHA_FLIP,2026-07-31 23:20:00,7611.30628877761,STOP_LOSS,-1130.6288777609552,704.0,-1834.6288777609552,25.0,2026-07
GOLD,SHORT,2026-07-31 20:51:00,115917.0,115978.59238515477,115670.63045938092,SHA_FLIP,2026-07-31 23:28:00,115978.59238515477,STOP_LOSS,-6159.238515477045,5036.68,-11195.918515477046,157.0,2026-07
CRUDEOIL,SHORT,2026-08-03 10:12:00,7289.0,7293.812758528933,7269.748965884268,SHA_FLIP,2026-08-03 10:33:00,7269.748965884268,TAKE_PROFIT,1925.1034115732182,691.56,1233.5434115732182,21.0,2026-08
SILVER,LONG,2026-08-03 09:29:00,2230.0,2226.531859022455,2240.4044229326346,SHA_FLIP,2026-08-03 11:04:00,2226.531859022455,STOP_LOSS,-104.04422932634589,206.76,-310.8042293263459,95.0,2026-08
SILVER,SHORT,2026-08-03 11:04:00,2226.0,2230.900725257259,2211.2978242282225,SHA_FLIP,2026-08-03 11:30:00,2230.900725257259,STOP_LOSS,-147.02175771777547,206.712,-353.73375771777546,26.0,2026-08
CRUDEOIL,SHORT,2026-08-03 12:02:00,7265.0,7272.720396576328,7234.118413694687,SHA_FLIP,2026-08-03 12:05:00,7272.720396576328,STOP_LOSS,-772.0396576328312,690.6,-1462.6396576328311,3.0,2026-08
CRUDEOIL,SHORT,2026-08-03 12:13:00,7260.0,7270.982002922724,7216.071988309104,SHA_FLIP,2026-08-03 12:18:00,7270.982002922724,STOP_LOSS,-1098.200292272395,690.4000000000001,-1788.600292272395,5.0,2026-08
CRUDEOIL,LONG,2026-08-03 12:32:00,7280.0,7266.65639014141,7333.374439434359,SHA_FLIP,2026-08-03 12:47:00,7333.374439434359,TAKE_PROFIT,5337.443943435937,691.2,4646.243943435938,15.0,2026-08
CRUDEOIL,LONG,2026-08-03 13:10:00,7340.0,7320.367449375128,7418.530202499489,SHA_FLIP,2026-08-03 13:16:00,7320.367449375128,STOP_LOSS,-1963.2550624872238,693.6,-2656.8550624872237,6.0,2026-08
SILVER,LONG,2026-08-03 13:37:00,2230.0,2227.0904019880213,2238.728794035936,SHA_FLIP,2026-08-03 13:48:00,2227.0904019880213,STOP_LOSS,-87.28794035936062,206.76,-294.0479403593606,11.0,2026-08
SILVER,SHORT,2026-08-03 13:48:00,2227.0,2229.7683444338923,2218.6949666983232,SHA_FLIP,2026-08-03 13:55:00,2229.7683444338923,STOP_LOSS,-83.05033301676758,206.724,-289.77433301676757,7.0,2026-08
SILVER,LONG,2026-08-03 14:29:00,2231.0,2229.0536099810156,2236.839170056953,SHA_FLIP,2026-08-03 14:31:00,2229.0536099810156,STOP_LOSS,-58.39170056953208,206.772,-265.16370056953207,2.0,2026-08
SILVER,SHORT,2026-08-03 14:33:00,2229.0,2230.949725339896,2223.1508239803125,SHA_FLIP,2026-08-03 14:40:00,2230.949725339896,STOP_LOSS,-58.491760196875475,206.748,-265.23976019687547,7.0,2026-08
SILVER,LONG,2026-08-03 14:41:00,2231.0,2229.044359877142,2236.8669203685736,SHA_FLIP,2026-08-03 14:51:00,2229.044359877142,STOP_LOSS,-58.66920368573574,206.772,-265.44120368573573,10.0,2026-08
SILVER,LONG,2026-08-03 15:13:00,2230.0,2227.193512176301,2238.4194634710975,SHA_FLIP,2026-08-03 15:32:00,2227.193512176301,STOP_LOSS,-84.19463471097515,206.76,-290.95463471097514,19.0,2026-08
CRUDEOIL,LONG,2026-08-03 15:21:00,7324.0,7314.794055495817,7360.823778016733,SHA_FLIP,2026-08-03 15:41:00,7314.794055495817,STOP_LOSS,-920.5944504183208,692.96,-1613.5544504183208,20.0,2026-08
SILVER,LONG,2026-08-03 15:40:00,2230.0,2227.065831911501,2238.802504265497,SHA_FLIP,2026-08-03 15:57:00,2227.065831911501,STOP_LOSS,-88.02504265497191,206.76,-294.7850426549719,17.0,2026-08
CRUDEOIL,SHORT,2026-08-03 15:42:00,7308.0,7321.168257672721,7255.326969309117,SHA_FLIP,2026-08-03 15:57:00,7321.168257672721,STOP_LOSS,-1316.8257672720756,692.3199999999999,-2009.1457672720755,15.0,2026-08
CRUDEOIL,LONG,2026-08-03 15:58:00,7330.0,7320.921503168428,7366.313987326288,SHA_FLIP,2026-08-03 16:11:00,7320.921503168428,STOP_LOSS,-907.8496831572011,693.2,-1601.0496831572011,13.0,2026-08
CRUDEOIL,SHORT,2026-08-03 16:11:00,7308.0,7317.421999174477,7270.312003302093,SHA_FLIP,2026-08-03 16:22:00,7317.421999174477,STOP_LOSS,-942.1999174476696,692.3199999999999,-1634.5199174476695,11.0,2026-08
CRUDEOIL,LONG,2026-08-03 16:24:00,7325.0,7318.027930867015,7352.8882765319395,SHA_FLIP,2026-08-03 17:14:00,7318.027930867015,STOP_LOSS,-697.206913298487,693.0,-1390.206913298487,50.0,2026-08
SILVER,SHORT,2026-08-03 16:47:00,2225.0,2227.5506958906253,2217.347912328124,SHA_FLIP,2026-08-03 17:20:00,2227.5506958906253,STOP_LOSS,-76.52087671875961,206.7,-283.2208767187596,33.0,2026-08
CRUDEOIL,SHORT,2026-08-03 17:15:00,7312.0,7319.622947015044,7281.508211939825,SHA_FLIP,2026-08-03 17:28:00,7281.508211939825,TAKE_PROFIT,3049.1788060175168,692.48,2356.6988060175167,13.0,2026-08
CRUDEOIL,SHORT,2026-08-03 18:03:00,7270.0,7282.6904256048,7219.2382975808,SHA_FLIP,2026-08-03 18:18:00,7282.6904256048,STOP_LOSS,-1269.0425604800112,690.8,-1959.8425604800111,15.0,2026-08
CRUDEOIL,LONG,2026-08-03 18:19:00,7283.0,7265.296621107578,7353.813515569687,SHA_FLIP,2026-08-03 18:27:00,7265.296621107578,STOP_LOSS,-1770.3378892421824,691.3199999999999,-2461.657889242182,8.0,2026-08
CRUDEOIL,SHORT,2026-08-03 19:02:00,7261.0,7277.106776324026,7196.572894703895,SHA_FLIP,2026-08-03 19:43:00,7277.106776324026,STOP_LOSS,-1610.6776324026214,690.44,-2301.1176324026214,41.0,2026-08
CRUDEOIL,LONG,2026-08-03 20:01:00,7300.0,7283.010327974193,7367.958688103226,SHA_FLIP,2026-08-03 21:57:00,7283.010327974193,STOP_LOSS,-1698.9672025806613,692.0,-2390.9672025806613,116.0,2026-08
SILVER,SHORT,2026-08-03 18:32:00,2208.0,2217.785732921657,2178.6428012350284,SHA_FLIP,2026-08-03 22:21:00,2217.785732921657,STOP_LOSS,-293.571987649716,206.496,-500.067987649716,229.0,2026-08
CRUDEOIL,LONG,2026-08-03 22:04:00,7306.0,7290.3922658259435,7368.430936696226,SHA_FLIP,2026-08-03 22:28:00,7290.3922658259435,STOP_LOSS,-1560.7734174056532,692.24,-2253.013417405653,24.0,2026-08
SILVER,LONG,2026-08-03 22:30:00,2217.0,2215.0572163365496,2222.8283509903513,SHA_FLIP,2026-08-03 22:34:00,2215.0572163365496,STOP_LOSS,-58.28350990351282,206.604,-264.88750990351286,4.0,2026-08
CRUDEOIL,LONG,2026-08-03 22:35:00,7305.0,7297.701578139877,7334.193687440493,SHA_FLIP,2026-08-03 23:00:00,7297.701578139877,STOP_LOSS,-729.8421860123199,692.2,-1422.04218601232,25.0,2026-08
SILVER,LONG,2026-08-03 23:06:00,2218.0,2215.1000440545827,2226.699867836252,SHA_FLIP,2026-08-03 23:20:00,2215.1000440545827,STOP_LOSS,-86.99867836251997,206.61599999999999,-293.61467836251995,14.0,2026-08
CRUDEOIL,LONG,2026-08-03 23:25:00,7300.0,7292.518067275781,7329.927730896878,SHA_FLIP,2026-08-03 23:29:00,7292.518067275781,STOP_LOSS,-748.1932724219405,692.0,-1440.1932724219405,4.0,2026-08
GOLD,SHORT,2026-08-03 18:32:00,115700.0,115813.55272642826,115245.78909428697,SHA_FLIP,2026-08-04 09:00:00,115958.0,SESSION_END,-25800.0,5028.0,-30828.0,868.0,2026-08
CRUDEOIL,LONG,2026-08-04 09:33:00,7384.0,7378.860957407501,7404.556170369997,SHA_FLIP,2026-08-04 09:36:00,7378.860957407501,STOP_LOSS,-513.9042592499209,695.36,-1209.264259249921,3.0,2026-08
CRUDEOIL,LONG,2026-08-04 09:45:00,7388.0,7382.342587168081,7410.629651327676,SHA_FLIP,2026-08-04 09:55:00,7382.342587168081,STOP_LOSS,-565.7412831918919,695.52,-1261.2612831918918,10.0,2026-08
SILVER,LONG,2026-08-04 09:49:00,2229.0,2227.049381247158,2234.8518562585255,SHA_FLIP,2026-08-04 09:56:00,2227.049381247158,STOP_LOSS,-58.518562585254585,206.748,-265.2665625852546,7.0,2026-08
CRUDEOIL,SHORT,2026-08-04 09:56:00,7369.0,7378.278837462573,7331.884650149706,SHA_FLIP,2026-08-04 10:13:00,7378.278837462573,STOP_LOSS,-927.8837462573392,694.76,-1622.6437462573392,17.0,2026-08
CRUDEOIL,LONG,2026-08-04 11:19:00,7400.0,7397.003568731423,7411.985725074308,SHA_FLIP,2026-08-04 11:26:00,7397.003568731423,STOP_LOSS,-299.6431268576998,696.0,-995.6431268576998,7.0,2026-08
CRUDEOIL,SHORT,2026-08-04 11:26:00,7370.0,7383.100446600578,7317.598213597688,SHA_FLIP,2026-08-04 12:58:00,7383.100446600578,STOP_LOSS,-1310.0446600577925,694.8,-2004.8446600577925,92.0,2026-08
CRUDEOIL,LONG,2026-08-04 13:18:00,7379.0,7372.3307915657215,7405.676833737114,SHA_FLIP,2026-08-04 13:31:00,7372.3307915657215,STOP_LOSS,-666.9208434278517,695.1600000000001,-1362.0808434278517,13.0,2026-08
CRUDEOIL,SHORT,2026-08-04 13:31:00,7354.0,7365.037890419238,7309.84843832305,SHA_FLIP,2026-08-04 13:38:00,7365.037890419238,STOP_LOSS,-1103.7890419237556,694.1600000000001,-1797.9490419237557,7.0,2026-08
CRUDEOIL,LONG,2026-08-04 13:40:00,7390.0,7376.799340567513,7442.802637729947,SHA_FLIP,2026-08-04 14:13:00,7442.802637729947,TAKE_PROFIT,5280.263772994658,695.6,4584.663772994658,33.0,2026-08
CRUDEOIL,LONG,2026-08-04 14:57:00,7472.0,7466.471404070046,7494.114383719814,SHA_FLIP,2026-08-04 14:58:00,7466.471404070046,STOP_LOSS,-552.8595929953553,698.88,-1251.7395929953555,1.0,2026-08
CRUDEOIL,LONG,2026-08-04 15:16:00,7473.0,7460.149030726913,7524.403877092347,SHA_FLIP,2026-08-04 15:35:00,7460.149030726913,STOP_LOSS,-1285.0969273086776,698.9200000000001,-1984.0169273086776,19.0,2026-08
CRUDEOIL,SHORT,2026-08-04 15:36:00,7450.0,7461.656759744933,7403.372961020268,SHA_FLIP,2026-08-04 15:50:00,7461.656759744933,STOP_LOSS,-1165.675974493297,698.0,-1863.675974493297,14.0,2026-08
CRUDEOIL,SHORT,2026-08-04 16:04:00,7449.0,7458.520193335856,7410.919226656577,SHA_FLIP,2026-08-04 16:15:00,7410.919226656577,TAKE_PROFIT,3808.077334342306,697.96,3110.117334342306,11.0,2026-08
SILVER,LONG,2026-08-04 10:00:00,2231.0,2224.452068507186,2250.6437944784416,SHA_FLIP,2026-08-04 18:00:00,2250.6437944784416,TAKE_PROFIT,589.3138343532473,206.772,382.54183435324734,480.0,2026-08
GOLD,SHORT,2026-08-04 17:32:00,116110.0,116259.16674809408,115513.33300762367,SHA_FLIP,2026-08-04 18:01:00,116259.16674809408,STOP_LOSS,-14916.674809408141,5044.400000000001,-19961.074809408143,29.0,2026-08
CRUDEOIL,SHORT,2026-08-04 18:03:00,7171.0,7188.484267766255,7101.062928934982,SHA_FLIP,2026-08-04 18:11:00,7188.484267766255,STOP_LOSS,-1748.4267766254561,686.84,-2435.2667766254563,8.0,2026-08
CRUDEOIL,SHORT,2026-08-04 18:21:00,7164.0,7176.1077147684855,7115.569140926058,SHA_FLIP,2026-08-04 18:30:00,7176.1077147684855,STOP_LOSS,-1210.7714768485494,686.56,-1897.3314768485493,9.0,2026-08
SILVER,LONG,2026-08-04 18:23:00,2250.0,2247.1020830185776,2258.6937509442673,SHA_FLIP,2026-08-04 18:30:00,2247.1020830185776,STOP_LOSS,-86.93750944267322,207.0,-293.9375094426732,7.0,2026-08
CRUDEOIL,SHORT,2026-08-04 18:37:00,7166.0,7176.626382721273,7123.494469114907,SHA_FLIP,2026-08-04 18:38:00,7176.626382721273,STOP_LOSS,-1062.638272127333,686.64,-1749.278272127333,1.0,2026-08
CRUDEOIL,LONG,2026-08-04 18:38:00,7180.0,7165.190468308229,7239.238126767083,SHA_FLIP,2026-08-04 18:49:00,7165.190468308229,STOP_LOSS,-1480.9531691770644,687.2,-2168.1531691770642,11.0,2026-08
SILVER,SHORT,2026-08-04 18:31:00,2246.0,2249.867739230524,2234.396782308428,SHA_FLIP,2026-08-04 19:04:00,2249.867739230524,STOP_LOSS,-116.03217691571899,206.952,-322.984176915719,33.0,2026-08
GOLD,LONG,2026-08-04 19:20:00,116334.0,116251.75980911298,116662.9607635481,SHA_FLIP,2026-08-04 19:27:00,116251.75980911298,STOP_LOSS,-8224.019088702335,5053.360000000001,-13277.379088702335,7.0,2026-08
SILVER,LONG,2026-08-04 19:22:00,2248.0,2244.4701855718863,2258.589443284341,SHA_FLIP,2026-08-04 19:47:00,2244.4701855718863,STOP_LOSS,-105.89443284341087,206.976,-312.87043284341087,25.0,2026-08
GOLD,LONG,2026-08-04 19:30:00,116317.0,116242.25843517901,116615.96625928394,SHA_FLIP,2026-08-04 19:52:00,116242.25843517901,STOP_LOSS,-7474.156482098624,5052.68,-12526.836482098624,22.0,2026-08
GOLD,SHORT,2026-08-04 19:52:00,116179.0,116239.88290690913,115935.46837236348,SHA_FLIP,2026-08-04 20:21:00,116239.88290690913,STOP_LOSS,-6088.2906909129815,5047.16,-11135.450690912981,29.0,2026-08
GOLD,LONG,2026-08-04 20:21:00,116256.0,116191.4466161446,116514.21353542159,SHA_FLIP,2026-08-04 20:24:00,116191.4466161446,STOP_LOSS,-6455.338385539653,5050.24,-11505.578385539653,3.0,2026-08
CRUDEOIL,SHORT,2026-08-04 18:50:00,7130.0,7157.576296037216,7019.694815851137,SHA_FLIP,2026-08-04 21:08:00,7019.694815851137,TAKE_PROFIT,11030.518414886319,685.2,10345.318414886318,138.0,2026-08
SILVER,SHORT,2026-08-04 19:48:00,2245.0,2248.858768423741,2233.4236947287773,SHA_FLIP,2026-08-04 21:27:00,2248.858768423741,STOP_LOSS,-115.76305271222736,206.94,-322.70305271222736,99.0,2026-08
GOLD,LONG,2026-08-04 21:32:00,116299.0,116259.7527256164,116455.98909753439,SHA_FLIP,2026-08-04 21:35:00,116259.7527256164,STOP_LOSS,-3924.727438359696,5051.96,-8976.687438359695,3.0,2026-08
GOLD,LONG,2026-08-04 21:58:00,116252.0,116204.45143515251,116442.19425938994,SHA_FLIP,2026-08-04 22:08:00,116204.45143515251,STOP_LOSS,-4754.856484748598,5050.08,-9804.936484748598,10.0,2026-08
GOLD,SHORT,2026-08-04 22:10:00,116136.0,116219.75414811316,115800.98340754735,SHA_FLIP,2026-08-04 22:16:00,116219.75414811316,STOP_LOSS,-8375.414811316296,5045.4400000000005,-13420.854811316296,6.0,2026-08
CRUDEOIL,LONG,2026-08-04 22:03:00,7040.0,7030.045597414925,7079.817610340298,SHA_FLIP,2026-08-04 22:41:00,7030.045597414925,STOP_LOSS,-995.4402585074604,681.6,-1677.0402585074603,38.0,2026-08
GOLD,LONG,2026-08-04 22:19:00,116252.0,116170.5570834065,116577.771666374,SHA_FLIP,2026-08-04 23:29:00,116170.5570834065,STOP_LOSS,-8144.291659349983,5050.08,-13194.371659349983,70.0,2026-08
CRUDEOIL,SHORT,2026-08-04 23:02:00,7009.0,7027.123003122443,6936.507987510227,SHA_FLIP,2026-08-04 23:29:00,7027.123003122443,STOP_LOSS,-1812.3003122443151,680.36,-2492.6603122443153,27.0,2026-08
SILVER,LONG,2026-08-04 21:52:00,2247.0,2244.108715869915,2255.6738523902545,SHA_FLIP,2026-08-05 09:00:00,2265.0,SESSION_END,540.0,206.964,333.036,668.0,2026-08
SILVER,LONG,2026-08-05 09:51:00,2271.0,2267.1108471123644,2282.667458662907,SHA_FLIP,2026-08-05 10:02:00,2267.1108471123644,STOP_LOSS,-116.67458662906938,207.252,-323.9265866290694,11.0,2026-08
CRUDEOIL,LONG,2026-08-05 10:08:00,6982.0,6974.138365288949,7013.446538844204,SHA_FLIP,2026-08-05 10:35:00,7013.446538844204,TAKE_PROFIT,3144.653884420404,679.28,2465.3738844204045,27.0,2026-08
CRUDEOIL,LONG,2026-08-05 11:34:00,7009.0,6993.370502081346,7071.5179916746165,SHA_FLIP,2026-08-05 12:58:00,7071.5179916746165,TAKE_PROFIT,6251.79916746165,680.36,5571.43916746165,84.0,2026-08
CRUDEOIL,LONG,2026-08-05 13:42:00,7095.0,7074.462319625675,7177.150721497299,SHA_FLIP,2026-08-05 14:46:00,7074.462319625675,STOP_LOSS,-2053.7680374324736,683.8,-2737.568037432474,64.0,2026-08
SILVER,LONG,2026-08-05 11:40:00,2284.0,2279.1835663137354,2298.449301058794,SHA_FLIP,2026-08-05 15:43:00,2279.1835663137354,STOP_LOSS,-144.49301058793935,207.40800000000002,-351.90101058793937,243.0,2026-08
CRUDEOIL,LONG,2026-08-05 15:56:00,7127.0,7117.713212882109,7164.147148471566,SHA_FLIP,2026-08-05 16:04:00,7117.713212882109,STOP_LOSS,-928.6787117891436,685.08,-1613.7587117891435,8.0,2026-08
SILVER,SHORT,2026-08-05 15:57:00,2281.0,2285.879244931992,2266.3622652040235,SHA_FLIP,2026-08-05 16:33:00,2285.879244931992,STOP_LOSS,-146.37734795976485,207.372,-353.74934795976486,36.0,2026-08
SILVER,LONG,2026-08-05 16:57:00,2289.0,2286.062054773945,2297.813835678165,SHA_FLIP,2026-08-05 17:46:00,2297.813835678165,TAKE_PROFIT,264.41507034495316,207.468,56.947070344953175,49.0,2026-08
SILVER,SHORT,2026-08-05 18:44:00,2291.0,2295.8801512285745,2276.3595463142765,SHA_FLIP,2026-08-05 18:52:00,2295.8801512285745,STOP_LOSS,-146.40453685723514,207.492,-353.8965368572351,8.0,2026-08
CRUDEOIL,SHORT,2026-08-05 16:05:00,7093.0,7107.478535752804,7035.085856988782,SHA_FLIP,2026-08-05 19:09:00,7035.085856988782,TAKE_PROFIT,5791.4143011217675,683.72,5107.694301121767,184.0,2026-08
GOLD,LONG,2026-08-05 18:52:00,118271.0,118102.23837344776,118946.04650620895,SHA_FLIP,2026-08-05 19:15:00,118102.23837344776,STOP_LOSS,-16876.162655223743,5130.84,-22007.002655223743,23.0,2026-08
SILVER,SHORT,2026-08-05 19:07:00,2291.0,2296.871162813418,2273.3865115597464,SHA_FLIP,2026-08-05 19:22:00,2296.871162813418,STOP_LOSS,-176.13488440253604,207.492,-383.626884402536,15.0,2026-08
CRUDEOIL,SHORT,2026-08-05 19:35:00,6998.0,7017.5576228178925,6919.76950872843,SHA_FLIP,2026-08-05 20:45:00,7017.5576228178925,STOP_LOSS,-1955.762281789248,679.9200000000001,-2635.682281789248,70.0,2026-08
CRUDEOIL,SHORT,2026-08-05 21:00:00,6973.0,6996.852089177377,6877.591643290492,SHA_FLIP,2026-08-05 21:13:00,6996.852089177377,STOP_LOSS,-2385.208917737691,678.9200000000001,-3064.128917737691,13.0,2026-08
SILVER,LONG,2026-08-05 19:23:00,2299.0,2291.166412638891,2322.500762083327,SHA_FLIP,2026-08-05 21:27:00,2291.166412638891,STOP_LOSS,-235.00762083327118,207.588,-442.59562083327114,124.0,2026-08
GOLD,LONG,2026-08-05 20:14:00,118908.0,118773.8915591832,119444.43376326718,SHA_FLIP,2026-08-05 21:30:00,118773.8915591832,STOP_LOSS,-13410.844081679534,5156.320000000001,-18567.164081679533,76.0,2026-08
CRUDEOIL,LONG,2026-08-05 21:49:00,7030.0,7014.473054850221,7092.107780599115,SHA_FLIP,2026-08-05 22:12:00,7014.473054850221,STOP_LOSS,-1552.694514977884,681.2,-2233.894514977884,23.0,2026-08
SILVER,LONG,2026-08-05 22:09:00,2298.0,2296.0610368005155,2303.8168895984536,SHA_FLIP,2026-08-05 22:15:00,2296.0610368005155,STOP_LOSS,-58.16889598453599,207.576,-265.744895984536,6.0,2026-08
CRUDEOIL,SHORT,2026-08-05 22:13:00,7005.0,7016.962827244039,6957.1486910238455,SHA_FLIP,2026-08-05 22:48:00,6957.1486910238455,TAKE_PROFIT,4785.130897615454,680.2,4104.930897615454,35.0,2026-08
SILVER,SHORT,2026-08-05 22:50:00,2293.0,2296.9271818875222,2281.2184543374333,SHA_FLIP,2026-08-05 23:00:00,2296.9271818875222,STOP_LOSS,-117.81545662566714,207.516,-325.3314566256671,10.0,2026-08
CRUDEOIL,SHORT,2026-08-05 23:18:00,6958.0,6965.655753835369,6927.376984658524,SHA_FLIP,2026-08-05 23:20:00,6965.655753835369,STOP_LOSS,-765.5753835369069,678.3199999999999,-1443.8953835369068,2.0,2026-08
CRUDEOIL,LONG,2026-08-05 23:20:00,6980.0,6965.449678230323,7038.2012870787075,SHA_FLIP,2026-08-05 23:25:00,6965.449678230323,STOP_LOSS,-1455.0321769676884,679.2,-2134.2321769676882,5.0,2026-08
SILVER,LONG,2026-08-05 23:09:00,2297.0,2293.8900294560412,2306.3299116318763,SHA_FLIP,2026-08-06 09:00:00,2292.0,SESSION_END,-150.0,207.564,-357.56399999999996,591.0,2026-08
GOLD,LONG,2026-08-05 22:06:00,119033.0,118915.25608813882,119503.97564744472,SHA_FLIP,2026-08-06 09:00:00,119450.0,SESSION_END,41700.0,5161.320000000001,36538.68,654.0,2026-08
SILVER,LONG,2026-08-06 09:52:00,2308.0,2303.1218986546655,2322.6343040360034,SHA_FLIP,2026-08-06 09:56:00,2303.1218986546655,STOP_LOSS,-146.34304036003414,207.696,-354.03904036003416,4.0,2026-08
CRUDEOIL,SHORT,2026-08-06 09:55:00,6988.0,6990.782254167178,6976.87098333129,SHA_FLIP,2026-08-06 10:12:00,6990.782254167178,STOP_LOSS,-278.2254167177598,679.52,-957.7454167177598,17.0,2026-08
CRUDEOIL,LONG,2026-08-06 10:13:00,6993.0,6989.693483560233,7006.226065759067,SHA_FLIP,2026-08-06 10:36:00,6989.693483560233,STOP_LOSS,-330.65164397667104,679.72,-1010.3716439766711,23.0,2026-08
CRUDEOIL,SHORT,2026-08-06 10:46:00,6981.0,6993.801904525361,6929.792381898555,SHA_FLIP,2026-08-06 11:07:00,6993.801904525361,STOP_LOSS,-1280.1904525361351,679.24,-1959.4304525361351,21.0,2026-08
CRUDEOIL,LONG,2026-08-06 11:07:00,7005.0,6996.232405660837,7040.070377356653,SHA_FLIP,2026-08-06 11:44:00,7040.070377356653,TAKE_PROFIT,3507.03773566529,680.2,2826.83773566529,37.0,2026-08
CRUDEOIL,LONG,2026-08-06 12:07:00,7060.0,7049.942259412749,7100.230962349004,SHA_FLIP,2026-08-06 12:29:00,7049.942259412749,STOP_LOSS,-1005.7740587250919,682.4000000000001,-1688.174058725092,22.0,2026-08
SILVER,SHORT,2026-08-06 12:22:00,2290.0,2294.8340649151864,2275.4978052544407,SHA_FLIP,2026-08-06 12:37:00,2294.8340649151864,STOP_LOSS,-145.02194745559336,207.48,-352.5019474555934,15.0,2026-08
SILVER,LONG,2026-08-06 13:06:00,2298.0,2296.0502596300107,2303.849221109968,SHA_FLIP,2026-08-06 13:07:00,2296.0502596300107,STOP_LOSS,-58.49221109967857,207.576,-266.0682110996786,1.0,2026-08
CRUDEOIL,LONG,2026-08-06 13:09:00,7049.0,7041.35366944661,7079.585322213559,SHA_FLIP,2026-08-06 13:12:00,7041.35366944661,STOP_LOSS,-764.6330553389816,681.96,-1446.5930553389817,3.0,2026-08
SILVER,SHORT,2026-08-06 13:07:00,2294.0,2297.9031083206573,2282.290675038028,SHA_FLIP,2026-08-06 13:26:00,2297.9031083206573,STOP_LOSS,-117.09324961972015,207.528,-324.6212496197202,19.0,2026-08
CRUDEOIL,LONG,2026-08-06 13:43:00,7050.0,7043.874744437624,7074.501022249504,SHA_FLIP,2026-08-06 13:58:00,7043.874744437624,STOP_LOSS,-612.5255562375969,682.0,-1294.525556237597,15.0,2026-08
SILVER,LONG,2026-08-06 14:02:00,2297.0,2296.03238162436,2299.9028551269203,SHA_FLIP,2026-08-06 14:22:00,2299.9028551269203,TAKE_PROFIT,87.08565380760774,207.564,-120.47834619239225,20.0,2026-08
SILVER,LONG,2026-08-06 14:23:00,2300.0,2297.5895829238643,2307.231251228407,SHA_FLIP,2026-08-06 14:32:00,2307.231251228407,TAKE_PROFIT,216.93753685221054,207.6,9.337536852210548,9.0,2026-08
CRUDEOIL,SHORT,2026-08-06 13:59:00,7021.0,7045.670117699968,6922.319529200129,SHA_FLIP,2026-08-06 15:11:00,7045.670117699968,STOP_LOSS,-2467.0117699967705,680.84,-3147.8517699967706,72.0,2026-08
SILVER,LONG,2026-08-06 14:46:00,2305.0,2300.112804621869,2319.6615861343926,SHA_FLIP,2026-08-06 15:14:00,2300.112804621869,STOP_LOSS,-146.61586134392564,207.66,-354.2758613439256,28.0,2026-08
SILVER,SHORT,2026-08-06 15:35:00,2299.0,2301.932960652712,2290.2011180418635,SHA_FLIP,2026-08-06 15:55:00,2301.932960652712,STOP_LOSS,-87.98881958136462,207.588,-295.5768195813646,20.0,2026-08
CRUDEOIL,LONG,2026-08-06 16:23:00,7080.0,7074.886220877854,7100.455116488585,SHA_FLIP,2026-08-06 16:25:00,7074.886220877854,STOP_LOSS,-511.37791221462976,683.2,-1194.5779122146298,2.0,2026-08
CRUDEOIL,LONG,2026-08-06 16:55:00,7078.0,7074.815537144161,7090.737851423357,SHA_FLIP,2026-08-06 17:09:00,7074.815537144161,STOP_LOSS,-318.4462855839229,683.12,-1001.5662855839229,14.0,2026-08
CRUDEOIL,SHORT,2026-08-06 17:09:00,7059.0,7066.691751990766,7028.2329920369375,SHA_FLIP,2026-08-06 17:22:00,7066.691751990766,STOP_LOSS,-769.1751990765624,682.36,-1451.5351990765625,13.0,2026-08
CRUDEOIL,LONG,2026-08-06 17:23:00,7088.0,7076.535913424594,7133.856346301625,SHA_FLIP,2026-08-06 17:27:00,7076.535913424594,STOP_LOSS,-1146.4086575406327,683.52,-1829.9286575406327,4.0,2026-08
CRUDEOIL,SHORT,2026-08-06 17:31:00,7065.0,7076.3758182410775,7019.49672703569,SHA_FLIP,2026-08-06 17:32:00,7076.3758182410775,STOP_LOSS,-1137.5818241077468,682.6,-1820.1818241077467,1.0,2026-08
GOLD,SHORT,2026-08-06 17:39:00,119979.0,120062.29554886624,119645.81780453504,SHA_FLIP,2026-08-06 18:01:00,120062.29554886624,STOP_LOSS,-8329.5548866241,5199.16,-13528.7148866241,22.0,2026-08
GOLD,LONG,2026-08-06 18:01:00,120120.0,119972.81025418991,120708.75898324035,SHA_FLIP,2026-08-06 18:17:00,119972.81025418991,STOP_LOSS,-14718.97458100866,5204.8,-19923.77458100866,16.0,2026-08
SILVER,SHORT,2026-08-06 16:11:00,2298.0,2300.930279388499,2289.209161834503,SHA_FLIP,2026-08-06 18:20:00,2289.209161834503,TAKE_PROFIT,263.7251449649102,207.576,56.14914496491022,129.0,2026-08
CRUDEOIL,LONG,2026-08-06 17:33:00,7077.0,7064.295496521146,7127.818013915417,SHA_FLIP,2026-08-06 18:38:00,7127.818013915417,TAKE_PROFIT,5081.80139154174,683.08,4398.72139154174,65.0,2026-08
SILVER,SHORT,2026-08-06 18:55:00,2282.0,2287.823091985422,2264.5307240437346,SHA_FLIP,2026-08-06 19:03:00,2287.823091985422,STOP_LOSS,-174.69275956265392,207.38400000000001,-382.07675956265393,8.0,2026-08
CRUDEOIL,SHORT,2026-08-06 19:23:00,7090.0,7098.003383121754,7057.986467512983,SHA_FLIP,2026-08-06 19:30:00,7098.003383121754,STOP_LOSS,-800.3383121754268,683.6,-1483.9383121754267,7.0,2026-08
SILVER,LONG,2026-08-06 19:25:00,2290.0,2286.908343445597,2299.274969663209,SHA_FLIP,2026-08-06 19:56:00,2286.908343445597,STOP_LOSS,-92.74969663209049,207.48,-300.2296966320905,31.0,2026-08
GOLD,SHORT,2026-08-06 19:47:00,119835.0,119981.41253270679,119249.34986917285,SHA_FLIP,2026-08-06 20:00:00,119981.41253270679,STOP_LOSS,-14641.253270678862,5193.400000000001,-19834.653270678864,13.0,2026-08
GOLD,LONG,2026-08-06 20:01:00,119994.0,119876.43044932079,120464.27820271684,SHA_FLIP,2026-08-06 20:19:00,119876.43044932079,STOP_LOSS,-11756.95506792108,5199.76,-16956.715067921083,18.0,2026-08
GOLD,SHORT,2026-08-06 20:19:00,119798.0,119944.58458918828,119211.66164324689,SHA_FLIP,2026-08-06 20:25:00,119944.58458918828,STOP_LOSS,-14658.458918827819,5191.92,-19850.378918827817,6.0,2026-08
SILVER,LONG,2026-08-06 20:29:00,2292.0,2289.1050827426466,2300.6847517720603,SHA_FLIP,2026-08-06 20:44:00,2289.1050827426466,STOP_LOSS,-86.84751772060281,207.504,-294.3515177206028,15.0,2026-08
CRUDEOIL,LONG,2026-08-06 20:45:00,7140.0,7131.1617216954955,7175.353113218018,SHA_FLIP,2026-08-06 21:23:00,7175.353113218018,TAKE_PROFIT,3535.3113218017825,685.6,2849.7113218017826,38.0,2026-08
GOLD,SHORT,2026-08-06 20:39:00,119764.0,119877.01778323138,119311.92886707449,SHA_FLIP,2026-08-06 21:25:00,119311.92886707449,TAKE_PROFIT,45207.11329255137,5190.56,40016.55329255137,46.0,2026-08
SILVER,SHORT,2026-08-06 21:22:00,2285.0,2287.9017772767274,2276.2946681698177,SHA_FLIP,2026-08-06 22:25:00,2287.9017772767274,STOP_LOSS,-87.05331830182331,207.42000000000002,-294.4733183018233,63.0,2026-08
GOLD,SHORT,2026-08-06 21:44:00,119358.0,119550.53069655586,118587.87721377658,SHA_FLIP,2026-08-06 22:27:00,119550.53069655586,STOP_LOSS,-19253.06965558557,5174.320000000001,-24427.389655585568,43.0,2026-08
GOLD,SHORT,2026-08-06 23:12:00,119468.0,119521.77627269356,119252.89490922575,SHA_FLIP,2026-08-06 23:24:00,119521.77627269356,STOP_LOSS,-5377.627269356162,5178.72,-10556.347269356163,12.0,2026-08
CRUDEOIL,LONG,2026-08-06 21:23:00,7186.0,7168.034075912548,7257.863696349807,SHA_FLIP,2026-08-07 09:00:00,7280.0,SESSION_END,9400.0,687.44,8712.56,697.0,2026-08
SILVER,LONG,2026-08-06 22:47:00,2288.0,2284.4757274076164,2298.5728177771507,SHA_FLIP,2026-08-07 09:00:00,2303.0,SESSION_END,450.0,207.45600000000002,242.54399999999998,613.0,2026-08
CRUDEOIL,LONG,2026-08-07 09:28:00,7267.0,7257.984881952431,7303.060472190275,SHA_FLIP,2026-08-07 09:55:00,7303.060472190275,TAKE_PROFIT,3606.0472190274595,690.6800000000001,2915.367219027459,27.0,2026-08
CRUDEOIL,SHORT,2026-08-07 10:57:00,7277.0,7280.566197873702,7262.735208505193,SHA_FLIP,2026-08-07 11:03:00,7280.566197873702,STOP_LOSS,-356.619787370164,691.08,-1047.699787370164,6.0,2026-08
CRUDEOIL,SHORT,2026-08-07 11:21:00,7270.0,7276.347858956546,7244.608564173817,SHA_FLIP,2026-08-07 11:36:00,7244.608564173817,TAKE_PROFIT,2539.1435826182715,690.8,1848.3435826182715,15.0,2026-08
SILVER,LONG,2026-08-07 10:02:00,2310.0,2304.130135586524,2327.6095932404282,SHA_FLIP,2026-08-07 11:44:00,2327.6095932404282,TAKE_PROFIT,528.2877972128472,207.72,320.56779721284715,102.0,2026-08
CRUDEOIL,LONG,2026-08-07 12:41:00,7256.0,7252.82757924614,7268.68968301544,SHA_FLIP,2026-08-07 12:42:00,7252.82757924614,STOP_LOSS,-317.2420753860024,690.24,-1007.4820753860024,1.0,2026-08
CRUDEOIL,SHORT,2026-08-07 12:42:00,7240.0,7249.149431320012,7203.402274719952,SHA_FLIP,2026-08-07 13:21:00,7249.149431320012,STOP_LOSS,-914.94313200119,689.6,-1604.5431320011899,39.0,2026-08
SILVER,LONG,2026-08-07 12:04:00,2332.0,2325.6667718798976,2350.999684360307,SHA_FLIP,2026-08-07 13:42:00,2350.999684360307,TAKE_PROFIT,569.9905308092139,207.984,362.0065308092138,98.0,2026-08
CRUDEOIL,SHORT,2026-08-07 14:05:00,7220.0,7229.146855304008,7183.412578783969,SHA_FLIP,2026-08-07 14:15:00,7229.146855304008,STOP_LOSS,-914.6855304007659,688.8,-1603.4855304007658,10.0,2026-08
CRUDEOIL,LONG,2026-08-07 14:16:00,7241.0,7231.8248445676,7277.7006217296,SHA_FLIP,2026-08-07 14:25:00,7231.8248445676,STOP_LOSS,-917.5155432400061,689.64,-1607.155543240006,9.0,2026-08
CRUDEOIL,SHORT,2026-08-07 14:26:00,7220.0,7229.473483453675,7182.106066185301,SHA_FLIP,2026-08-07 15:07:00,7182.106066185301,TAKE_PROFIT,3789.3933814699267,688.8,3100.5933814699265,41.0,2026-08
CRUDEOIL,SHORT,2026-08-07 15:30:00,7170.0,7177.424181395471,7140.303274418115,SHA_FLIP,2026-08-07 15:37:00,7177.424181395471,STOP_LOSS,-742.4181395471351,686.8,-1429.218139547135,7.0,2026-08
CRUDEOIL,SHORT,2026-08-07 15:44:00,7165.0,7173.573325140996,7130.7066994360175,SHA_FLIP,2026-08-07 15:46:00,7173.573325140996,STOP_LOSS,-857.3325140995621,686.6,-1543.932514099562,2.0,2026-08
CRUDEOIL,LONG,2026-08-07 15:47:00,7189.0,7175.099082863772,7244.603668544911,SHA_FLIP,2026-08-07 15:48:00,7175.099082863772,STOP_LOSS,-1390.091713622769,687.56,-2077.651713622769,1.0,2026-08
CRUDEOIL,SHORT,2026-08-07 15:49:00,7170.0,7188.382628889478,7096.469484442088,SHA_FLIP,2026-08-07 15:57:00,7188.382628889478,STOP_LOSS,-1838.2628889477928,686.8,-2525.062888947793,8.0,2026-08
CRUDEOIL,LONG,2026-08-07 15:57:00,7189.0,7176.517389435487,7238.9304422580535,SHA_FLIP,2026-08-07 16:00:00,7176.517389435487,STOP_LOSS,-1248.261056451338,687.56,-1935.8210564513379,3.0,2026-08
SILVER,LONG,2026-08-07 14:01:00,2352.0,2345.7944706932417,2370.616587920275,SHA_FLIP,2026-08-07 16:46:00,2345.7944706932417,STOP_LOSS,-186.16587920274924,208.224,-394.3898792027492,165.0,2026-08
CRUDEOIL,SHORT,2026-08-07 16:02:00,7168.0,7180.412649776895,7118.349400892421,SHA_FLIP,2026-08-07 17:57:00,7180.412649776895,STOP_LOSS,-1241.2649776894796,686.72,-1927.9849776894796,115.0,2026-08
SILVER,SHORT,2026-08-07 17:08:00,2348.0,2352.8459566837664,2333.4621299487007,SHA_FLIP,2026-08-07 18:00:00,2352.8459566837664,STOP_LOSS,-145.3787005129925,208.176,-353.5547005129925,52.0,2026-08
GOLD,SHORT,2026-08-07 17:45:00,121100.0,121230.78647787447,120576.85408850212,SHA_FLIP,2026-08-07 18:00:00,121230.78647787447,STOP_LOSS,-13078.647787446971,5244.0,-18322.64778744697,15.0,2026-08
SILVER,LONG,2026-08-07 18:00:00,2362.0,2344.407748059639,2414.7767558210835,SHA_FLIP,2026-08-07 19:34:00,2344.407748059639,STOP_LOSS,-527.767558210835,208.344,-736.111558210835,94.0,2026-08
CRUDEOIL,LONG,2026-08-07 18:51:00,7150.0,7133.60271409846,7215.589143606161,SHA_FLIP,2026-08-07 19:36:00,7215.589143606161,TAKE_PROFIT,6558.914360616109,686.0,5872.914360616109,45.0,2026-08
CRUDEOIL,LONG,2026-08-07 20:02:00,7206.0,7200.251864871461,7228.992540514155,SHA_FLIP,2026-08-07 20:06:00,7200.251864871461,STOP_LOSS,-574.8135128538706,688.24,-1263.0535128538706,4.0,2026-08
CRUDEOIL,SHORT,2026-08-07 20:07:00,7195.0,7201.623858220616,7168.504567117536,SHA_FLIP,2026-08-07 20:14:00,7201.623858220616,STOP_LOSS,-662.3858220616057,687.8,-1350.1858220616057,7.0,2026-08
CRUDEOIL,LONG,2026-08-07 20:15:00,7203.0,7199.117217681849,7218.531129272604,SHA_FLIP,2026-08-07 20:21:00,7218.531129272604,TAKE_PROFIT,1553.112927260372,688.12,864.9929272603721,6.0,2026-08
CRUDEOIL,SHORT,2026-08-07 21:41:00,7270.0,7281.345359898832,7224.618560404673,SHA_FLIP,2026-08-07 21:44:00,7281.345359898832,STOP_LOSS,-1134.5359898831703,690.8,-1825.3359898831702,3.0,2026-08
CRUDEOIL,SHORT,2026-08-07 22:04:00,7283.0,7289.0639307575775,7258.74427696969,SHA_FLIP,2026-08-07 22:28:00,7289.0639307575775,STOP_LOSS,-606.3930757577509,691.3199999999999,-1297.7130757577509,24.0,2026-08
CRUDEOIL,SHORT,2026-08-07 22:33:00,7275.0,7282.326768822382,7245.692924710471,SHA_FLIP,2026-08-10 09:00:00,7338.0,SESSION_END,-6300.0,691.0,-6991.0,3507.0,2026-08
SILVER,SHORT,2026-08-07 20:03:00,2348.0,2353.2734886216713,2332.179534134986,SHA_FLIP,2026-08-10 09:00:00,2341.0,SESSION_END,210.0,208.176,1.8240000000000123,3657.0,2026-08
GOLD,LONG,2026-08-07 18:00:00,121700.0,121309.70788348863,123261.16846604546,SHA_FLIP,2026-08-10 09:00:00,121758.0,SESSION_END,5800.0,5268.0,532.0,3780.0,2026-08
CRUDEOIL,LONG,2026-08-10 09:37:00,7349.0,7341.819468813348,7377.722124746608,SHA_FLIP,2026-08-10 09:55:00,7341.819468813348,STOP_LOSS,-718.0531186651933,693.96,-1412.0131186651934,18.0,2026-08
SILVER,LONG,2026-08-10 09:41:00,2355.0,2350.1104981595777,2369.668505521267,SHA_FLIP,2026-08-10 11:21:00,2369.668505521267,TAKE_PROFIT,440.0551656380094,208.26,231.7951656380094,100.0,2026-08
CRUDEOIL,SHORT,2026-08-10 11:14:00,7305.0,7311.860237117365,7277.559051530541,SHA_FLIP,2026-08-10 11:21:00,7277.559051530541,TAKE_PROFIT,2744.0948469458817,692.2,2051.894846945882,7.0,2026-08
SILVER,LONG,2026-08-10 11:45:00,2369.0,2365.131180028911,2380.6064599132674,SHA_FLIP,2026-08-10 11:49:00,2365.131180028911,STOP_LOSS,-116.06459913267372,208.428,-324.4925991326737,4.0,2026-08
CRUDEOIL,SHORT,2026-08-10 12:08:00,7284.0,7286.048148726956,7275.807405092175,SHA_FLIP,2026-08-10 12:09:00,7275.807405092175,TAKE_PROFIT,819.2594907824969,691.36,127.89949078249685,1.0,2026-08
SILVER,SHORT,2026-08-10 12:12:00,2366.0,2369.130002941419,2356.6099911757424,SHA_FLIP,2026-08-10 12:16:00,2369.130002941419,STOP_LOSS,-93.9000882425762,208.392,-302.2920882425762,4.0,2026-08
SILVER,LONG,2026-08-10 12:16:00,2369.0,2366.0341528096815,2377.8975415709556,SHA_FLIP,2026-08-10 12:24:00,2366.0341528096815,STOP_LOSS,-88.97541570955582,208.428,-297.4034157095558,8.0,2026-08
CRUDEOIL,SHORT,2026-08-10 12:31:00,7277.0,7282.099405464491,7256.602378142037,SHA_FLIP,2026-08-10 12:32:00,7282.099405464491,STOP_LOSS,-509.9405464490701,691.08,-1201.02054644907,1.0,2026-08
SILVER,LONG,2026-08-10 12:28:00,2369.0,2366.0952305717256,2377.7143082848233,SHA_FLIP,2026-08-10 12:32:00,2366.0952305717256,STOP_LOSS,-87.14308284823346,208.428,-295.57108284823346,4.0,2026-08
SILVER,SHORT,2026-08-10 12:32:00,2366.0,2368.909829523772,2357.2705114286846,SHA_FLIP,2026-08-10 12:53:00,2368.909829523772,STOP_LOSS,-87.29488571315414,208.392,-295.68688571315414,21.0,2026-08
CRUDEOIL,LONG,2026-08-10 12:32:00,7300.0,7286.380515264108,7354.477938943568,SHA_FLIP,2026-08-10 12:59:00,7286.380515264108,STOP_LOSS,-1361.9484735892001,692.0,-2053.9484735892,27.0,2026-08
SILVER,SHORT,2026-08-10 13:02:00,2366.0,2368.907493119481,2357.277520641557,SHA_FLIP,2026-08-10 13:10:00,2368.907493119481,STOP_LOSS,-87.22479358442797,208.392,-295.61679358442797,8.0,2026-08
SILVER,SHORT,2026-08-10 13:25:00,2366.0,2368.9198317458417,2357.2405047624748,SHA_FLIP,2026-08-10 13:58:00,2368.9198317458417,STOP_LOSS,-87.59495237525243,208.392,-295.98695237525243,33.0,2026-08
SILVER,LONG,2026-08-10 13:58:00,2369.0,2365.1043611245886,2380.686916626234,SHA_FLIP,2026-08-10 14:03:00,2365.1043611245886,STOP_LOSS,-116.86916626234051,208.428,-325.2971662623405,5.0,2026-08
CRUDEOIL,SHORT,2026-08-10 15:09:00,7355.0,7363.137006143003,7322.451975427986,SHA_FLIP,2026-08-10 15:10:00,7363.137006143003,STOP_LOSS,-813.7006143003418,694.2,-1507.9006143003419,1.0,2026-08
SILVER,SHORT,2026-08-10 14:53:00,2363.0,2365.9232945940244,2354.230116217927,SHA_FLIP,2026-08-10 16:43:00,2354.230116217927,TAKE_PROFIT,263.096513462192,208.356,54.740513462191984,110.0,2026-08
CRUDEOIL,SHORT,2026-08-10 16:45:00,7384.0,7393.47694987517,7346.092200499319,SHA_FLIP,2026-08-10 16:47:00,7393.47694987517,STOP_LOSS,-947.6949875170249,695.36,-1643.054987517025,2.0,2026-08
GOLD,LONG,2026-08-10 17:38:00,122476.0,122425.52047163452,122677.91811346193,SHA_FLIP,2026-08-10 17:46:00,122425.52047163452,STOP_LOSS,-5047.952836548211,5299.04,-10346.992836548212,8.0,2026-08
SILVER,LONG,2026-08-10 17:47:00,2361.0,2359.042534934811,2366.8723951955667,SHA_FLIP,2026-08-10 17:50:00,2359.042534934811,STOP_LOSS,-58.72395195566696,208.332,-267.05595195566696,3.0,2026-08
GOLD,SHORT,2026-08-10 17:46:00,122400.0,122440.04461644527,122239.8215342189,SHA_FLIP,2026-08-10 17:56:00,122239.8215342189,TAKE_PROFIT,16017.846578109311,5296.0,10721.846578109311,10.0,2026-08
GOLD,SHORT,2026-08-10 18:24:00,122362.0,122436.19521484058,122065.21914063767,SHA_FLIP,2026-08-10 18:26:00,122436.19521484058,STOP_LOSS,-7419.52148405835,5294.4800000000005,-12714.00148405835,2.0,2026-08
CRUDEOIL,LONG,2026-08-10 18:06:00,7410.0,7401.60715998107,7443.571360075719,SHA_FLIP,2026-08-10 18:31:00,7401.60715998107,STOP_LOSS,-839.2840018929746,696.4000000000001,-1535.6840018929747,25.0,2026-08
GOLD,LONG,2026-08-10 18:26:00,122480.0,122380.48448307528,122878.06206769886,SHA_FLIP,2026-08-10 18:32:00,122380.48448307528,STOP_LOSS,-9951.551692471548,5299.2,-15250.75169247155,6.0,2026-08
GOLD,SHORT,2026-08-10 18:32:00,122242.0,122388.12497143325,121657.500114267,SHA_FLIP,2026-08-10 18:36:00,122388.12497143325,STOP_LOSS,-14612.497143325163,5289.68,-19902.177143325163,4.0,2026-08
SILVER,SHORT,2026-08-10 18:31:00,2358.0,2360.313532447368,2351.0594026578965,SHA_FLIP,2026-08-10 18:42:00,2360.313532447368,STOP_LOSS,-69.40597342103501,208.296,-277.701973421035,11.0,2026-08
CRUDEOIL,LONG,2026-08-10 18:43:00,7430.0,7417.475796141471,7480.096815434117,SHA_FLIP,2026-08-10 18:44:00,7417.475796141471,STOP_LOSS,-1252.420385852929,697.2,-1949.620385852929,1.0,2026-08
CRUDEOIL,SHORT,2026-08-10 18:47:00,7408.0,7420.7942278795745,7356.823088481702,SHA_FLIP,2026-08-10 18:57:00,7420.7942278795745,STOP_LOSS,-1279.4227879574464,696.3199999999999,-1975.7427879574464,10.0,2026-08
GOLD,LONG,2026-08-10 18:40:00,122530.0,122405.31950695814,123028.72197216743,SHA_FLIP,2026-08-10 19:16:00,122405.31950695814,STOP_LOSS,-12468.049304185843,5301.2,-17769.249304185843,36.0,2026-08
SILVER,LONG,2026-08-10 19:04:00,2362.0,2358.09867945014,2373.70396164958,SHA_FLIP,2026-08-10 19:20:00,2358.09867945014,STOP_LOSS,-117.03961649579924,208.344,-325.38361649579923,16.0,2026-08
CRUDEOIL,LONG,2026-08-10 18:57:00,7430.0,7414.720900197464,7491.116399210143,SHA_FLIP,2026-08-10 19:21:00,7491.116399210143,TAKE_PROFIT,6111.6399210142845,697.2,5414.439921014285,24.0,2026-08
SILVER,SHORT,2026-08-10 19:40:00,2357.0,2359.2694327551794,2350.1917017344617,SHA_FLIP,2026-08-10 19:42:00,2359.2694327551794,STOP_LOSS,-68.0829826553827,208.284,-276.3669826553827,2.0,2026-08
GOLD,SHORT,2026-08-10 19:16:00,122431.0,122581.57805562924,121828.68777748302,SHA_FLIP,2026-08-10 19:53:00,122581.57805562924,STOP_LOSS,-15057.805562924477,5297.24,-20355.045562924475,37.0,2026-08
CRUDEOIL,LONG,2026-08-10 20:04:00,7515.0,7505.620923108936,7552.516307564256,SHA_FLIP,2026-08-10 20:09:00,7505.620923108936,STOP_LOSS,-937.907689106396,700.6,-1638.507689106396,5.0,2026-08
GOLD,LONG,2026-08-10 20:33:00,122833.0,122727.79165622372,123253.83337510511,SHA_FLIP,2026-08-10 20:35:00,122727.79165622372,STOP_LOSS,-10520.834377627762,5313.320000000001,-15834.154377627761,2.0,2026-08
GOLD,LONG,2026-08-10 20:47:00,122789.0,122698.10731414385,123152.57074342459,SHA_FLIP,2026-08-10 20:54:00,122698.10731414385,STOP_LOSS,-9089.268585614627,5311.56,-14400.828585614629,7.0,2026-08
SILVER,LONG,2026-08-10 20:34:00,2373.0,2369.8319335377814,2382.5041993866557,SHA_FLIP,2026-08-10 20:55:00,2369.8319335377814,STOP_LOSS,-95.04199386655728,208.476,-303.5179938665573,21.0,2026-08
SILVER,LONG,2026-08-10 21:11:00,2372.0,2369.103338067079,2380.6899857987623,SHA_FLIP,2026-08-10 21:29:00,2380.6899857987623,TAKE_PROFIT,260.6995739628701,208.464,52.23557396287009,18.0,2026-08
SILVER,LONG,2026-08-10 21:59:00,2386.0,2382.0334611552776,2397.8996165341673,SHA_FLIP,2026-08-10 22:01:00,2382.0334611552776,STOP_LOSS,-118.99616534167308,208.632,-327.6281653416731,2.0,2026-08
GOLD,LONG,2026-08-10 21:10:00,122771.0,122678.47326973894,123141.10692104424,SHA_FLIP,2026-08-10 22:14:00,122678.47326973894,STOP_LOSS,-9252.673026105913,5310.84,-14563.513026105913,64.0,2026-08
GOLD,LONG,2026-08-10 23:20:00,122950.0,122905.69971763129,123127.20112947485,SHA_FLIP,2026-08-10 23:23:00,122905.69971763129,STOP_LOSS,-4430.028236871294,5318.0,-9748.028236871294,3.0,2026-08
GOLD,SHORT,2026-08-10 23:23:00,122852.0,122994.37412898046,122282.50348407816,SHA_FLIP,2026-08-10 23:28:00,122994.37412898046,STOP_LOSS,-14237.412898046023,5314.08,-19551.492898046024,5.0,2026-08
SILVER,SHORT,2026-08-10 22:03:00,2381.0,2385.8339845404885,2366.4980463785346,SHA_FLIP,2026-08-11 09:00:00,2406.0,SESSION_END,-750.0,208.572,-958.572,657.0,2026-08
CRUDEOIL,LONG,2026-08-10 22:11:00,7600.0,7586.647675043783,7653.409299824867,SHA_FLIP,2026-08-11 09:01:00,7665.0,SESSION_END,6500.0,704.0,5796.0,650.0,2026-08
CRUDEOIL,LONG,2026-08-11 09:19:00,7655.0,7648.231098709085,7682.07560516366,SHA_FLIP,2026-08-11 09:34:00,7648.231098709085,STOP_LOSS,-676.8901290914982,706.2,-1383.0901290914983,15.0,2026-08
SILVER,LONG,2026-08-11 09:47:00,2410.0,2405.8065350849683,2422.580394745095,SHA_FLIP,2026-08-11 10:12:00,2405.8065350849683,STOP_LOSS,-125.80394745094964,208.92000000000002,-334.72394745094965,25.0,2026-08
CRUDEOIL,LONG,2026-08-11 10:07:00,7656.0,7648.969827137906,7684.120691448377,SHA_FLIP,2026-08-11 10:48:00,7684.120691448377,TAKE_PROFIT,2812.069144837733,706.24,2105.829144837733,41.0,2026-08
CRUDEOIL,LONG,2026-08-11 11:22:00,7683.0,7677.460760884565,7705.156956461738,SHA_FLIP,2026-08-11 11:35:00,7677.460760884565,STOP_LOSS,-553.9239115434611,707.3199999999999,-1261.243911543461,13.0,2026-08
CRUDEOIL,LONG,2026-08-11 11:59:00,7710.0,7696.366757600817,7764.53296959673,SHA_FLIP,2026-08-11 12:04:00,7764.53296959673,TAKE_PROFIT,5453.296959673025,708.4000000000001,4744.896959673026,5.0,2026-08
SILVER,SHORT,2026-08-11 12:15:00,2375.0,2379.8311513839813,2360.5065458480562,SHA_FLIP,2026-08-11 13:35:00,2379.8311513839813,STOP_LOSS,-144.93454151943752,208.5,-353.4345415194375,80.0,2026-08
CRUDEOIL,LONG,2026-08-11 12:43:00,7762.0,7742.714889479736,7839.140442081058,SHA_FLIP,2026-08-11 15:58:00,7742.714889479736,STOP_LOSS,-1928.5110520264425,710.48,-2638.9910520264425,195.0,2026-08
CRUDEOIL,SHORT,2026-08-11 16:15:00,7745.0,7759.506680680394,7686.973277278423,SHA_FLIP,2026-08-11 16:31:00,7686.973277278423,TAKE_PROFIT,5802.672272157724,709.8,5092.872272157724,16.0,2026-08
SILVER,LONG,2026-08-11 13:58:00,2384.0,2378.1298090365462,2401.6105728903613,SHA_FLIP,2026-08-11 16:39:00,2401.6105728903613,TAKE_PROFIT,528.3171867108376,208.608,319.7091867108376,161.0,2026-08
CRUDEOIL,SHORT,2026-08-11 17:09:00,7630.0,7650.206241935844,7549.175032256622,SHA_FLIP,2026-08-11 17:32:00,7650.206241935844,STOP_LOSS,-2020.6241935844446,705.2,-2725.8241935844444,23.0,2026-08
SILVER,SHORT,2026-08-11 17:31:00,2394.0,2397.919934604914,2382.240196185258,SHA_FLIP,2026-08-11 17:41:00,2397.919934604914,STOP_LOSS,-117.598038147421,208.728,-326.326038147421,10.0,2026-08
GOLD,LONG,2026-08-11 17:37:00,124041.0,123962.63918958306,124354.44324166776,SHA_FLIP,2026-08-11 17:54:00,123962.63918958306,STOP_LOSS,-7836.0810416939785,5361.64,-13197.721041693978,17.0,2026-08
CRUDEOIL,LONG,2026-08-11 18:23:00,7654.0,7646.8702582100605,7682.518967159758,SHA_FLIP,2026-08-11 18:30:00,7646.8702582100605,STOP_LOSS,-712.9741789939544,706.1600000000001,-1419.1341789939545,7.0,2026-08
GOLD,LONG,2026-08-11 18:14:00,124075.0,123956.87825928115,124547.48696287541,SHA_FLIP,2026-08-11 18:46:00,123956.87825928115,STOP_LOSS,-11812.174071885238,5363.0,-17175.174071885238,32.0,2026-08
CRUDEOIL,SHORT,2026-08-11 18:30:00,7640.0,7655.316829690049,7578.732681239802,SHA_FLIP,2026-08-11 18:48:00,7578.732681239802,TAKE_PROFIT,6126.731876019767,705.6,5421.131876019766,18.0,2026-08
GOLD,SHORT,2026-08-11 18:46:00,123929.0,124060.6646106134,123402.3415575464,SHA_FLIP,2026-08-11 18:53:00,124060.6646106134,STOP_LOSS,-13166.461061339942,5357.16,-18523.62106133994,7.0,2026-08
GOLD,LONG,2026-08-11 18:54:00,124075.0,123954.78530425587,124555.85878297652,SHA_FLIP,2026-08-11 19:04:00,123954.78530425587,STOP_LOSS,-12021.469574412913,5363.0,-17384.469574412913,10.0,2026-08
GOLD,SHORT,2026-08-11 19:04:00,123930.0,124037.97870253437,123498.08518986253,SHA_FLIP,2026-08-11 19:07:00,124037.97870253437,STOP_LOSS,-10797.87025343685,5357.2,-16155.07025343685,3.0,2026-08
GOLD,LONG,2026-08-11 19:11:00,124107.0,123991.12360602622,124570.50557589513,SHA_FLIP,2026-08-11 19:24:00,123991.12360602622,STOP_LOSS,-11587.63939737837,5364.280000000001,-16951.91939737837,13.0,2026-08
CRUDEOIL,SHORT,2026-08-11 19:12:00,7581.0,7594.52808745196,7526.887650192159,SHA_FLIP,2026-08-11 19:33:00,7594.52808745196,STOP_LOSS,-1352.8087451960346,703.24,-2056.0487451960344,21.0,2026-08
GOLD,SHORT,2026-08-11 19:56:00,123850.0,123930.57952916376,123527.68188334495,SHA_FLIP,2026-08-11 20:00:00,123930.57952916376,STOP_LOSS,-8057.9529163762345,5354.0,-13411.952916376234,4.0,2026-08
GOLD,SHORT,2026-08-11 20:29:00,123951.0,124027.32132361282,123645.71470554871,SHA_FLIP,2026-08-11 20:30:00,124027.32132361282,STOP_LOSS,-7632.132361282129,5358.04,-12990.17236128213,1.0,2026-08
GOLD,LONG,2026-08-11 20:30:00,124050.0,123954.5248382377,124431.90064704919,SHA_FLIP,2026-08-11 20:37:00,123954.5248382377,STOP_LOSS,-9547.516176229692,5362.0,-14909.516176229692,7.0,2026-08
GOLD,SHORT,2026-08-11 20:38:00,123920.0,123995.10031754535,123619.5987298186,SHA_FLIP,2026-08-11 20:43:00,123995.10031754535,STOP_LOSS,-7510.031754535157,5356.8,-12866.831754535157,5.0,2026-08
GOLD,LONG,2026-08-11 21:48:00,123798.0,123703.44468861136,124176.22124555457,SHA_FLIP,2026-08-11 22:32:00,123703.44468861136,STOP_LOSS,-9455.531138864171,5351.92,-14807.451138864171,44.0,2026-08
CRUDEOIL,LONG,2026-08-11 21:03:00,7689.0,7669.517990679671,7766.9280372813155,SHA_FLIP,2026-08-12 09:00:00,7755.0,SESSION_END,6600.0,707.56,5892.4400000000005,717.0,2026-08
SILVER,SHORT,2026-08-11 17:53:00,2394.0,2400.848658866492,2373.4540234005244,SHA_FLIP,2026-08-12 09:00:00,2400.0,SESSION_END,-180.0,208.728,-388.728,907.0,2026-08
GOLD,SHORT,2026-08-11 23:28:00,123608.0,123706.52780144163,123213.8887942335,SHA_FLIP,2026-08-12 09:00:00,124320.0,SESSION_END,-71200.0,5344.320000000001,-76544.32,572.0,2026-08
SILVER,LONG,2026-08-12 10:37:00,2398.0,2397.024571125183,2400.9262866244517,SHA_FLIP,2026-08-12 10:40:00,2397.024571125183,STOP_LOSS,-29.262866244516772,208.776,-238.03886624451678,3.0,2026-08
CRUDEOIL,LONG,2026-08-12 10:46:00,7762.0,7754.689687305268,7791.241250778927,SHA_FLIP,2026-08-12 10:55:00,7754.689687305268,STOP_LOSS,-731.0312694731692,710.48,-1441.5112694731692,9.0,2026-08
CRUDEOIL,LONG,2026-08-12 11:32:00,7766.0,7753.515987604833,7815.936049580669,SHA_FLIP,2026-08-12 12:04:00,7753.515987604833,STOP_LOSS,-1248.4012395167156,710.6400000000001,-1959.0412395167157,32.0,2026-08
SILVER,SHORT,2026-08-12 10:45:00,2394.0,2398.373291518458,2380.8801254446266,SHA_FLIP,2026-08-12 12:07:00,2398.373291518458,STOP_LOSS,-131.19874555373372,208.728,-339.9267455537337,82.0,2026-08
SILVER,LONG,2026-08-12 12:42:00,2408.0,2404.127374721918,2419.617875834246,SHA_FLIP,2026-08-12 12:48:00,2404.127374721918,STOP_LOSS,-116.17875834246206,208.89600000000002,-325.0747583424621,6.0,2026-08
CRUDEOIL,SHORT,2026-08-12 12:59:00,7744.0,7751.4402548602075,7714.23898055917,SHA_FLIP,2026-08-12 13:20:00,7751.4402548602075,STOP_LOSS,-744.025486020746,709.76,-1453.785486020746,21.0,2026-08
SILVER,LONG,2026-08-12 13:33:00,2410.0,2406.53593175146,2420.3922047456203,SHA_FLIP,2026-08-12 14:45:00,2420.3922047456203,TAKE_PROFIT,311.7661423686104,208.92000000000002,102.8461423686104,72.0,2026-08
CRUDEOIL,SHORT,2026-08-12 13:31:00,7741.0,7751.449303284829,7699.202786860686,SHA_FLIP,2026-08-12 14:53:00,7699.202786860686,TAKE_PROFIT,4179.721313931441,709.6400000000001,3470.0813139314405,82.0,2026-08
CRUDEOIL,LONG,2026-08-12 15:55:00,7683.0,7678.021659769115,7702.91336092354,SHA_FLIP,2026-08-12 16:19:00,7702.91336092354,TAKE_PROFIT,1991.3360923539585,707.3199999999999,1284.0160923539586,24.0,2026-08
CRUDEOIL,LONG,2026-08-12 16:40:00,7714.0,7710.624139377627,7727.503442489491,SHA_FLIP,2026-08-12 16:45:00,7710.624139377627,STOP_LOSS,-337.5860622372784,708.56,-1046.1460622372783,5.0,2026-08
GOLD,LONG,2026-08-12 17:54:00,124489.0,124390.59647442451,124882.61410230194,SHA_FLIP,2026-08-12 17:56:00,124390.59647442451,STOP_LOSS,-9840.352557548613,5379.56,-15219.912557548614,2.0,2026-08
SILVER,SHORT,2026-08-12 15:35:00,2415.0,2418.349019625719,2404.952941122843,SHA_FLIP,2026-08-12 18:00:00,2418.349019625719,STOP_LOSS,-100.47058877156815,208.98,-309.45058877156816,145.0,2026-08
CRUDEOIL,LONG,2026-08-12 17:20:00,7735.0,7718.2042868544495,7802.182852582202,SHA_FLIP,2026-08-12 18:05:00,7718.2042868544495,STOP_LOSS,-1679.5713145550508,709.4000000000001,-2388.971314555051,45.0,2026-08
CRUDEOIL,SHORT,2026-08-12 18:05:00,7712.0,7723.88062516538,7664.477499338482,SHA_FLIP,2026-08-12 18:38:00,7664.477499338482,TAKE_PROFIT,4752.250066151828,708.48,4043.770066151828,33.0,2026-08
GOLD,SHORT,2026-08-12 18:43:00,124705.0,124855.99265143537,124101.02939425851,SHA_FLIP,2026-08-12 19:17:00,124855.99265143537,STOP_LOSS,-15099.265143537195,5388.2,-20487.465143537196,34.0,2026-08
CRUDEOIL,SHORT,2026-08-12 19:21:00,7655.0,7664.889702290702,7615.441190837191,SHA_FLIP,2026-08-12 19:37:00,7664.889702290702,STOP_LOSS,-988.9702290702189,706.2,-1695.170229070219,16.0,2026-08
CRUDEOIL,LONG,2026-08-12 19:46:00,7676.0,7661.451592395719,7734.193630417125,SHA_FLIP,2026-08-12 20:00:00,7661.451592395719,STOP_LOSS,-1454.8407604281238,707.04,-2161.8807604281237,14.0,2026-08
GOLD,LONG,2026-08-12 19:40:00,124848.0,124742.27889218154,125270.88443127385,SHA_FLIP,2026-08-12 20:21:00,124742.27889218154,STOP_LOSS,-10572.110781846277,5393.92,-15966.030781846277,41.0,2026-08
GOLD,SHORT,2026-08-12 20:35:00,124790.0,124887.44312373642,124400.22750505432,SHA_FLIP,2026-08-12 20:38:00,124887.44312373642,STOP_LOSS,-9744.312373641878,5391.6,-15135.912373641879,3.0,2026-08
GOLD,LONG,2026-08-12 21:14:00,124900.0,124852.82977660128,125088.68089359486,SHA_FLIP,2026-08-12 21:15:00,124852.82977660128,STOP_LOSS,-4717.022339871619,5396.0,-10113.022339871619,1.0,2026-08
GOLD,SHORT,2026-08-12 21:15:00,124830.0,124897.70397132404,124559.18411470385,SHA_FLIP,2026-08-12 21:29:00,124897.70397132404,STOP_LOSS,-6770.397132403741,5393.2,-12163.597132403742,14.0,2026-08
GOLD,SHORT,2026-08-12 21:36:00,124806.0,124897.09081186909,124441.63675252366,SHA_FLIP,2026-08-12 21:50:00,124897.09081186909,STOP_LOSS,-9109.081186908588,5392.240000000001,-14501.32118690859,14.0,2026-08
GOLD,SHORT,2026-08-12 22:02:00,124831.0,124873.31086616468,124661.75653534126,SHA_FLIP,2026-08-12 22:18:00,124661.75653534126,TAKE_PROFIT,16924.346465873532,5393.240000000001,11531.10646587353,16.0,2026-08
SILVER,SHORT,2026-08-12 18:33:00,2417.0,2423.7653344295563,2396.703996711331,SHA_FLIP,2026-08-12 22:20:00,2396.703996711331,TAKE_PROFIT,608.88009866007,209.004,399.87609866006994,227.0,2026-08
GOLD,SHORT,2026-08-12 22:59:00,124631.0,124691.189368333,124390.24252666801,SHA_FLIP,2026-08-12 23:06:00,124691.189368333,STOP_LOSS,-6018.936833299813,5385.240000000001,-11404.176833299814,7.0,2026-08
CRUDEOIL,LONG,2026-08-12 20:09:00,7670.0,7657.100978266097,7721.596086935613,SHA_FLIP,2026-08-13 09:00:00,7660.0,SESSION_END,-1000.0,706.8,-1706.8,771.0,2026-08
SILVER,LONG,2026-08-13 10:20:00,2389.0,2387.178790713786,2394.463627858642,SHA_FLIP,2026-08-13 10:42:00,2394.463627858642,TAKE_PROFIT,163.90883575926637,208.668,-44.75916424073364,22.0,2026-08
CRUDEOIL,LONG,2026-08-13 11:01:00,7713.0,7707.338115922479,7735.6475363100835,SHA_FLIP,2026-08-13 11:56:00,7707.338115922479,STOP_LOSS,-566.1884077520881,708.52,-1274.708407752088,55.0,2026-08
CRUDEOIL,SHORT,2026-08-13 11:56:00,7706.0,7711.203219216122,7685.187123135511,SHA_FLIP,2026-08-13 12:04:00,7711.203219216122,STOP_LOSS,-520.3219216122307,708.24,-1228.5619216122307,8.0,2026-08
CRUDEOIL,SHORT,2026-08-13 12:22:00,7705.0,7712.565454166414,7674.7381833343425,SHA_FLIP,2026-08-13 12:47:00,7712.565454166414,STOP_LOSS,-756.5454166414384,708.2,-1464.7454166414384,25.0,2026-08
CRUDEOIL,SHORT,2026-08-13 12:54:00,7700.0,7709.07466775061,7663.701328997558,SHA_FLIP,2026-08-13 13:02:00,7663.701328997558,TAKE_PROFIT,3629.867100244155,708.0,2921.867100244155,8.0,2026-08
SILVER,SHORT,2026-08-13 11:03:00,2393.0,2399.7965849180932,2372.6102452457203,SHA_FLIP,2026-08-13 13:19:00,2372.6102452457203,TAKE_PROFIT,611.6926426283908,208.716,402.9766426283908,136.0,2026-08
CRUDEOIL,SHORT,2026-08-13 13:41:00,7650.0,7655.734342684548,7627.062629261807,SHA_FLIP,2026-08-13 13:57:00,7627.062629261807,TAKE_PROFIT,2293.737073819284,706.0,1587.737073819284,16.0,2026-08
SILVER,LONG,2026-08-13 14:19:00,2374.0,2368.194769594924,2391.4156912152284,SHA_FLIP,2026-08-13 14:34:00,2368.194769594924,STOP_LOSS,-174.15691215228435,208.488,-382.64491215228435,15.0,2026-08
CRUDEOIL,SHORT,2026-08-13 14:24:00,7620.0,7624.977538687168,7600.089845251328,SHA_FLIP,2026-08-13 14:35:00,7600.089845251328,TAKE_PROFIT,1991.015474867163,704.8,1286.215474867163,11.0,2026-08
CRUDEOIL,LONG,2026-08-13 15:30:00,7634.0,7623.937502166109,7674.249991335564,SHA_FLIP,2026-08-13 15:55:00,7623.937502166109,STOP_LOSS,-1006.249783389103,705.36,-1711.609783389103,25.0,2026-08
SILVER,LONG,2026-08-13 15:28:00,2377.0,2374.543444971953,2384.3696650841416,SHA_FLIP,2026-08-13 16:01:00,2384.3696650841416,TAKE_PROFIT,221.08995252424847,208.524,12.565952524248473,33.0,2026-08
CRUDEOIL,SHORT,2026-08-13 15:55:00,7615.0,7628.733261060806,7560.066955756774,SHA_FLIP,2026-08-13 17:10:00,7628.733261060806,STOP_LOSS,-1373.3261060806399,704.6,-2077.92610608064,75.0,2026-08
CRUDEOIL,SHORT,2026-08-13 17:29:00,7609.0,7614.891863225711,7585.432547097156,SHA_FLIP,2026-08-13 17:39:00,7585.432547097156,TAKE_PROFIT,2356.7452902843797,704.36,1652.3852902843796,10.0,2026-08
CRUDEOIL,SHORT,2026-08-13 18:37:00,7578.0,7590.63137810811,7527.474487567561,SHA_FLIP,2026-08-13 18:42:00,7590.63137810811,STOP_LOSS,-1263.1378108109857,703.12,-1966.2578108109856,5.0,2026-08
CRUDEOIL,SHORT,2026-08-13 19:23:00,7580.0,7585.2339848210895,7559.064060715642,SHA_FLIP,2026-08-13 19:24:00,7559.064060715642,TAKE_PROFIT,2093.593928435803,703.2,1390.3939284358028,1.0,2026-08
SILVER,LONG,2026-08-13 16:07:00,2381.0,2376.417526123066,2394.7474216308015,SHA_FLIP,2026-08-13 19:38:00,2376.417526123066,STOP_LOSS,-137.47421630801455,208.572,-346.04621630801455,211.0,2026-08
SILVER,SHORT,2026-08-13 19:54:00,2376.0,2379.8676568177107,2364.397029546868,SHA_FLIP,2026-08-13 19:55:00,2379.8676568177107,STOP_LOSS,-116.02970453132002,208.512,-324.54170453132,1.0,2026-08
SILVER,SHORT,2026-08-13 19:59:00,2376.0,2379.868757995481,2364.3937260135576,SHA_FLIP,2026-08-13 20:03:00,2379.868757995481,STOP_LOSS,-116.06273986442375,208.512,-324.57473986442375,4.0,2026-08
GOLD,SHORT,2026-08-13 20:00:00,123647.0,123794.25262218459,123057.98951126164,SHA_FLIP,2026-08-13 20:04:00,123794.25262218459,STOP_LOSS,-14725.262218459102,5345.88,-20071.142218459103,4.0,2026-08
GOLD,LONG,2026-08-13 20:06:00,123810.0,123678.23458975831,124337.06164096674,SHA_FLIP,2026-08-13 20:39:00,123678.23458975831,STOP_LOSS,-13176.541024168546,5352.400000000001,-18528.941024168547,33.0,2026-08
GOLD,SHORT,2026-08-13 21:01:00,123644.0,123765.14429267544,123159.42282929824,SHA_FLIP,2026-08-13 21:07:00,123765.14429267544,STOP_LOSS,-12114.429267543892,5345.76,-17460.189267543894,6.0,2026-08
CRUDEOIL,LONG,2026-08-13 21:16:00,7680.0,7664.942135148154,7740.231459407383,SHA_FLIP,2026-08-13 22:02:00,7664.942135148154,STOP_LOSS,-1505.7864851845807,707.2,-2212.9864851845805,46.0,2026-08
SILVER,SHORT,2026-08-13 21:00:00,2374.0,2380.810873905529,2353.5673782834124,SHA_FLIP,2026-08-13 22:31:00,2380.810873905529,STOP_LOSS,-204.3262171658762,208.488,-412.8142171658762,91.0,2026-08
GOLD,LONG,2026-08-13 22:55:00,123723.0,123690.85610635766,123851.57557456935,SHA_FLIP,2026-08-13 22:58:00,123690.85610635766,STOP_LOSS,-3214.389364233648,5348.92,-8563.309364233648,3.0,2026-08
SILVER,LONG,2026-08-13 22:58:00,2380.0,2378.641157158025,2384.0765285259245,SHA_FLIP,2026-08-13 23:03:00,2378.641157158025,STOP_LOSS,-40.76528525924459,208.56,-249.3252852592446,5.0,2026-08
CRUDEOIL,LONG,2026-08-13 22:46:00,7667.0,7660.309523028791,7693.761907884837,SHA_FLIP,2026-08-13 23:06:00,7660.309523028791,STOP_LOSS,-669.0476971209137,706.6800000000001,-1375.7276971209137,20.0,2026-08
CRUDEOIL,SHORT,2026-08-13 23:07:00,7655.0,7659.49139888162,7637.034404473521,SHA_FLIP,2026-08-13 23:11:00,7659.49139888162,STOP_LOSS,-449.1398881619716,706.2,-1155.3398881619717,4.0,2026-08
CRUDEOIL,LONG,2026-08-13 23:14:00,7667.0,7662.225900720537,7686.0963971178535,SHA_FLIP,2026-08-13 23:17:00,7662.225900720537,STOP_LOSS,-477.4099279463371,706.6800000000001,-1184.0899279463372,3.0,2026-08
CRUDEOIL,SHORT,2026-08-13 23:18:00,7660.0,7664.774934311521,7640.900262753916,SHA_FLIP,2026-08-13 23:20:00,7664.774934311521,STOP_LOSS,-477.4934311521065,706.4000000000001,-1183.8934311521066,2.0,2026-08
CRUDEOIL,LONG,2026-08-13 23:20:00,7667.0,7660.613493783791,7692.546024864838,SHA_FLIP,2026-08-13 23:25:00,7660.613493783791,STOP_LOSS,-638.6506216209455,706.6800000000001,-1345.3306216209455,5.0,2026-08
CRUDEOIL,SHORT,2026-08-13 23:26:00,7652.0,7659.81385531373,7620.7445787450815,SHA_FLIP,2026-08-13 23:29:00,7659.81385531373,STOP_LOSS,-781.3855313729619,706.08,-1487.4655313729618,3.0,2026-08
GOLD,SHORT,2026-08-13 22:58:00,123650.0,123700.12448424658,123449.50206301367,SHA_FLIP,2026-08-14 09:00:00,122791.0,SESSION_END,85900.0,5346.0,80554.0,602.0,2026-08
SILVER,SHORT,2026-08-14 10:02:00,2355.0,2358.906946212399,2343.2791613628033,SHA_FLIP,2026-08-14 10:09:00,2358.906946212399,STOP_LOSS,-117.20838637196721,208.26,-325.4683863719672,7.0,2026-08
SILVER,SHORT,2026-08-14 10:22:00,2358.0,2360.1581383570556,2351.5255849288333,SHA_FLIP,2026-08-14 10:47:00,2351.5255849288333,TAKE_PROFIT,194.23245213500195,208.296,-14.063547864998043,25.0,2026-08
CRUDEOIL,SHORT,2026-08-14 09:40:00,7624.0,7628.570351035995,7605.7185958560185,SHA_FLIP,2026-08-14 11:01:00,7628.570351035995,STOP_LOSS,-457.03510359953725,704.96,-1161.9951035995373,81.0,2026-08
CRUDEOIL,LONG,2026-08-14 11:52:00,7680.0,7672.4711817613825,7710.11527295447,SHA_FLIP,2026-08-14 12:33:00,7710.11527295447,TAKE_PROFIT,3011.527295447013,707.2,2304.327295447013,41.0,2026-08
SILVER,LONG,2026-08-14 12:33:00,2360.0,2357.1018179632383,2368.694546110285,SHA_FLIP,2026-08-14 12:52:00,2357.1018179632383,STOP_LOSS,-86.94546110285046,208.32,-295.26546110285045,19.0,2026-08
CRUDEOIL,LONG,2026-08-14 13:02:00,7720.0,7715.635491376246,7737.458034495015,SHA_FLIP,2026-08-14 13:06:00,7715.635491376246,STOP_LOSS,-436.45086237538635,708.8,-1145.2508623753863,4.0,2026-08
CRUDEOIL,LONG,2026-08-14 13:11:00,7720.0,7710.8369938803235,7756.652024478706,SHA_FLIP,2026-08-14 13:18:00,7710.8369938803235,STOP_LOSS,-916.3006119676538,708.8,-1625.1006119676538,7.0,2026-08
CRUDEOIL,SHORT,2026-08-14 13:18:00,7702.0,7712.298469400766,7660.806122396934,SHA_FLIP,2026-08-14 13:23:00,7712.298469400766,STOP_LOSS,-1029.8469400766407,708.08,-1737.9269400766407,5.0,2026-08
CRUDEOIL,LONG,2026-08-14 13:25:00,7725.0,7714.07652897438,7768.6938841024785,SHA_FLIP,2026-08-14 13:26:00,7714.07652897438,STOP_LOSS,-1092.347102561962,709.0,-1801.347102561962,1.0,2026-08
CRUDEOIL,SHORT,2026-08-14 13:39:00,7709.0,7717.857881090058,7673.568475639768,SHA_FLIP,2026-08-14 13:42:00,7717.857881090058,STOP_LOSS,-885.7881090058072,708.36,-1594.1481090058073,3.0,2026-08
CRUDEOIL,LONG,2026-08-14 13:43:00,7729.0,7717.069334482703,7776.722662069187,SHA_FLIP,2026-08-14 13:50:00,7717.069334482703,STOP_LOSS,-1193.0665517296802,709.1600000000001,-1902.2265517296803,7.0,2026-08
CRUDEOIL,SHORT,2026-08-14 13:52:00,7715.0,7722.497264864035,7685.01094054386,SHA_FLIP,2026-08-14 14:07:00,7685.01094054386,TAKE_PROFIT,2998.905945614024,708.6,2290.305945614024,15.0,2026-08
SILVER,LONG,2026-08-14 13:07:00,2362.0,2358.6214211158303,2372.135736652509,SHA_FLIP,2026-08-14 14:26:00,2372.135736652509,TAKE_PROFIT,304.072099575269,208.344,95.72809957526903,79.0,2026-08
CRUDEOIL,SHORT,2026-08-14 14:27:00,7679.0,7682.732512799525,7664.069948801902,SHA_FLIP,2026-08-14 14:51:00,7664.069948801902,TAKE_PROFIT,1493.0051198098226,707.1600000000001,785.8451198098226,24.0,2026-08
SILVER,LONG,2026-08-14 14:48:00,2372.0,2369.1092953640687,2380.672113907794,SHA_FLIP,2026-08-14 16:12:00,2369.1092953640687,STOP_LOSS,-86.72113907794028,208.464,-295.1851390779403,84.0,2026-08
CRUDEOIL,SHORT,2026-08-14 15:25:00,7631.0,7642.561719642462,7584.7531214301525,SHA_FLIP,2026-08-14 17:43:00,7642.561719642462,STOP_LOSS,-1156.1719642461867,705.24,-1861.4119642461867,138.0,2026-08
CRUDEOIL,SHORT,2026-08-14 18:30:00,7595.0,7601.676507231139,7568.293971075444,SHA_FLIP,2026-08-14 18:35:00,7601.676507231139,STOP_LOSS,-667.6507231139112,703.8,-1371.4507231139112,5.0,2026-08
CRUDEOIL,SHORT,2026-08-14 18:36:00,7595.0,7603.556986490659,7560.772054037363,SHA_FLIP,2026-08-14 18:38:00,7603.556986490659,STOP_LOSS,-855.6986490659256,703.8,-1559.4986490659255,2.0,2026-08
CRUDEOIL,LONG,2026-08-14 18:39:00,7607.0,7597.2697187200065,7645.921125119974,SHA_FLIP,2026-08-14 18:53:00,7597.2697187200065,STOP_LOSS,-973.0281279993505,704.28,-1677.3081279993505,14.0,2026-08
SILVER,LONG,2026-08-14 17:22:00,2378.0,2375.072494956524,2386.7825151304273,SHA_FLIP,2026-08-14 19:02:00,2386.7825151304273,TAKE_PROFIT,263.47545391281983,208.536,54.93945391281983,100.0,2026-08
GOLD,LONG,2026-08-14 17:51:00,123828.0,123692.41161558844,124370.35353764624,SHA_FLIP,2026-08-14 19:06:00,124370.35353764624,TAKE_PROFIT,54235.35376462387,5353.12,48882.23376462387,75.0,2026-08
CRUDEOIL,SHORT,2026-08-14 18:54:00,7595.0,7606.472192012643,7549.111231949428,SHA_FLIP,2026-08-14 19:40:00,7606.472192012643,STOP_LOSS,-1147.2192012643063,703.8,-1851.0192012643063,46.0,2026-08
GOLD,LONG,2026-08-14 19:32:00,124260.0,124154.1017945041,124683.59282198362,SHA_FLIP,2026-08-14 20:04:00,124154.1017945041,STOP_LOSS,-10589.820549590513,5370.400000000001,-15960.220549590515,32.0,2026-08
SILVER,LONG,2026-08-14 19:23:00,2388.0,2384.1836661706884,2399.4490014879348,SHA_FLIP,2026-08-14 20:52:00,2384.1836661706884,STOP_LOSS,-114.49001487934765,208.656,-323.14601487934766,89.0,2026-08
GOLD,SHORT,2026-08-14 20:06:00,124250.0,124382.55503129624,123719.77987481502,SHA_FLIP,2026-08-14 21:18:00,124382.55503129624,STOP_LOSS,-13255.503129624412,5370.0,-18625.503129624412,72.0,2026-08
GOLD,LONG,2026-08-14 21:51:00,124347.0,124292.00067003688,124566.99731985247,SHA_FLIP,2026-08-14 21:54:00,124292.00067003688,STOP_LOSS,-5499.932996311691,5373.88,-10873.812996311692,3.0,2026-08
CRUDEOIL,LONG,2026-08-14 20:22:00,7641.0,7630.365566048691,7683.537735805236,SHA_FLIP,2026-08-14 22:39:00,7683.537735805236,TAKE_PROFIT,4253.773580523557,705.64,3548.133580523557,137.0,2026-08
SILVER,SHORT,2026-08-14 21:30:00,2385.0,2387.8862354207936,2376.3412937376193,SHA_FLIP,2026-08-17 09:00:00,2396.0,SESSION_END,-330.0,208.62,-538.62,3570.0,2026-08
CRUDEOIL,LONG,2026-08-14 23:01:00,7697.0,7684.940625689961,7745.237497240156,SHA_FLIP,2026-08-17 09:00:00,7713.0,SESSION_END,1600.0,707.88,892.12,3479.0,2026-08
GOLD,SHORT,2026-08-14 21:54:00,124264.0,124333.00252679376,123987.98989282496,SHA_FLIP,2026-08-17 09:00:00,124457.0,SESSION_END,-19300.0,5370.56,-24670.56,3546.0,2026-08
SILVER,LONG,2026-08-17 09:38:00,2398.0,2394.91454171209,2407.2563748637303,SHA_FLIP,2026-08-17 09:51:00,2394.91454171209,STOP_LOSS,-92.56374863730343,208.776,-301.33974863730344,13.0,2026-08
CRUDEOIL,LONG,2026-08-17 10:17:00,7715.0,7709.160358440092,7738.358566239633,SHA_FLIP,2026-08-17 10:32:00,7709.160358440092,STOP_LOSS,-583.9641559908159,708.6,-1292.5641559908158,15.0,2026-08
CRUDEOIL,SHORT,2026-08-17 11:00:00,7690.0,7696.492288478305,7664.030846086778,SHA_FLIP,2026-08-17 11:10:00,7696.492288478305,STOP_LOSS,-649.2288478305454,707.6,-1356.8288478305453,10.0,2026-08
CRUDEOIL,SHORT,2026-08-17 11:18:00,7692.0,7696.262904352343,7674.948382590628,SHA_FLIP,2026-08-17 11:26:00,7674.948382590628,TAKE_PROFIT,1705.161740937183,707.6800000000001,997.4817409371828,8.0,2026-08
CRUDEOIL,SHORT,2026-08-17 11:56:00,7669.0,7671.74974677262,7658.001012909521,SHA_FLIP,2026-08-17 12:00:00,7671.74974677262,STOP_LOSS,-274.9746772619801,706.76,-981.7346772619801,4.0,2026-08
CRUDEOIL,LONG,2026-08-17 12:00:00,7673.0,7669.848681134365,7685.605275462542,SHA_FLIP,2026-08-17 12:31:00,7685.605275462542,TAKE_PROFIT,1260.5275462541613,706.9200000000001,553.6075462541612,31.0,2026-08
SILVER,LONG,2026-08-17 11:30:00,2401.0,2399.609483933816,2405.1715481985516,SHA_FLIP,2026-08-17 12:50:00,2399.609483933816,STOP_LOSS,-41.71548198551591,208.812,-250.52748198551592,80.0,2026-08
CRUDEOIL,SHORT,2026-08-17 13:13:00,7670.0,7678.757442894197,7634.970228423212,SHA_FLIP,2026-08-17 13:18:00,7678.757442894197,STOP_LOSS,-875.7442894197084,706.8,-1582.5442894197083,5.0,2026-08
CRUDEOIL,LONG,2026-08-17 13:20:00,7699.0,7685.278919115073,7753.884323539707,SHA_FLIP,2026-08-17 13:30:00,7685.278919115073,STOP_LOSS,-1372.1080884926778,707.96,-2080.068088492678,10.0,2026-08
SILVER,LONG,2026-08-17 12:59:00,2403.0,2399.276608442415,2414.1701746727545,SHA_FLIP,2026-08-17 13:35:00,2399.276608442415,STOP_LOSS,-111.70174672754456,208.836,-320.5377467275446,36.0,2026-08
SILVER,SHORT,2026-08-17 13:52:00,2400.0,2401.9400745716175,2394.1797762851475,SHA_FLIP,2026-08-17 14:10:00,2401.9400745716175,STOP_LOSS,-58.202237148525455,208.8,-267.00223714852547,18.0,2026-08
SILVER,SHORT,2026-08-17 14:14:00,2400.0,2401.931795586585,2394.204613240245,SHA_FLIP,2026-08-17 15:59:00,2401.931795586585,STOP_LOSS,-57.9538675975482,208.8,-266.7538675975482,105.0,2026-08
SILVER,LONG,2026-08-17 16:00:00,2402.0,2398.111566928069,2413.6652992157933,SHA_FLIP,2026-08-17 17:12:00,2398.111566928069,STOP_LOSS,-116.65299215793311,208.824,-325.4769921579331,72.0,2026-08
GOLD,SHORT,2026-08-17 17:56:00,124618.0,124759.5851535303,124051.65938587883,SHA_FLIP,2026-08-17 19:21:00,124759.5851535303,STOP_LOSS,-14158.515353029361,5384.72,-19543.235353029362,85.0,2026-08
SILVER,SHORT,2026-08-17 17:56:00,2396.0,2400.8962334283797,2381.311299714861,SHA_FLIP,2026-08-17 19:46:00,2400.8962334283797,STOP_LOSS,-146.8870028513902,208.752,-355.6390028513902,110.0,2026-08
CRUDEOIL,LONG,2026-08-17 13:35:00,7717.0,7695.159050189544,7804.363799241823,SHA_FLIP,2026-08-17 22:34:00,7804.363799241823,TAKE_PROFIT,8736.379924182256,708.6800000000001,8027.699924182256,539.0,2026-08
SILVER,LONG,2026-08-17 20:36:00,2404.0,2401.3250192101395,2412.0249423695814,SHA_FLIP,2026-08-17 22:54:00,2401.3250192101395,STOP_LOSS,-80.24942369581368,208.848,-289.0974236958137,138.0,2026-08
GOLD,LONG,2026-08-17 19:43:00,124980.0,124888.54080043572,125345.83679825714,SHA_FLIP,2026-08-17 23:29:00,125345.83679825714,TAKE_PROFIT,36583.679825713625,5399.2,31184.479825713624,226.0,2026-08
SILVER,SHORT,2026-08-18 09:39:00,2384.0,2387.8521243744576,2372.443626876627,SHA_FLIP,2026-08-18 09:45:00,2387.8521243744576,STOP_LOSS,-115.5637312337285,208.608,-324.1717312337285,6.0,2026-08
CRUDEOIL,LONG,2026-08-18 09:54:00,7988.0,7983.307660027582,8006.769359889673,SHA_FLIP,2026-08-18 10:00:00,7983.307660027582,STOP_LOSS,-469.2339972418267,719.52,-1188.7539972418267,6.0,2026-08
CRUDEOIL,SHORT,2026-08-18 10:00:00,7981.0,7985.575058770693,7962.699764917226,SHA_FLIP,2026-08-18 10:03:00,7985.575058770693,STOP_LOSS,-457.5058770693431,719.24,-1176.7458770693431,3.0,2026-08
CRUDEOIL,SHORT,2026-08-18 10:26:00,7970.0,7976.431894934687,7944.272420261252,SHA_FLIP,2026-08-18 10:28:00,7976.431894934687,STOP_LOSS,-643.189493468708,718.8,-1361.989493468708,2.0,2026-08
CRUDEOIL,LONG,2026-08-18 10:33:00,7987.0,7977.510934336196,8024.956262655214,SHA_FLIP,2026-08-18 11:05:00,7977.510934336196,STOP_LOSS,-948.9065663803558,719.48,-1668.3865663803558,32.0,2026-08
CRUDEOIL,SHORT,2026-08-18 11:05:00,7976.0,7983.36480088383,7946.54079646468,SHA_FLIP,2026-08-18 11:33:00,7983.36480088383,STOP_LOSS,-736.4800883829957,719.04,-1455.5200883829957,28.0,2026-08
SILVER,SHORT,2026-08-18 09:50:00,2384.0,2387.9900351669926,2372.0298944990222,SHA_FLIP,2026-08-18 11:57:00,2387.9900351669926,STOP_LOSS,-119.70105500977752,208.608,-328.3090550097775,127.0,2026-08
SILVER,LONG,2026-08-18 12:17:00,2387.0,2385.8620221485367,2390.41393355439,SHA_FLIP,2026-08-18 12:31:00,2385.8620221485367,STOP_LOSS,-34.139335543900415,208.644,-242.78333554390042,14.0,2026-08
SILVER,SHORT,2026-08-18 12:31:00,2385.0,2387.155902675275,2378.5322919741757,SHA_FLIP,2026-08-18 12:37:00,2387.155902675275,STOP_LOSS,-64.67708025824322,208.62,-273.2970802582432,6.0,2026-08
SILVER,LONG,2026-08-18 12:39:00,2388.0,2385.073310223402,2396.7800693297936,SHA_FLIP,2026-08-18 13:01:00,2385.073310223402,STOP_LOSS,-87.80069329793605,208.656,-296.45669329793606,22.0,2026-08
SILVER,SHORT,2026-08-18 13:02:00,2386.0,2388.9244978346733,2377.22650649598,SHA_FLIP,2026-08-18 13:30:00,2377.22650649598,TAKE_PROFIT,263.20480512059476,208.632,54.57280512059475,28.0,2026-08
CRUDEOIL,LONG,2026-08-18 13:52:00,7980.0,7970.93358256227,8016.265669750919,SHA_FLIP,2026-08-18 13:58:00,7970.93358256227,STOP_LOSS,-906.6417437729797,719.2,-1625.8417437729797,6.0,2026-08
CRUDEOIL,SHORT,2026-08-18 13:59:00,7967.0,7974.942996974679,7935.228012101285,SHA_FLIP,2026-08-18 15:50:00,7974.942996974679,STOP_LOSS,-794.2996974678863,718.6800000000001,-1512.9796974678864,111.0,2026-08
CRUDEOIL,SHORT,2026-08-18 16:38:00,7943.0,7945.632293008717,7932.470827965131,SHA_FLIP,2026-08-18 16:46:00,7945.632293008717,STOP_LOSS,-263.229300871717,717.72,-980.949300871717,8.0,2026-08
CRUDEOIL,LONG,2026-08-18 16:47:00,7951.0,7943.367222243816,7981.531111024735,SHA_FLIP,2026-08-18 17:39:00,7981.531111024735,TAKE_PROFIT,3053.1111024734855,718.04,2335.0711024734856,52.0,2026-08
CRUDEOIL,SHORT,2026-08-18 18:04:00,7965.0,7972.271975266614,7935.912098933542,SHA_FLIP,2026-08-18 18:05:00,7972.271975266614,STOP_LOSS,-727.197526661439,718.6,-1445.797526661439,1.0,2026-08
GOLD,LONG,2026-08-18 18:04:00,124948.0,124893.8088497863,125164.76460085477,SHA_FLIP,2026-08-18 18:06:00,124893.8088497863,STOP_LOSS,-5419.115021369362,5397.92,-10817.035021369362,2.0,2026-08
CRUDEOIL,LONG,2026-08-18 18:11:00,7980.0,7973.895073152172,8004.419707391313,SHA_FLIP,2026-08-18 18:23:00,7973.895073152172,STOP_LOSS,-610.492684782821,719.2,-1329.692684782821,12.0,2026-08
CRUDEOIL,LONG,2026-08-18 18:27:00,7985.0,7977.631402464521,8014.474390141917,SHA_FLIP,2026-08-18 18:29:00,7977.631402464521,STOP_LOSS,-736.8597535479239,719.4000000000001,-1456.259753547924,2.0,2026-08
CRUDEOIL,LONG,2026-08-18 18:48:00,7990.0,7984.568410339861,8011.726358640557,SHA_FLIP,2026-08-18 18:55:00,8011.726358640557,TAKE_PROFIT,2172.635864055701,719.6,1453.035864055701,7.0,2026-08
GOLD,SHORT,2026-08-18 18:07:00,124850.0,124919.99643170947,124570.01427316212,SHA_FLIP,2026-08-18 19:06:00,124919.99643170947,STOP_LOSS,-6999.643170947093,5394.0,-12393.643170947093,59.0,2026-08
CRUDEOIL,LONG,2026-08-18 19:07:00,8005.0,7991.699499192916,8058.202003228336,SHA_FLIP,2026-08-18 19:11:00,7991.699499192916,STOP_LOSS,-1330.0500807084063,720.2,-2050.250080708406,4.0,2026-08
GOLD,LONG,2026-08-18 19:29:00,124946.0,124849.51791260816,125331.92834956734,SHA_FLIP,2026-08-18 20:01:00,124849.51791260816,STOP_LOSS,-9648.20873918361,5397.84,-15046.04873918361,32.0,2026-08
SILVER,LONG,2026-08-18 14:06:00,2375.0,2371.11108988687,2386.6667303393897,SHA_FLIP,2026-08-18 20:09:00,2371.11108988687,STOP_LOSS,-116.66730339389687,208.5,-325.1673033938969,363.0,2026-08
CRUDEOIL,SHORT,2026-08-18 19:12:00,7989.0,8009.18164755893,7908.273409764279,SHA_FLIP,2026-08-18 20:49:00,8009.18164755893,STOP_LOSS,-2018.1647558930308,719.56,-2737.7247558930308,97.0,2026-08
CRUDEOIL,LONG,2026-08-18 21:14:00,8041.0,8022.617957905896,8114.528168376415,SHA_FLIP,2026-08-18 21:22:00,8022.617957905896,STOP_LOSS,-1838.204209410378,721.6400000000001,-2559.8442094103784,8.0,2026-08
SILVER,LONG,2026-08-18 21:31:00,2362.0,2358.9394472865088,2371.1816581404737,SHA_FLIP,2026-08-18 21:57:00,2358.9394472865088,STOP_LOSS,-91.81658140473701,208.344,-300.160581404737,26.0,2026-08
SILVER,SHORT,2026-08-18 22:14:00,2358.0,2361.0640648561784,2348.8078054314647,SHA_FLIP,2026-08-19 09:00:00,2340.0,SESSION_END,540.0,208.296,331.704,646.0,2026-08
CRUDEOIL,SHORT,2026-08-18 22:11:00,7991.0,8001.941234825952,7947.235060696192,SHA_FLIP,2026-08-19 09:00:00,8023.0,SESSION_END,-3200.0,719.6400000000001,-3919.6400000000003,649.0,2026-08
GOLD,SHORT,2026-08-18 20:23:00,124653.0,124836.51627699388,123918.9348920245,SHA_FLIP,2026-08-19 09:00:00,124088.0,SESSION_END,56500.0,5386.12,51113.88,757.0,2026-08
CRUDEOIL,LONG,2026-08-19 09:32:00,8020.0,8015.379156196845,8038.4833752126215,SHA_FLIP,2026-08-19 09:54:00,8015.379156196845,STOP_LOSS,-462.0843803155367,720.8,-1182.8843803155366,22.0,2026-08
CRUDEOIL,SHORT,2026-08-19 10:26:00,8010.0,8014.36460065687,7992.541597372521,SHA_FLIP,2026-08-19 10:52:00,8014.36460065687,STOP_LOSS,-436.46006568696976,720.4000000000001,-1156.8600656869698,26.0,2026-08
SILVER,SHORT,2026-08-19 10:10:00,2323.0,2327.2288293872557,2310.313511838233,SHA_FLIP,2026-08-19 11:53:00,2327.2288293872557,STOP_LOSS,-126.86488161767102,207.876,-334.740881617671,103.0,2026-08
CRUDEOIL,LONG,2026-08-19 10:52:00,8015.0,8007.69448693772,8044.222052249119,SHA_FLIP,2026-08-19 11:54:00,8007.69448693772,STOP_LOSS,-730.5513062279715,720.6,-1451.1513062279714,62.0,2026-08
CRUDEOIL,SHORT,2026-08-19 12:28:00,8010.0,8013.070342959169,7997.718628163326,SHA_FLIP,2026-08-19 12:31:00,8013.070342959169,STOP_LOSS,-307.0342959168556,720.4000000000001,-1027.4342959168557,3.0,2026-08
SILVER,LONG,2026-08-19 12:04:00,2325.0,2322.5255504583147,2332.423348625056,SHA_FLIP,2026-08-19 12:32:00,2332.423348625056,TAKE_PROFIT,222.70045875167853,207.9,14.80045875167852,28.0,2026-08
CRUDEOIL,LONG,2026-08-19 12:32:00,8019.0,8014.147811056655,8038.40875577338,SHA_FLIP,2026-08-19 12:54:00,8014.147811056655,STOP_LOSS,-485.2188943345027,720.76,-1205.9788943345027,22.0,2026-08
CRUDEOIL,SHORT,2026-08-19 12:56:00,8015.0,8027.392904570615,7965.428381717538,SHA_FLIP,2026-08-19 14:27:00,8027.392904570615,STOP_LOSS,-1239.2904570615428,720.6,-1959.8904570615427,91.0,2026-08
SILVER,LONG,2026-08-19 13:41:00,2334.0,2330.958766163472,2343.1237015095844,SHA_FLIP,2026-08-19 14:48:00,2330.958766163472,STOP_LOSS,-91.23701509584407,208.008,-299.2450150958441,67.0,2026-08
CRUDEOIL,SHORT,2026-08-19 15:20:00,8017.0,8030.888043644638,7961.447825421448,SHA_FLIP,2026-08-19 15:24:00,8030.888043644638,STOP_LOSS,-1388.8043644637946,720.6800000000001,-2109.484364463795,4.0,2026-08
CRUDEOIL,LONG,2026-08-19 15:25:00,8040.0,8025.236170022784,8099.0553199088645,SHA_FLIP,2026-08-19 16:16:00,8025.236170022784,STOP_LOSS,-1476.382997721612,721.6,-2197.982997721612,51.0,2026-08
GOLD,SHORT,2026-08-19 17:30:00,124300.0,124342.00725456668,124131.97098173329,SHA_FLIP,2026-08-19 17:38:00,124342.00725456668,STOP_LOSS,-4200.725456667715,5372.0,-9572.725456667715,8.0,2026-08
SILVER,LONG,2026-08-19 16:37:00,2343.0,2340.098518455056,2351.7044446348323,SHA_FLIP,2026-08-19 17:52:00,2351.7044446348323,TAKE_PROFIT,261.1333390449681,208.11599999999999,53.01733904496814,75.0,2026-08
CRUDEOIL,SHORT,2026-08-19 16:16:00,8025.0,8037.006382992894,7976.974468028424,SHA_FLIP,2026-08-19 17:54:00,7976.974468028424,TAKE_PROFIT,4802.553197157613,721.0,4081.553197157613,98.0,2026-08
GOLD,LONG,2026-08-19 17:39:00,124384.0,124308.87355432626,124684.50578269496,SHA_FLIP,2026-08-19 18:05:00,124684.50578269496,TAKE_PROFIT,30050.578269496327,5375.360000000001,24675.218269496327,26.0,2026-08
CRUDEOIL,LONG,2026-08-19 19:13:00,7970.0,7958.40529988826,8016.378800446961,SHA_FLIP,2026-08-19 20:32:00,8016.378800446961,TAKE_PROFIT,4637.880044696067,718.8,3919.0800446960666,79.0,2026-08
CRUDEOIL,LONG,2026-08-19 21:32:00,8033.0,8021.664025392447,8078.343898430212,SHA_FLIP,2026-08-19 21:54:00,8021.664025392447,STOP_LOSS,-1133.5974607552998,721.3199999999999,-1854.9174607552998,22.0,2026-08
CRUDEOIL,SHORT,2026-08-19 21:54:00,8020.0,8031.648100079768,7973.40759968093,SHA_FLIP,2026-08-19 22:02:00,8031.648100079768,STOP_LOSS,-1164.8100079767573,720.8,-1885.6100079767573,8.0,2026-08
CRUDEOIL,LONG,2026-08-19 22:05:00,8034.0,8026.123487618827,8065.506049524691,SHA_FLIP,2026-08-19 22:18:00,8026.123487618827,STOP_LOSS,-787.6512381172688,721.36,-1509.011238117269,13.0,2026-08
CRUDEOIL,LONG,2026-08-19 22:23:00,8038.0,8029.669453334443,8071.32218666223,SHA_FLIP,2026-08-19 22:55:00,8029.669453334443,STOP_LOSS,-833.0546665557449,721.52,-1554.574666555745,32.0,2026-08
GOLD,LONG,2026-08-19 19:13:00,126250.0,125922.56601554324,127559.73593782703,SHA_FLIP,2026-08-20 09:00:00,127081.0,SESSION_END,83100.0,5450.0,77650.0,827.0,2026-08
SILVER,LONG,2026-08-19 18:43:00,2376.0,2366.349569278824,2404.9512921635273,SHA_FLIP,2026-08-20 09:00:00,2414.0,SESSION_END,1140.0,208.512,931.488,857.0,2026-08
CRUDEOIL,SHORT,2026-08-20 10:49:00,7934.0,7938.721107884331,7915.115568462676,SHA_FLIP,2026-08-20 10:52:00,7938.721107884331,STOP_LOSS,-472.11078843311043,717.36,-1189.4707884331106,3.0,2026-08
CRUDEOIL,LONG,2026-08-20 10:55:00,7944.0,7939.395565561498,7962.417737754007,SHA_FLIP,2026-08-20 11:00:00,7939.395565561498,STOP_LOSS,-460.4434438501812,717.76,-1178.2034438501812,5.0,2026-08
SILVER,SHORT,2026-08-20 11:01:00,2412.0,2415.664236816135,2401.0072895515946,SHA_FLIP,2026-08-20 11:41:00,2415.664236816135,STOP_LOSS,-109.92710448405433,208.94400000000002,-318.87110448405434,40.0,2026-08
CRUDEOIL,LONG,2026-08-20 11:10:00,7950.0,7945.49003208598,7968.039871656081,SHA_FLIP,2026-08-20 12:00:00,7968.039871656081,TAKE_PROFIT,1803.9871656081232,718.0,1085.9871656081232,50.0,2026-08
SILVER,LONG,2026-08-20 12:16:00,2417.0,2414.100608352075,2425.6981749437746,SHA_FLIP,2026-08-20 12:20:00,2414.100608352075,STOP_LOSS,-86.98174943774575,209.004,-295.98574943774577,4.0,2026-08
CRUDEOIL,LONG,2026-08-20 13:23:00,8049.0,8036.882209028935,8097.47116388426,SHA_FLIP,2026-08-20 13:31:00,8036.882209028935,STOP_LOSS,-1211.7790971065006,721.96,-1933.7390971065006,8.0,2026-08
CRUDEOIL,LONG,2026-08-20 15:00:00,8125.0,8113.620997957992,8170.516008168033,SHA_FLIP,2026-08-20 15:08:00,8113.620997957992,STOP_LOSS,-1137.9002042008324,725.0,-1862.9002042008324,8.0,2026-08
SILVER,SHORT,2026-08-20 12:21:00,2414.0,2418.8924173473356,2399.322747957993,SHA_FLIP,2026-08-20 16:00:00,2418.8924173473356,STOP_LOSS,-146.77252042006785,208.968,-355.7405204200678,219.0,2026-08
SILVER,LONG,2026-08-20 16:18:00,2417.0,2415.1884413348757,2422.434675995373,SHA_FLIP,2026-08-20 16:19:00,2415.1884413348757,STOP_LOSS,-54.346759953728,209.004,-263.350759953728,1.0,2026-08
CRUDEOIL,LONG,2026-08-20 15:19:00,8123.0,8110.264334880462,8173.942660478151,SHA_FLIP,2026-08-20 17:06:00,8173.942660478151,TAKE_PROFIT,5094.266047815108,724.9200000000001,4369.346047815108,107.0,2026-08
SILVER,SHORT,2026-08-20 16:19:00,2415.0,2417.9105326329422,2406.2684021011733,SHA_FLIP,2026-08-20 17:16:00,2406.2684021011733,TAKE_PROFIT,261.94793696480247,208.98,52.967936964802476,57.0,2026-08
SILVER,SHORT,2026-08-20 18:01:00,2393.0,2397.7844623405845,2378.6466129782466,SHA_FLIP,2026-08-20 18:10:00,2397.7844623405845,STOP_LOSS,-143.53387021753406,208.716,-352.24987021753407,9.0,2026-08
CRUDEOIL,LONG,2026-08-20 17:19:00,8176.0,8164.392823442327,8222.42870623069,SHA_FLIP,2026-08-20 18:13:00,8164.392823442327,STOP_LOSS,-1160.7176557672574,727.04,-1887.7576557672573,54.0,2026-08
CRUDEOIL,LONG,2026-08-20 18:58:00,8144.0,8125.688964556274,8217.244141774903,SHA_FLIP,2026-08-20 19:17:00,8125.688964556274,STOP_LOSS,-1831.1035443725814,725.76,-2556.8635443725816,19.0,2026-08
SILVER,LONG,2026-08-20 18:10:00,2399.0,2388.233171686501,2431.300484940497,SHA_FLIP,2026-08-20 20:00:00,2431.300484940497,TAKE_PROFIT,969.0145482149092,208.788,760.2265482149091,110.0,2026-08
GOLD,LONG,2026-08-20 18:10:00,126795.0,126545.25145840479,127793.99416638084,SHA_FLIP,2026-08-20 20:19:00,127793.99416638084,TAKE_PROFIT,99899.41663808422,5471.8,94427.61663808422,129.0,2026-08
CRUDEOIL,SHORT,2026-08-20 20:26:00,8082.0,8095.878285850635,8026.486856597461,SHA_FLIP,2026-08-20 20:27:00,8095.878285850635,STOP_LOSS,-1387.828585063471,723.28,-2111.108585063471,1.0,2026-08
GOLD,LONG,2026-08-20 23:15:00,128035.0,127976.26102353742,128269.95590585034,SHA_FLIP,2026-08-21 09:00:00,128405.0,SESSION_END,37000.0,5521.400000000001,31478.6,585.0,2026-08
SILVER,SHORT,2026-08-20 21:05:00,2454.0,2464.669886236684,2421.9903412899484,SHA_FLIP,2026-08-21 09:00:00,2466.0,SESSION_END,-360.0,209.448,-569.448,715.0,2026-08
CRUDEOIL,LONG,2026-08-20 20:46:00,8106.0,8078.099047977398,8217.603808090407,SHA_FLIP,2026-08-21 09:00:00,8122.0,SESSION_END,1600.0,724.24,875.76,734.0,2026-08
CRUDEOIL,LONG,2026-08-21 09:19:00,8140.0,8132.58680853783,8169.652765848681,SHA_FLIP,2026-08-21 09:28:00,8132.58680853783,STOP_LOSS,-741.3191462170289,725.6,-1466.9191462170288,9.0,2026-08
SILVER,LONG,2026-08-21 09:28:00,2468.0,2462.845227268885,2483.4643181933448,SHA_FLIP,2026-08-21 09:57:00,2483.4643181933448,TAKE_PROFIT,463.92954580034257,209.61599999999999,254.31354580034258,29.0,2026-08
CRUDEOIL,LONG,2026-08-21 10:02:00,8129.0,8125.760101287645,8141.959594849421,SHA_FLIP,2026-08-21 10:22:00,8125.760101287645,STOP_LOSS,-323.98987123551706,725.1600000000001,-1049.1498712355171,20.0,2026-08
SILVER,LONG,2026-08-21 10:23:00,2481.0,2476.405209529497,2494.7843714115093,SHA_FLIP,2026-08-21 10:34:00,2476.405209529497,STOP_LOSS,-137.84371411509255,209.772,-347.61571411509254,11.0,2026-08
SILVER,SHORT,2026-08-21 11:12:00,2475.0,2479.8588487047623,2460.423453885713,SHA_FLIP,2026-08-21 11:15:00,2479.8588487047623,STOP_LOSS,-145.76546114286884,209.7,-355.46546114286883,3.0,2026-08
CRUDEOIL,SHORT,2026-08-21 11:43:00,8106.0,8114.448570128822,8072.205719484711,SHA_FLIP,2026-08-21 12:01:00,8114.448570128822,STOP_LOSS,-844.8570128822212,724.24,-1569.0970128822212,18.0,2026-08
SILVER,SHORT,2026-08-21 11:54:00,2477.0,2480.86270415574,2465.4118875327795,SHA_FLIP,2026-08-21 12:07:00,2480.86270415574,STOP_LOSS,-115.88112467220526,209.724,-325.60512467220525,13.0,2026-08
CRUDEOIL,LONG,2026-08-21 12:12:00,8113.0,8109.1950365652165,8128.219853739134,SHA_FLIP,2026-08-21 12:13:00,8109.1950365652165,STOP_LOSS,-380.4963434783531,724.52,-1105.016343478353,1.0,2026-08
CRUDEOIL,SHORT,2026-08-21 12:13:00,8108.0,8115.070950695617,8079.716197217531,SHA_FLIP,2026-08-21 12:15:00,8115.070950695617,STOP_LOSS,-707.0950695617285,724.3199999999999,-1431.4150695617284,2.0,2026-08
SILVER,LONG,2026-08-21 12:20:00,2479.0,2476.4598597200156,2486.620420839953,SHA_FLIP,2026-08-21 12:28:00,2476.4598597200156,STOP_LOSS,-76.20420839953113,209.748,-285.9522083995311,8.0,2026-08
CRUDEOIL,LONG,2026-08-21 12:16:00,8114.0,8108.372097567193,8136.5116097312275,SHA_FLIP,2026-08-21 12:33:00,8108.372097567193,STOP_LOSS,-562.7902432806877,724.56,-1287.3502432806877,17.0,2026-08
CRUDEOIL,SHORT,2026-08-21 12:33:00,8100.0,8110.031819073418,8059.8727237063285,SHA_FLIP,2026-08-21 12:38:00,8110.031819073418,STOP_LOSS,-1003.1819073417864,724.0,-1727.1819073417864,5.0,2026-08
CRUDEOIL,LONG,2026-08-21 12:40:00,8123.0,8111.321123616019,8169.715505535925,SHA_FLIP,2026-08-21 12:46:00,8111.321123616019,STOP_LOSS,-1167.8876383981333,724.9200000000001,-1892.8076383981333,6.0,2026-08
CRUDEOIL,SHORT,2026-08-21 12:47:00,8104.0,8116.369095481715,8054.523618073141,SHA_FLIP,2026-08-21 12:59:00,8116.369095481715,STOP_LOSS,-1236.9095481714794,724.1600000000001,-1961.0695481714795,12.0,2026-08
CRUDEOIL,LONG,2026-08-21 13:00:00,8124.0,8115.298180165914,8158.807279336343,SHA_FLIP,2026-08-21 13:02:00,8115.298180165914,STOP_LOSS,-870.1819834085654,724.96,-1595.1419834085655,2.0,2026-08
SILVER,SHORT,2026-08-21 12:45:00,2478.0,2481.949340149351,2466.151979551947,SHA_FLIP,2026-08-21 13:16:00,2481.949340149351,STOP_LOSS,-118.48020448052921,209.736,-328.2162044805292,31.0,2026-08
CRUDEOIL,SHORT,2026-08-21 13:18:00,8105.0,8112.530515014519,8074.877939941925,SHA_FLIP,2026-08-21 13:26:00,8112.530515014519,STOP_LOSS,-753.0515014518642,724.2,-1477.2515014518642,8.0,2026-08
CRUDEOIL,LONG,2026-08-21 13:27:00,8125.0,8115.669393945236,8162.322424219055,SHA_FLIP,2026-08-21 13:55:00,8115.669393945236,STOP_LOSS,-933.0606054763848,725.0,-1658.0606054763848,28.0,2026-08
SILVER,LONG,2026-08-21 13:44:00,2483.0,2479.0937177246187,2494.718846826144,SHA_FLIP,2026-08-21 14:03:00,2494.718846826144,TAKE_PROFIT,351.5654047843145,209.796,141.76940478431453,19.0,2026-08
SILVER,LONG,2026-08-21 14:21:00,2496.0,2491.187548027774,2510.437355916678,SHA_FLIP,2026-08-21 14:24:00,2491.187548027774,STOP_LOSS,-144.37355916677916,209.952,-354.32555916677916,3.0,2026-08
SILVER,LONG,2026-08-21 14:31:00,2496.0,2491.181602938489,2510.455191184533,SHA_FLIP,2026-08-21 14:57:00,2491.181602938489,STOP_LOSS,-144.5519118453285,209.952,-354.5039118453285,26.0,2026-08
CRUDEOIL,LONG,2026-08-21 15:05:00,8121.0,8107.440218406647,8175.2391263734135,SHA_FLIP,2026-08-21 15:37:00,8175.2391263734135,TAKE_PROFIT,5423.9126373413455,724.84,4699.072637341345,32.0,2026-08
SILVER,SHORT,2026-08-21 15:37:00,2488.0,2492.1251126746715,2475.6246619759854,SHA_FLIP,2026-08-21 16:10:00,2492.1251126746715,STOP_LOSS,-123.75338024014582,209.856,-333.6093802401458,33.0,2026-08
SILVER,LONG,2026-08-21 16:26:00,2494.0,2490.038273384111,2505.8851798476667,SHA_FLIP,2026-08-21 17:48:00,2490.038273384111,STOP_LOSS,-118.85179847666677,209.928,-328.77979847666677,82.0,2026-08
CRUDEOIL,LONG,2026-08-21 18:20:00,8170.0,8159.668030792662,8211.327876829353,SHA_FLIP,2026-08-21 18:30:00,8159.668030792662,STOP_LOSS,-1033.1969207338261,726.8,-1759.996920733826,10.0,2026-08
CRUDEOIL,SHORT,2026-08-21 18:44:00,8144.0,8155.49012911821,8098.039483527162,SHA_FLIP,2026-08-21 18:47:00,8155.49012911821,STOP_LOSS,-1149.0129118209552,725.76,-1874.7729118209552,3.0,2026-08
CRUDEOIL,LONG,2026-08-21 18:47:00,8170.0,8152.38701817105,8240.4519273158,SHA_FLIP,2026-08-21 18:49:00,8152.38701817105,STOP_LOSS,-1761.298182895007,726.8,-2488.098182895007,2.0,2026-08
GOLD,LONG,2026-08-21 18:42:00,129632.0,129526.31116878008,130054.75532487966,SHA_FLIP,2026-08-21 19:04:00,129526.31116878008,STOP_LOSS,-10568.88312199153,5585.280000000001,-16154.16312199153,22.0,2026-08
SILVER,LONG,2026-08-21 18:32:00,2491.0,2486.188501890984,2505.4344943270485,SHA_FLIP,2026-08-21 19:04:00,2486.188501890984,STOP_LOSS,-144.3449432704847,209.892,-354.2369432704847,32.0,2026-08
SILVER,SHORT,2026-08-21 19:04:00,2487.0,2493.772003353011,2466.6839899409674,SHA_FLIP,2026-08-21 19:11:00,2493.772003353011,STOP_LOSS,-203.16010059032578,209.844,-413.0041005903258,7.0,2026-08
CRUDEOIL,SHORT,2026-08-21 19:50:00,8129.0,8145.296457383912,8063.814170464353,SHA_FLIP,2026-08-21 20:03:00,8145.296457383912,STOP_LOSS,-1629.645738391173,725.1600000000001,-2354.805738391173,13.0,2026-08
SILVER,LONG,2026-08-21 19:12:00,2494.0,2486.224952494426,2517.3251425167223,SHA_FLIP,2026-08-21 20:06:00,2486.224952494426,STOP_LOSS,-233.2514251672228,209.928,-443.1794251672228,54.0,2026-08
CRUDEOIL,SHORT,2026-08-21 20:14:00,8130.0,8142.74027144137,8079.038914234519,SHA_FLIP,2026-08-21 20:23:00,8142.74027144137,STOP_LOSS,-1274.0271441370169,725.2,-1999.227144137017,9.0,2026-08
CRUDEOIL,SHORT,2026-08-21 20:32:00,8126.0,8136.39504175201,8084.41983299196,SHA_FLIP,2026-08-21 20:44:00,8136.39504175201,STOP_LOSS,-1039.5041752010002,725.04,-1764.5441752010001,12.0,2026-08
SILVER,LONG,2026-08-21 21:24:00,2492.0,2488.1113708802795,2503.6658873591614,SHA_FLIP,2026-08-21 21:38:00,2488.1113708802795,STOP_LOSS,-116.65887359161388,209.904,-326.5628735916139,14.0,2026-08
CRUDEOIL,LONG,2026-08-21 20:44:00,8150.0,8130.37176996041,8228.512920158359,SHA_FLIP,2026-08-21 21:51:00,8130.37176996041,STOP_LOSS,-1962.8230039589653,726.0,-2688.8230039589653,67.0,2026-08
SILVER,SHORT,2026-08-21 21:39:00,2488.0,2492.8701335674673,2473.389599297598,SHA_FLIP,2026-08-21 22:12:00,2492.8701335674673,STOP_LOSS,-146.10400702401876,209.856,-355.96000702401875,33.0,2026-08
CRUDEOIL,SHORT,2026-08-21 21:52:00,8145.0,8166.258982609022,8059.964069563914,SHA_FLIP,2026-08-21 22:37:00,8166.258982609022,STOP_LOSS,-2125.8982609021587,725.8,-2851.698260902159,45.0,2026-08
GOLD,LONG,2026-08-21 19:09:00,129707.0,129441.65638286507,130768.37446853973,SHA_FLIP,2026-08-24 09:00:00,130978.0,SESSION_END,127100.0,5588.280000000001,121511.72,3711.0,2026-08
CRUDEOIL,SHORT,2026-08-24 09:45:00,8046.0,8053.979041200224,8014.083835199104,SHA_FLIP,2026-08-24 09:52:00,8053.979041200224,STOP_LOSS,-797.9041200223946,721.84,-1519.7441200223948,7.0,2026-08
CRUDEOIL,SHORT,2026-08-24 09:56:00,8044.0,8050.79799722413,8016.80801110348,SHA_FLIP,2026-08-24 10:05:00,8050.79799722413,STOP_LOSS,-679.7997224130086,721.76,-1401.5597224130086,9.0,2026-08
CRUDEOIL,LONG,2026-08-24 10:38:00,8058.0,8054.213746998085,8073.145012007659,SHA_FLIP,2026-08-24 10:42:00,8054.213746998085,STOP_LOSS,-378.62530019147016,722.3199999999999,-1100.94530019147,4.0,2026-08
CRUDEOIL,SHORT,2026-08-24 11:28:00,8050.0,8053.910267042437,8034.358931830251,SHA_FLIP,2026-08-24 11:36:00,8034.358931830251,TAKE_PROFIT,1564.1068169748905,722.0,842.1068169748905,8.0,2026-08
SILVER,SHORT,2026-08-24 09:20:00,2486.0,2495.6533897103445,2457.0398308689664,SHA_FLIP,2026-08-24 11:45:00,2495.6533897103445,STOP_LOSS,-289.6016913103358,209.832,-499.4336913103358,145.0,2026-08
CRUDEOIL,SHORT,2026-08-24 12:07:00,8020.0,8027.11829751317,7991.526809947321,SHA_FLIP,2026-08-24 12:16:00,8027.11829751317,STOP_LOSS,-711.8297513169637,720.8,-1432.6297513169636,9.0,2026-08
CRUDEOIL,SHORT,2026-08-24 12:22:00,8023.0,8029.60125956802,7996.594961727918,SHA_FLIP,2026-08-24 12:25:00,8029.60125956802,STOP_LOSS,-660.1259568020396,720.9200000000001,-1381.0459568020397,3.0,2026-08
CRUDEOIL,SHORT,2026-08-24 12:32:00,8009.0,8019.720934610703,7966.116261557188,SHA_FLIP,2026-08-24 12:48:00,8019.720934610703,STOP_LOSS,-1072.0934610702898,720.36,-1792.45346107029,16.0,2026-08
SILVER,LONG,2026-08-24 12:04:00,2495.0,2489.2052525288527,2512.384242413442,SHA_FLIP,2026-08-24 12:54:00,2489.2052525288527,STOP_LOSS,-173.84242413441825,209.94,-383.78242413441825,50.0,2026-08
CRUDEOIL,SHORT,2026-08-24 12:56:00,8015.0,8019.840989463926,7995.636042144295,SHA_FLIP,2026-08-24 12:59:00,8019.840989463926,STOP_LOSS,-484.0989463926235,720.6,-1204.6989463926234,3.0,2026-08
CRUDEOIL,LONG,2026-08-24 13:00:00,8026.0,8016.0688691342375,8065.72452346305,SHA_FLIP,2026-08-24 13:03:00,8016.0688691342375,STOP_LOSS,-993.1130865762498,721.04,-1714.1530865762497,3.0,2026-08
CRUDEOIL,SHORT,2026-08-24 13:04:00,8009.0,8020.549491924089,7962.8020323036435,SHA_FLIP,2026-08-24 13:09:00,8020.549491924089,STOP_LOSS,-1154.9491924089125,720.36,-1875.3091924089126,5.0,2026-08
CRUDEOIL,LONG,2026-08-24 13:09:00,8030.0,8016.608572174524,8083.565711301904,SHA_FLIP,2026-08-24 14:13:00,8016.608572174524,STOP_LOSS,-1339.1427825476057,721.2,-2060.3427825476056,64.0,2026-08
SILVER,SHORT,2026-08-24 14:29:00,2482.0,2485.8608946244303,2470.417316126709,SHA_FLIP,2026-08-24 14:37:00,2485.8608946244303,STOP_LOSS,-115.82683873290989,209.784,-325.6108387329099,8.0,2026-08
SILVER,LONG,2026-08-24 14:37:00,2486.0,2482.10305898587,2497.6908230423896,SHA_FLIP,2026-08-24 14:48:00,2482.10305898587,STOP_LOSS,-116.90823042389638,209.832,-326.7402304238964,11.0,2026-08
CRUDEOIL,SHORT,2026-08-24 15:39:00,8009.0,8016.6839305536505,7978.264277785398,SHA_FLIP,2026-08-24 16:15:00,8016.6839305536505,STOP_LOSS,-768.3930553650498,720.36,-1488.75305536505,36.0,2026-08
CRUDEOIL,SHORT,2026-08-24 16:34:00,8004.0,8019.067821400272,7943.728714398912,SHA_FLIP,2026-08-24 16:41:00,8019.067821400272,STOP_LOSS,-1506.7821400271896,720.1600000000001,-2226.9421400271895,7.0,2026-08
CRUDEOIL,LONG,2026-08-24 16:46:00,8020.0,8015.241526946941,8039.0338922122355,SHA_FLIP,2026-08-24 16:55:00,8039.0338922122355,TAKE_PROFIT,1903.3892212235514,720.8,1182.5892212235515,9.0,2026-08
SILVER,LONG,2026-08-24 15:15:00,2483.0,2479.2918893124797,2494.124332062561,SHA_FLIP,2026-08-24 17:08:00,2494.124332062561,TAKE_PROFIT,333.72996187682475,209.796,123.93396187682475,113.0,2026-08
CRUDEOIL,LONG,2026-08-24 17:40:00,8033.0,8025.004807415212,8064.9807703391525,SHA_FLIP,2026-08-24 17:43:00,8025.004807415212,STOP_LOSS,-799.5192584788128,721.3199999999999,-1520.8392584788128,3.0,2026-08
SILVER,LONG,2026-08-24 17:52:00,2493.0,2490.6248846374756,2500.1253460875732,SHA_FLIP,2026-08-24 18:02:00,2490.6248846374756,STOP_LOSS,-71.25346087573234,209.916,-281.16946087573234,10.0,2026-08
SILVER,SHORT,2026-08-24 18:02:00,2488.0,2494.8325487412794,2467.5023537761617,SHA_FLIP,2026-08-24 18:10:00,2494.8325487412794,STOP_LOSS,-204.97646223838274,209.856,-414.83246223838273,8.0,2026-08
GOLD,LONG,2026-08-24 17:41:00,131717.0,131605.00081452352,132164.99674190592,SHA_FLIP,2026-08-24 18:38:00,132164.99674190592,TAKE_PROFIT,44799.67419059249,5668.68,39130.994190592486,57.0,2026-08
SILVER,LONG,2026-08-24 18:11:00,2496.0,2488.1622363025476,2519.513291092357,SHA_FLIP,2026-08-24 19:15:00,2488.1622363025476,STOP_LOSS,-235.13291092357122,209.952,-445.0849109235712,64.0,2026-08
CRUDEOIL,LONG,2026-08-24 18:35:00,8053.0,8036.571099871426,8118.715600514297,SHA_FLIP,2026-08-24 19:32:00,8036.571099871426,STOP_LOSS,-1642.8900128574242,722.12,-2365.010012857424,57.0,2026-08
CRUDEOIL,SHORT,2026-08-24 20:18:00,8015.0,8027.797548470144,7963.809806119425,SHA_FLIP,2026-08-24 20:34:00,8027.797548470144,STOP_LOSS,-1279.7548470143738,720.6,-2000.3548470143737,16.0,2026-08
CRUDEOIL,SHORT,2026-08-24 20:39:00,8010.0,8023.99231120923,7954.030755163079,SHA_FLIP,2026-08-24 20:50:00,8023.99231120923,STOP_LOSS,-1399.2311209230138,720.4000000000001,-2119.631120923014,11.0,2026-08
CRUDEOIL,LONG,2026-08-24 20:50:00,8020.0,8010.340908828954,8058.6363646841855,SHA_FLIP,2026-08-24 20:56:00,8010.340908828954,STOP_LOSS,-965.9091171046384,720.8,-1686.7091171046384,6.0,2026-08
GOLD,LONG,2026-08-24 19:19:00,132202.0,131913.17723999082,133357.2910400367,SHA_FLIP,2026-08-24 21:15:00,131913.17723999082,STOP_LOSS,-28882.276000917773,5688.08,-34570.356000917775,116.0,2026-08
SILVER,SHORT,2026-08-24 19:44:00,2491.0,2495.2350375885717,2478.294887234285,SHA_FLIP,2026-08-24 21:28:00,2478.294887234285,TAKE_PROFIT,381.1533829714517,209.892,171.26138297145172,104.0,2026-08
CRUDEOIL,SHORT,2026-08-24 20:56:00,7998.0,8010.111722939982,7949.55310824007,SHA_FLIP,2026-08-24 21:47:00,8010.111722939982,STOP_LOSS,-1211.1722939982428,719.9200000000001,-1931.092293998243,51.0,2026-08
SILVER,SHORT,2026-08-24 21:40:00,2480.0,2483.5181836686093,2469.4454489941722,SHA_FLIP,2026-08-24 21:51:00,2483.5181836686093,STOP_LOSS,-105.54551005827761,209.76,-315.3055100582776,11.0,2026-08
GOLD,SHORT,2026-08-24 22:16:00,131800.0,131859.17618312736,131563.29526749055,SHA_FLIP,2026-08-24 22:26:00,131563.29526749055,TAKE_PROFIT,23670.473250944633,5672.0,17998.473250944633,10.0,2026-08
CRUDEOIL,LONG,2026-08-24 22:10:00,8031.0,8015.721295647288,8092.114817410849,SHA_FLIP,2026-08-24 22:31:00,8015.721295647288,STOP_LOSS,-1527.8704352712339,721.24,-2249.1104352712337,21.0,2026-08
SILVER,SHORT,2026-08-24 22:04:00,2481.0,2484.8949742818936,2469.315077154319,SHA_FLIP,2026-08-24 22:52:00,2469.315077154319,TAKE_PROFIT,350.5476853704249,209.772,140.77568537042492,48.0,2026-08
GOLD,SHORT,2026-08-24 22:48:00,131510.0,131725.2668016589,130648.9327933644,SHA_FLIP,2026-08-25 09:00:00,131263.0,SESSION_END,24700.0,5660.400000000001,19039.6,612.0,2026-08
CRUDEOIL,SHORT,2026-08-24 23:17:00,7994.0,7998.185797312021,7977.256810751915,SHA_FLIP,2026-08-25 09:00:00,8040.0,SESSION_END,-4600.0,719.76,-5319.76,583.0,2026-08
SILVER,LONG,2026-08-25 09:44:00,2453.0,2449.1291493823173,2464.612551853048,SHA_FLIP,2026-08-25 09:50:00,2449.1291493823173,STOP_LOSS,-116.1255185304799,209.436,-325.56151853047993,6.0,2026-08
CRUDEOIL,SHORT,2026-08-25 12:01:00,7930.0,7942.772344128038,7878.910623487849,SHA_FLIP,2026-08-25 12:09:00,7942.772344128038,STOP_LOSS,-1277.234412803773,717.2,-1994.434412803773,8.0,2026-08
CRUDEOIL,LONG,2026-08-25 12:09:00,7974.0,7954.201075988397,8053.195696046412,SHA_FLIP,2026-08-25 12:11:00,7954.201075988397,STOP_LOSS,-1979.8924011603049,718.96,-2698.852401160305,2.0,2026-08
CRUDEOIL,SHORT,2026-08-25 12:24:00,7929.0,7947.928323168682,7853.286707325271,SHA_FLIP,2026-08-25 12:40:00,7947.928323168682,STOP_LOSS,-1892.8323168682255,717.1600000000001,-2609.9923168682253,16.0,2026-08
CRUDEOIL,SHORT,2026-08-25 12:52:00,7940.0,7947.674321744444,7909.302713022225,SHA_FLIP,2026-08-25 12:54:00,7947.674321744444,STOP_LOSS,-767.432174444366,717.6,-1485.0321744443659,2.0,2026-08
SILVER,SHORT,2026-08-25 12:41:00,2464.0,2466.8863317024416,2455.3410048926753,SHA_FLIP,2026-08-25 13:24:00,2455.3410048926753,TAKE_PROFIT,259.769853219741,209.568,50.20185321974097,43.0,2026-08
CRUDEOIL,LONG,2026-08-25 12:55:00,7953.0,7943.497634111839,7991.009463552644,SHA_FLIP,2026-08-25 13:51:00,7943.497634111839,STOP_LOSS,-950.2365888160966,718.12,-1668.3565888160965,56.0,2026-08
CRUDEOIL,SHORT,2026-08-25 15:57:00,7764.0,7778.127358263166,7707.490566947337,SHA_FLIP,2026-08-25 16:14:00,7778.127358263166,STOP_LOSS,-1412.735826316566,710.56,-2123.295826316566,17.0,2026-08
CRUDEOIL,LONG,2026-08-25 16:14:00,7780.0,7767.802508985432,7828.789964058273,SHA_FLIP,2026-08-25 16:34:00,7767.802508985432,STOP_LOSS,-1219.7491014568186,711.2,-1930.9491014568187,20.0,2026-08
CRUDEOIL,LONG,2026-08-25 16:40:00,7791.0,7777.397155458412,7845.411378166351,SHA_FLIP,2026-08-25 16:44:00,7777.397155458412,STOP_LOSS,-1360.2844541587729,711.6400000000001,-2071.924454158773,4.0,2026-08
CRUDEOIL,SHORT,2026-08-25 17:40:00,7737.0,7744.626815398926,7706.492738404297,SHA_FLIP,2026-08-25 17:42:00,7744.626815398926,STOP_LOSS,-762.6815398925828,709.48,-1472.1615398925828,2.0,2026-08
CRUDEOIL,LONG,2026-08-25 18:12:00,7785.0,7771.22756791115,7840.0897283554,SHA_FLIP,2026-08-25 18:16:00,7771.22756791115,STOP_LOSS,-1377.243208885011,711.4000000000001,-2088.643208885011,4.0,2026-08
SILVER,SHORT,2026-08-25 14:04:00,2454.0,2461.764502428747,2430.7064927137585,SHA_FLIP,2026-08-25 18:21:00,2461.764502428747,STOP_LOSS,-232.93507286241493,209.448,-442.3830728624149,257.0,2026-08
GOLD,LONG,2026-08-25 18:13:00,131053.0,130919.6473716062,131586.4105135752,SHA_FLIP,2026-08-25 18:30:00,130919.6473716062,STOP_LOSS,-13335.26283937972,5642.12,-18977.38283937972,17.0,2026-08
SILVER,SHORT,2026-08-25 19:06:00,2447.0,2453.0496382760834,2428.8510851717497,SHA_FLIP,2026-08-25 19:36:00,2453.0496382760834,STOP_LOSS,-181.48914828250327,209.364,-390.8531482825033,30.0,2026-08
GOLD,LONG,2026-08-25 19:57:00,130466.0,130258.1800253025,131297.27989879,SHA_FLIP,2026-08-25 20:00:00,130258.1800253025,STOP_LOSS,-20781.99746975006,5618.64,-26400.637469750058,3.0,2026-08
SILVER,LONG,2026-08-25 19:54:00,2453.0,2449.148409709818,2464.5547708705453,SHA_FLIP,2026-08-25 20:00:00,2449.148409709818,STOP_LOSS,-115.54770870545326,209.436,-324.9837087054533,6.0,2026-08
CRUDEOIL,LONG,2026-08-25 20:00:00,7781.0,7765.984432624909,7841.062269500366,SHA_FLIP,2026-08-25 20:15:00,7765.984432624909,STOP_LOSS,-1501.556737509145,711.24,-2212.796737509145,15.0,2026-08
CRUDEOIL,SHORT,2026-08-25 20:43:00,7758.0,7766.446948394684,7724.2122064212635,SHA_FLIP,2026-08-25 21:05:00,7724.2122064212635,TAKE_PROFIT,3378.7793578736455,710.3199999999999,2668.459357873646,22.0,2026-08
SILVER,LONG,2026-08-25 20:42:00,2457.0,2453.11392853692,2468.65821438924,SHA_FLIP,2026-08-25 21:06:00,2468.65821438924,TAKE_PROFIT,349.7464316772039,209.484,140.26243167720386,24.0,2026-08
SILVER,LONG,2026-08-25 21:29:00,2469.0,2464.377711984808,2482.8668640455767,SHA_FLIP,2026-08-25 21:39:00,2464.377711984808,STOP_LOSS,-138.66864045576676,209.628,-348.29664045576675,10.0,2026-08
SILVER,LONG,2026-08-25 22:09:00,2468.0,2465.106915609872,2476.679253170384,SHA_FLIP,2026-08-25 22:26:00,2465.106915609872,STOP_LOSS,-86.79253170384072,209.61599999999999,-296.4085317038407,17.0,2026-08
CRUDEOIL,LONG,2026-08-25 21:50:00,7725.0,7717.863782624926,7753.544869500296,SHA_FLIP,2026-08-25 22:30:00,7717.863782624926,STOP_LOSS,-713.6217375074011,709.0,-1422.6217375074011,40.0,2026-08
CRUDEOIL,SHORT,2026-08-25 22:30:00,7717.0,7730.356155664894,7663.575377340425,SHA_FLIP,2026-08-25 22:45:00,7730.356155664894,STOP_LOSS,-1335.6155664893777,708.6800000000001,-2044.2955664893777,15.0,2026-08
CRUDEOIL,SHORT,2026-08-25 22:49:00,7722.0,7731.127746035404,7685.489015858384,SHA_FLIP,2026-08-25 22:52:00,7731.127746035404,STOP_LOSS,-912.7746035404016,708.88,-1621.6546035404017,3.0,2026-08
SILVER,LONG,2026-08-25 22:48:00,2468.0,2465.0933511424987,2476.719946572504,SHA_FLIP,2026-08-25 22:58:00,2465.0933511424987,STOP_LOSS,-87.19946572503886,209.61599999999999,-296.81546572503885,10.0,2026-08
CRUDEOIL,LONG,2026-08-25 22:52:00,7739.0,7726.25817539562,7789.9672984175195,SHA_FLIP,2026-08-25 23:01:00,7726.25817539562,STOP_LOSS,-1274.1824604379872,709.56,-1983.7424604379871,9.0,2026-08
SILVER,SHORT,2026-08-25 22:58:00,2465.0,2469.8820189500625,2450.3539431498125,SHA_FLIP,2026-08-25 23:11:00,2469.8820189500625,STOP_LOSS,-146.46056850187506,209.58,-356.0405685018751,13.0,2026-08
GOLD,LONG,2026-08-25 20:06:00,130457.0,130231.39618123847,131359.41527504614,SHA_FLIP,2026-08-26 09:00:00,131178.0,SESSION_END,72100.0,5618.280000000001,66481.72,774.0,2026-08
CRUDEOIL,SHORT,2026-08-26 09:50:00,7575.0,7582.7762772140895,7543.894891143642,SHA_FLIP,2026-08-26 10:21:00,7582.7762772140895,STOP_LOSS,-777.6277214089532,703.0,-1480.6277214089532,31.0,2026-08
CRUDEOIL,LONG,2026-08-26 10:38:00,7598.0,7591.232209491626,7625.071162033495,SHA_FLIP,2026-08-26 11:17:00,7625.071162033495,TAKE_PROFIT,2707.1162033495057,703.9200000000001,2003.1962033495056,39.0,2026-08
SILVER,LONG,2026-08-26 09:35:00,2479.0,2475.137828833658,2490.5865134990254,SHA_FLIP,2026-08-26 11:47:00,2475.137828833658,STOP_LOSS,-115.86513499025386,209.748,-325.61313499025385,132.0,2026-08
CRUDEOIL,LONG,2026-08-26 11:39:00,7622.0,7614.415643200981,7652.337427196075,SHA_FLIP,2026-08-26 12:09:00,7614.415643200981,STOP_LOSS,-758.4356799018678,704.88,-1463.315679901868,30.0,2026-08
CRUDEOIL,SHORT,2026-08-26 12:35:00,7588.0,7602.593984819131,7529.624060723476,SHA_FLIP,2026-08-26 13:50:00,7602.593984819131,STOP_LOSS,-1459.3984819131038,703.52,-2162.9184819131037,75.0,2026-08
CRUDEOIL,LONG,2026-08-26 14:45:00,7553.0,7549.184583205394,7568.2616671784235,SHA_FLIP,2026-08-26 14:46:00,7549.184583205394,STOP_LOSS,-381.54167946058806,702.12,-1083.661679460588,1.0,2026-08
CRUDEOIL,SHORT,2026-08-26 14:46:00,7547.0,7556.013389110651,7510.946443557397,SHA_FLIP,2026-08-26 14:55:00,7556.013389110651,STOP_LOSS,-901.3389110650678,701.88,-1603.218911065068,9.0,2026-08
SILVER,SHORT,2026-08-26 12:24:00,2471.0,2475.8655157048697,2456.403452885391,SHA_FLIP,2026-08-26 16:53:00,2456.403452885391,TAKE_PROFIT,437.896413438275,209.652,228.244413438275,269.0,2026-08
CRUDEOIL,LONG,2026-08-26 14:55:00,7560.0,7543.64188497503,7625.432460099881,SHA_FLIP,2026-08-26 18:24:00,7625.432460099881,TAKE_PROFIT,6543.24600998807,702.4000000000001,5840.84600998807,209.0,2026-08
SILVER,LONG,2026-08-26 17:01:00,2461.0,2455.1586169265393,2478.5241492203822,SHA_FLIP,2026-08-26 18:30:00,2455.1586169265393,STOP_LOSS,-175.24149220382242,209.532,-384.77349220382246,89.0,2026-08
GOLD,SHORT,2026-08-26 18:56:00,129933.0,130187.50757304375,128914.96970782499,SHA_FLIP,2026-08-26 19:00:00,130187.50757304375,STOP_LOSS,-25450.757304375293,5597.320000000001,-31048.077304375292,4.0,2026-08
CRUDEOIL,LONG,2026-08-26 19:01:00,7651.0,7633.2434096039415,7722.026361584234,SHA_FLIP,2026-08-26 20:00:00,7722.026361584234,TAKE_PROFIT,7102.636158423411,706.04,6396.596158423411,59.0,2026-08
GOLD,SHORT,2026-08-26 19:56:00,130179.0,130320.33959517648,129613.64161929407,SHA_FLIP,2026-08-26 20:14:00,130320.33959517648,STOP_LOSS,-14133.959517648327,5607.16,-19741.119517648327,18.0,2026-08
SILVER,SHORT,2026-08-26 20:02:00,2455.0,2459.8477097852674,2440.456870644198,SHA_FLIP,2026-08-26 20:35:00,2440.456870644198,TAKE_PROFIT,436.2938806740658,209.46,226.8338806740658,33.0,2026-08
GOLD,SHORT,2026-08-26 20:19:00,130140.0,130272.40665965645,129610.3733613742,SHA_FLIP,2026-08-26 20:35:00,129610.3733613742,TAKE_PROFIT,52962.663862580666,5605.6,47357.06386258067,16.0,2026-08
CRUDEOIL,LONG,2026-08-26 20:30:00,7742.0,7729.561710891908,7791.753156432369,SHA_FLIP,2026-08-26 21:21:00,7791.753156432369,TAKE_PROFIT,4975.3156432369,709.6800000000001,4265.635643236899,51.0,2026-08
SILVER,LONG,2026-08-26 20:53:00,2447.0,2439.8372957398983,2468.488112780305,SHA_FLIP,2026-08-26 23:07:00,2439.8372957398983,STOP_LOSS,-214.88112780305073,209.364,-424.24512780305076,134.0,2026-08
GOLD,SHORT,2026-08-26 21:23:00,129510.0,129761.84939673588,128502.60241305648,SHA_FLIP,2026-08-26 23:20:00,128502.60241305648,TAKE_PROFIT,100739.75869435235,5580.400000000001,95159.35869435236,117.0,2026-08
CRUDEOIL,LONG,2026-08-26 21:21:00,7802.0,7779.281277118469,7892.874891526124,SHA_FLIP,2026-08-27 09:00:00,7732.0,SESSION_END,-7000.0,712.08,-7712.08,699.0,2026-08
CRUDEOIL,SHORT,2026-08-27 09:36:00,7725.0,7728.787284806501,7709.850860773997,SHA_FLIP,2026-08-27 09:52:00,7728.787284806501,STOP_LOSS,-378.7284806500793,709.0,-1087.7284806500793,16.0,2026-08
SILVER,SHORT,2026-08-27 09:49:00,2440.0,2447.7661588436276,2416.701523469117,SHA_FLIP,2026-08-27 09:58:00,2416.701523469117,TAKE_PROFIT,698.9542959264872,209.28,489.6742959264873,9.0,2026-08
SILVER,SHORT,2026-08-27 10:16:00,2426.0,2436.0644187142707,2395.806743857188,SHA_FLIP,2026-08-27 10:22:00,2436.0644187142707,STOP_LOSS,-301.9325614281206,209.112,-511.0445614281206,6.0,2026-08
CRUDEOIL,SHORT,2026-08-27 11:23:00,7708.0,7710.368912149711,7698.524351401156,SHA_FLIP,2026-08-27 11:37:00,7698.524351401156,TAKE_PROFIT,947.5648598843691,708.3199999999999,239.24485988436913,14.0,2026-08
SILVER,SHORT,2026-08-27 11:32:00,2429.0,2433.9208274392363,2414.237517682291,SHA_FLIP,2026-08-27 11:44:00,2433.9208274392363,STOP_LOSS,-147.62482317708873,209.148,-356.77282317708875,12.0,2026-08
CRUDEOIL,SHORT,2026-08-27 12:27:00,7667.0,7675.741695438092,7632.03321824763,SHA_FLIP,2026-08-27 12:42:00,7632.03321824763,TAKE_PROFIT,3496.678175236957,706.6800000000001,2789.9981752369567,15.0,2026-08
SILVER,SHORT,2026-08-27 13:06:00,2434.0,2437.8793516187443,2422.361945143767,SHA_FLIP,2026-08-27 13:14:00,2437.8793516187443,STOP_LOSS,-116.38054856232884,209.208,-325.5885485623288,8.0,2026-08
CRUDEOIL,LONG,2026-08-27 13:27:00,7682.0,7672.476575244547,7720.093699021811,SHA_FLIP,2026-08-27 14:25:00,7720.093699021811,TAKE_PROFIT,3809.3699021810608,707.28,3102.089902181061,58.0,2026-08
CRUDEOIL,LONG,2026-08-27 14:25:00,7726.0,7711.3672848698225,7784.53086052071,SHA_FLIP,2026-08-27 15:31:00,7784.53086052071,TAKE_PROFIT,5853.086052071012,709.04,5144.046052071012,66.0,2026-08
CRUDEOIL,LONG,2026-08-27 15:52:00,7777.0,7768.4211569350055,7811.315372259978,SHA_FLIP,2026-08-27 16:13:00,7768.4211569350055,STOP_LOSS,-857.8843064994544,711.08,-1568.9643064994543,21.0,2026-08
CRUDEOIL,SHORT,2026-08-27 16:29:00,7771.0,7782.155900621913,7726.3763975123475,SHA_FLIP,2026-08-27 16:32:00,7782.155900621913,STOP_LOSS,-1115.5900621913133,710.84,-1826.4300621913135,3.0,2026-08
CRUDEOIL,LONG,2026-08-27 16:32:00,7787.0,7770.809921876639,7851.760312493443,SHA_FLIP,2026-08-27 16:43:00,7770.809921876639,STOP_LOSS,-1619.0078123360763,711.48,-2330.4878123360763,11.0,2026-08
CRUDEOIL,SHORT,2026-08-27 16:44:00,7775.0,7784.49303458511,7737.027861659561,SHA_FLIP,2026-08-27 16:52:00,7784.49303458511,STOP_LOSS,-949.3034585109854,711.0,-1660.3034585109854,8.0,2026-08
CRUDEOIL,LONG,2026-08-27 16:52:00,7786.0,7776.919208987971,7822.323164048117,SHA_FLIP,2026-08-27 17:00:00,7776.919208987971,STOP_LOSS,-908.0791012029295,711.44,-1619.5191012029295,8.0,2026-08
CRUDEOIL,LONG,2026-08-27 17:41:00,7783.0,7776.600682235082,7808.5972710596725,SHA_FLIP,2026-08-27 17:47:00,7776.600682235082,STOP_LOSS,-639.9317764918123,711.3199999999999,-1351.2517764918123,6.0,2026-08
CRUDEOIL,SHORT,2026-08-27 17:47:00,7770.0,7777.911728687544,7738.3530852498225,SHA_FLIP,2026-08-27 17:59:00,7777.911728687544,STOP_LOSS,-791.1728687544382,710.8,-1501.9728687544382,12.0,2026-08
CRUDEOIL,LONG,2026-08-27 18:16:00,7798.0,7778.124892701528,7877.500429193889,SHA_FLIP,2026-08-27 18:58:00,7778.124892701528,STOP_LOSS,-1987.5107298472358,711.9200000000001,-2699.430729847236,42.0,2026-08
CRUDEOIL,SHORT,2026-08-27 18:58:00,7770.0,7782.678325060472,7719.286699758111,SHA_FLIP,2026-08-27 19:00:00,7782.678325060472,STOP_LOSS,-1267.8325060472162,710.8,-1978.632506047216,2.0,2026-08
SILVER,SHORT,2026-08-27 14:33:00,2437.0,2441.897828752225,2422.306513743325,SHA_FLIP,2026-08-27 20:06:00,2441.897828752225,STOP_LOSS,-146.93486256674987,209.244,-356.1788625667499,333.0,2026-08
GOLD,SHORT,2026-08-27 18:04:00,127300.0,127434.40328646963,126762.38685412146,SHA_FLIP,2026-08-27 20:06:00,127434.40328646963,STOP_LOSS,-13440.328646963462,5492.0,-18932.328646963462,122.0,2026-08
CRUDEOIL,LONG,2026-08-27 19:01:00,7800.0,7780.946879953228,7876.212480187089,SHA_FLIP,2026-08-27 20:08:00,7780.946879953228,STOP_LOSS,-1905.3120046772165,712.0,-2617.3120046772165,67.0,2026-08
GOLD,LONG,2026-08-27 20:31:00,127410.0,127276.04620203318,127945.8151918673,SHA_FLIP,2026-08-27 20:39:00,127276.04620203318,STOP_LOSS,-13395.379796682391,5496.400000000001,-18891.779796682393,8.0,2026-08
CRUDEOIL,SHORT,2026-08-27 20:51:00,7751.0,7763.456730747957,7701.17307700817,SHA_FLIP,2026-08-27 20:56:00,7763.456730747957,STOP_LOSS,-1245.6730747957408,710.04,-1955.7130747957408,5.0,2026-08
SILVER,LONG,2026-08-27 20:48:00,2442.0,2437.153677089573,2456.5389687312804,SHA_FLIP,2026-08-27 20:57:00,2437.153677089573,STOP_LOSS,-145.3896873128042,209.304,-354.6936873128042,9.0,2026-08
CRUDEOIL,LONG,2026-08-27 20:56:00,7767.0,7753.149669228508,7822.401323085967,SHA_FLIP,2026-08-27 23:15:00,7822.401323085967,TAKE_PROFIT,5540.132308596731,710.6800000000001,4829.45230859673,139.0,2026-08
GOLD,SHORT,2026-08-27 22:19:00,128011.0,128192.35227976038,127285.59088095848,SHA_FLIP,2026-08-28 09:00:00,127202.0,SESSION_END,80900.0,5520.4400000000005,75379.56,641.0,2026-08
SILVER,LONG,2026-08-27 21:02:00,2442.0,2437.120595280613,2456.6382141581607,SHA_FLIP,2026-08-28 09:00:00,2435.0,SESSION_END,-210.0,209.304,-419.304,718.0,2026-08
CRUDEOIL,SHORT,2026-08-28 09:28:00,7820.0,7827.992332441518,7788.030670233929,SHA_FLIP,2026-08-28 09:56:00,7827.992332441518,STOP_LOSS,-799.2332441517647,712.8,-1512.0332441517646,28.0,2026-08
SILVER,SHORT,2026-08-28 10:36:00,2434.0,2437.8844648783597,2422.346605364921,SHA_FLIP,2026-08-28 11:41:00,2437.8844648783597,STOP_LOSS,-116.53394635079167,209.208,-325.74194635079164,65.0,2026-08
CRUDEOIL,SHORT,2026-08-28 10:58:00,7830.0,7837.309377739987,7800.762489040051,SHA_FLIP,2026-08-28 12:05:00,7800.762489040051,TAKE_PROFIT,2923.751095994885,713.2,2210.551095994885,67.0,2026-08
CRUDEOIL,SHORT,2026-08-28 12:31:00,7796.0,7801.904629013044,7772.3814839478255,SHA_FLIP,2026-08-28 12:32:00,7801.904629013044,STOP_LOSS,-590.4629013043632,711.84,-1302.3029013043633,1.0,2026-08
CRUDEOIL,LONG,2026-08-28 14:00:00,7819.0,7805.067123658931,7874.731505364274,SHA_FLIP,2026-08-28 14:03:00,7805.067123658931,STOP_LOSS,-1393.287634106855,712.76,-2106.047634106855,3.0,2026-08
CRUDEOIL,LONG,2026-08-28 14:16:00,7820.0,7796.259463396805,7914.962146412781,SHA_FLIP,2026-08-28 17:56:00,7796.259463396805,STOP_LOSS,-2374.0536603195324,712.8,-3086.8536603195325,220.0,2026-08
GOLD,LONG,2026-08-28 17:35:00,128116.0,127990.87385061104,128616.50459755585,SHA_FLIP,2026-08-28 18:05:00,127990.87385061104,STOP_LOSS,-12512.61493889615,5524.64,-18037.25493889615,30.0,2026-08
GOLD,LONG,2026-08-28 18:57:00,128160.0,128046.16087188409,128615.35651246365,SHA_FLIP,2026-08-28 19:28:00,128615.35651246365,TAKE_PROFIT,45535.65124636516,5526.400000000001,40009.25124636516,31.0,2026-08
SILVER,LONG,2026-08-28 12:46:00,2456.0,2449.7091616940043,2474.8725149179872,SHA_FLIP,2026-08-28 19:30:00,2474.8725149179872,TAKE_PROFIT,566.1754475396174,209.472,356.7034475396174,404.0,2026-08
CRUDEOIL,SHORT,2026-08-28 18:16:00,7790.0,7801.474256298374,7744.102974806505,SHA_FLIP,2026-08-28 19:41:00,7801.474256298374,STOP_LOSS,-1147.4256298373803,711.6,-1859.0256298373802,85.0,2026-08
SILVER,SHORT,2026-08-28 19:32:00,2467.0,2474.7068712441346,2443.879386267596,SHA_FLIP,2026-08-28 19:56:00,2443.879386267596,TAKE_PROFIT,693.6184119721156,209.604,484.01441197211557,24.0,2026-08
SILVER,SHORT,2026-08-28 21:02:00,2451.0,2454.857856147818,2439.426431556546,SHA_FLIP,2026-08-28 21:05:00,2454.857856147818,STOP_LOSS,-115.73568443453951,209.412,-325.14768443453954,3.0,2026-08
SILVER,SHORT,2026-08-28 21:08:00,2450.0,2454.819037952263,2435.542886143211,SHA_FLIP,2026-08-28 21:27:00,2435.542886143211,TAKE_PROFIT,433.71341570366894,209.4,224.31341570366894,19.0,2026-08
GOLD,SHORT,2026-08-28 20:11:00,127326.0,127611.07724451911,126185.69102192356,SHA_FLIP,2026-08-28 21:50:00,126185.69102192356,TAKE_PROFIT,114030.89780764421,5493.04,108537.85780764422,99.0,2026-08
SILVER,LONG,2026-08-28 22:51:00,2408.0,2399.26734613587,2434.19796159239,SHA_FLIP,2026-08-28 23:11:00,2399.26734613587,STOP_LOSS,-261.9796159239013,208.89600000000002,-470.8756159239013,20.0,2026-08
GOLD,SHORT,2026-08-28 22:26:00,125881.0,126129.32924474879,124887.68302100484,SHA_FLIP,2026-08-31 09:00:00,124354.0,SESSION_END,152700.0,5435.240000000001,147264.76,3514.0,2026-08
CRUDEOIL,LONG,2026-08-28 20:34:00,7825.0,7811.962692756961,7877.149228972157,SHA_FLIP,2026-08-31 09:00:00,7978.0,SESSION_END,15300.0,713.0,14587.0,3626.0,2026-08
SILVER,SHORT,2026-08-31 09:24:00,2382.0,2388.1149609168674,2363.655117249398,SHA_FLIP,2026-08-31 09:34:00,2363.655117249398,TAKE_PROFIT,550.3464825180663,208.584,341.7624825180663,10.0,2026-08
CRUDEOIL,LONG,2026-08-31 09:29:00,7990.0,7984.366579218897,8012.533683124413,SHA_FLIP,2026-08-31 09:58:00,8012.533683124413,TAKE_PROFIT,2253.3683124413074,719.6,1533.7683124413074,29.0,2026-08
SILVER,LONG,2026-08-31 10:07:00,2378.0,2373.1838540955564,2392.448437713331,SHA_FLIP,2026-08-31 12:20:00,2392.448437713331,TAKE_PROFIT,433.45313139992413,208.536,224.91713139992413,133.0,2026-08
CRUDEOIL,SHORT,2026-08-31 11:38:00,8042.0,8049.561662073433,8011.753351706269,SHA_FLIP,2026-08-31 12:29:00,8011.753351706269,TAKE_PROFIT,3024.6648293730686,721.6800000000001,2302.9848293730684,51.0,2026-08
SILVER,LONG,2026-08-31 12:34:00,2391.0,2388.883887020811,2397.348338937567,SHA_FLIP,2026-08-31 12:47:00,2388.883887020811,STOP_LOSS,-63.4833893756695,208.692,-272.1753893756695,13.0,2026-08
SILVER,LONG,2026-08-31 13:16:00,2394.0,2391.3168493458184,2402.049451962545,SHA_FLIP,2026-08-31 13:27:00,2391.3168493458184,STOP_LOSS,-80.49451962544936,208.728,-289.22251962544937,11.0,2026-08
SILVER,SHORT,2026-08-31 13:27:00,2392.0,2395.378641311646,2381.8640760650624,SHA_FLIP,2026-08-31 13:32:00,2395.378641311646,STOP_LOSS,-101.35923934937637,208.704,-310.0632393493764,5.0,2026-08
SILVER,LONG,2026-08-31 13:32:00,2395.0,2390.1465139552147,2409.560458134356,SHA_FLIP,2026-08-31 14:10:00,2390.1465139552147,STOP_LOSS,-145.6045813435594,208.74,-354.3445813435594,38.0,2026-08
CRUDEOIL,LONG,2026-08-31 14:24:00,8059.0,8047.65168424904,8104.39326300384,SHA_FLIP,2026-08-31 15:05:00,8047.65168424904,STOP_LOSS,-1134.8315750959955,722.36,-1857.1915750959956,41.0,2026-08
SILVER,LONG,2026-08-31 15:09:00,2395.0,2392.3823820966777,2402.852853709967,SHA_FLIP,2026-08-31 16:22:00,2402.852853709967,TAKE_PROFIT,235.5856112990068,208.74,26.845611299006805,73.0,2026-08
CRUDEOIL,SHORT,2026-08-31 16:22:00,8041.0,8054.121517815037,7988.513928739852,SHA_FLIP,2026-08-31 16:25:00,8054.121517815037,STOP_LOSS,-1312.1517815036896,721.6400000000001,-2033.7917815036897,3.0,2026-08
SILVER,LONG,2026-08-31 16:50:00,2404.0,2400.1604344480706,2415.518696655788,SHA_FLIP,2026-08-31 17:05:00,2400.1604344480706,STOP_LOSS,-115.18696655788062,208.848,-324.03496655788064,15.0,2026-08
CRUDEOIL,LONG,2026-08-31 16:46:00,8063.0,8053.851115586881,8099.595537652476,SHA_FLIP,2026-08-31 17:33:00,8053.851115586881,STOP_LOSS,-914.8884413119049,722.52,-1637.4084413119049,47.0,2026-08
CRUDEOIL,LONG,2026-08-31 17:56:00,8069.0,8042.734323199489,8174.062707202043,SHA_FLIP,2026-08-31 18:14:00,8042.734323199489,STOP_LOSS,-2626.5676800510846,722.76,-3349.327680051085,18.0,2026-08
CRUDEOIL,SHORT,2026-08-31 18:25:00,8052.0,8062.510267005,8009.95893198,SHA_FLIP,2026-08-31 18:37:00,8009.95893198,TAKE_PROFIT,4204.106802000024,722.08,3482.026802000024,12.0,2026-08
GOLD,LONG,2026-08-31 18:37:00,124445.0,124204.58861128925,125406.64555484301,SHA_FLIP,2026-08-31 18:52:00,124204.58861128925,STOP_LOSS,-24041.138871075236,5377.8,-29418.938871075236,15.0,2026-08
GOLD,SHORT,2026-08-31 19:01:00,124290.0,124384.19225492337,123913.23098030651,SHA_FLIP,2026-08-31 20:08:00,124384.19225492337,STOP_LOSS,-9419.225492337137,5371.6,-14790.825492337137,67.0,2026-08
GOLD,LONG,2026-08-31 20:25:00,124295.0,124097.77285034064,125083.90859863744,SHA_FLIP,2026-08-31 21:22:00,124097.77285034064,STOP_LOSS,-19722.71496593603,5371.8,-25094.51496593603,57.0,2026-08
GOLD,SHORT,2026-08-31 21:23:00,124079.0,124278.95649078462,123279.17403686151,SHA_FLIP,2026-08-31 21:46:00,124278.95649078462,STOP_LOSS,-19995.649078462156,5363.16,-25358.809078462156,23.0,2026-08
CRUDEOIL,SHORT,2026-08-31 20:02:00,8015.0,8024.907054629191,7975.371781483234,SHA_FLIP,2026-08-31 21:52:00,8024.907054629191,STOP_LOSS,-990.7054629191407,720.6,-1711.3054629191406,110.0,2026-08
GOLD,SHORT,2026-08-31 21:55:00,124180.0,124286.47263229209,123754.10947083164,SHA_FLIP,2026-08-31 21:57:00,124286.47263229209,STOP_LOSS,-10647.263229209057,5367.2,-16014.463229209057,2.0,2026-08
CRUDEOIL,LONG,2026-08-31 21:52:00,8020.0,8009.391541644138,8062.433833423449,SHA_FLIP,2026-08-31 22:09:00,8009.391541644138,STOP_LOSS,-1060.845835586224,720.8,-1781.645835586224,17.0,2026-08
GOLD,SHORT,2026-08-31 22:07:00,124116.0,124270.09592890553,123499.61628437787,SHA_FLIP,2026-08-31 22:11:00,124270.09592890553,STOP_LOSS,-15409.592890553176,5364.64,-20774.232890553176,4.0,2026-08
GOLD,SHORT,2026-08-31 22:18:00,124232.0,124320.40596645788,123878.37613416847,SHA_FLIP,2026-08-31 22:47:00,124320.40596645788,STOP_LOSS,-8840.596645788173,5369.280000000001,-14209.876645788174,29.0,2026-08
CRUDEOIL,LONG,2026-08-31 22:51:00,8020.0,8015.97414967101,8036.103401315959,SHA_FLIP,2026-08-31 22:53:00,8015.97414967101,STOP_LOSS,-402.5850328989691,720.8,-1123.385032898969,2.0,2026-08
GOLD,SHORT,2026-08-31 22:56:00,124160.0,124264.28610549658,123742.8555780137,SHA_FLIP,2026-08-31 23:04:00,124264.28610549658,STOP_LOSS,-10428.610549657606,5366.400000000001,-15795.010549657607,8.0,2026-08
CRUDEOIL,LONG,2026-08-31 22:56:00,8023.0,8014.207874836277,8058.1685006548905,SHA_FLIP,2026-08-31 23:05:00,8014.207874836277,STOP_LOSS,-879.212516372263,720.9200000000001,-1600.1325163722631,9.0,2026-08
GOLD,LONG,2026-08-31 23:04:00,124293.0,124152.7281857188,124854.08725712477,SHA_FLIP,2026-09-01 09:00:00,124265.0,SESSION_END,-2800.0,5371.72,-8171.72,596.0,2026-09
CRUDEOIL,SHORT,2026-08-31 23:22:00,8015.0,8025.102751936365,7974.588992254539,SHA_FLIP,2026-09-01 09:00:00,8090.0,SESSION_END,-7500.0,720.6,-8220.6,578.0,2026-09
SILVER,SHORT,2026-08-31 18:47:00,2389.0,2393.8325208279934,2374.5024375160197,SHA_FLIP,2026-09-01 09:00:00,2382.0,SESSION_END,210.0,208.668,1.3319999999999936,853.0,2026-09
CRUDEOIL,SHORT,2026-09-01 10:03:00,8075.0,8077.913843622009,8063.344625511963,SHA_FLIP,2026-09-01 10:05:00,8077.913843622009,STOP_LOSS,-291.38436220091535,723.0,-1014.3843622009153,2.0,2026-09
SILVER,SHORT,2026-09-01 10:31:00,2381.0,2385.832658262878,2366.5020252113663,SHA_FLIP,2026-09-01 11:08:00,2385.832658262878,STOP_LOSS,-144.97974788633655,208.572,-353.55174788633656,37.0,2026-09
CRUDEOIL,SHORT,2026-09-01 11:06:00,8074.0,8085.960441176502,8026.158235293991,SHA_FLIP,2026-09-01 11:16:00,8026.158235293991,TAKE_PROFIT,4784.176470600869,722.96,4061.216470600869,10.0,2026-09
SILVER,SHORT,2026-09-01 12:16:00,2381.0,2384.9210243027064,2369.2369270918807,SHA_FLIP,2026-09-01 12:35:00,2384.9210243027064,STOP_LOSS,-117.63072908119284,208.572,-326.20272908119284,19.0,2026-09
CRUDEOIL,SHORT,2026-09-01 12:23:00,8050.0,8057.454191041013,8020.18323583595,SHA_FLIP,2026-09-01 12:35:00,8057.454191041013,STOP_LOSS,-745.4191041012564,722.0,-1467.4191041012564,12.0,2026-09
CRUDEOIL,LONG,2026-09-01 12:35:00,8062.0,8055.514810950226,8087.940756199096,SHA_FLIP,2026-09-01 12:38:00,8087.940756199096,TAKE_PROFIT,2594.075619909563,722.48,1871.595619909563,3.0,2026-09
SILVER,SHORT,2026-09-01 13:06:00,2380.0,2383.891551506722,2368.325345479834,SHA_FLIP,2026-09-01 13:40:00,2368.325345479834,TAKE_PROFIT,350.2396356049758,208.56,141.67963560497577,34.0,2026-09
CRUDEOIL,LONG,2026-09-01 13:07:00,8100.0,8085.533344440957,8157.866622236172,SHA_FLIP,2026-09-01 13:41:00,8157.866622236172,TAKE_PROFIT,5786.662223617168,724.0,5062.662223617168,34.0,2026-09
CRUDEOIL,LONG,2026-09-01 14:43:00,8175.0,8164.229051015402,8218.083795938393,SHA_FLIP,2026-09-01 15:16:00,8164.229051015402,STOP_LOSS,-1077.0948984598363,727.0,-1804.0948984598363,33.0,2026-09
CRUDEOIL,SHORT,2026-09-01 15:34:00,8165.0,8173.667220232739,8130.331119069044,SHA_FLIP,2026-09-01 15:39:00,8173.667220232739,STOP_LOSS,-866.7220232739055,726.6,-1593.3220232739054,5.0,2026-09
SILVER,SHORT,2026-09-01 15:01:00,2344.0,2348.2922775153047,2331.123167454086,SHA_FLIP,2026-09-01 15:42:00,2348.2922775153047,STOP_LOSS,-128.76832545914112,208.128,-336.8963254591411,41.0,2026-09
CRUDEOIL,LONG,2026-09-01 15:41:00,8180.0,8171.008381997671,8215.966472009317,SHA_FLIP,2026-09-01 15:43:00,8171.008381997671,STOP_LOSS,-899.1618002329233,727.2,-1626.3618002329233,2.0,2026-09
CRUDEOIL,SHORT,2026-09-01 15:46:00,8160.0,8171.733347585763,8113.066609656948,SHA_FLIP,2026-09-01 16:37:00,8171.733347585763,STOP_LOSS,-1173.3347585763113,726.4000000000001,-1899.7347585763114,51.0,2026-09
SILVER,SHORT,2026-09-01 16:15:00,2351.0,2353.913700273478,2342.2588991795665,SHA_FLIP,2026-09-01 18:05:00,2342.2588991795665,TAKE_PROFIT,262.2330246130059,208.212,54.02102461300592,110.0,2026-09
CRUDEOIL,LONG,2026-09-01 18:31:00,8185.0,8169.197017776885,8248.211928892459,SHA_FLIP,2026-09-01 19:01:00,8169.197017776885,STOP_LOSS,-1580.2982223114668,727.4000000000001,-2307.698222311467,30.0,2026-09
CRUDEOIL,LONG,2026-09-01 19:07:00,8190.0,8178.428945054936,8236.284219780257,SHA_FLIP,2026-09-01 19:32:00,8178.428945054936,STOP_LOSS,-1157.1054945064134,727.6,-1884.7054945064133,25.0,2026-09
SILVER,SHORT,2026-09-01 18:27:00,2345.0,2349.9783743590624,2330.064876922813,SHA_FLIP,2026-09-01 19:39:00,2349.9783743590624,STOP_LOSS,-149.351230771872,208.14,-357.491230771872,72.0,2026-09
GOLD,SHORT,2026-09-01 18:02:00,122721.0,122900.82296911305,122001.70812354778,SHA_FLIP,2026-09-01 19:52:00,122900.82296911305,STOP_LOSS,-17982.296911305457,5308.84,-23291.136911305457,110.0,2026-09
SILVER,LONG,2026-09-01 20:05:00,2352.0,2347.9047622397184,2364.285713280845,SHA_FLIP,2026-09-01 20:09:00,2347.9047622397184,STOP_LOSS,-122.85713280844902,208.224,-331.081132808449,4.0,2026-09
GOLD,LONG,2026-09-01 20:05:00,122850.0,122663.91580353204,123594.33678587183,SHA_FLIP,2026-09-01 20:09:00,122663.91580353204,STOP_LOSS,-18608.419646795664,5314.0,-23922.419646795664,4.0,2026-09
CRUDEOIL,SHORT,2026-09-01 20:18:00,8133.0,8146.418894793631,8079.324420825476,SHA_FLIP,2026-09-01 20:22:00,8146.418894793631,STOP_LOSS,-1341.8894793630898,725.3199999999999,-2067.2094793630895,4.0,2026-09
SILVER,SHORT,2026-09-01 20:09:00,2347.0,2352.039883173756,2331.8803504787315,SHA_FLIP,2026-09-01 21:21:00,2352.039883173756,STOP_LOSS,-151.19649521268457,208.164,-359.36049521268455,72.0,2026-09
CRUDEOIL,LONG,2026-09-01 20:23:00,8150.0,8137.545558249071,8199.817767003715,SHA_FLIP,2026-09-01 21:40:00,8199.817767003715,TAKE_PROFIT,4981.7767003714835,726.0,4255.7767003714835,77.0,2026-09
GOLD,LONG,2026-09-01 21:05:00,122662.0,122569.20383724984,123033.18465100066,SHA_FLIP,2026-09-01 21:42:00,122569.20383724984,STOP_LOSS,-9279.616275016451,5306.4800000000005,-14586.09627501645,37.0,2026-09
SILVER,SHORT,2026-09-01 21:46:00,2350.0,2353.8970424620816,2338.3088726137553,SHA_FLIP,2026-09-02 09:00:00,2314.0,SESSION_END,1080.0,208.2,871.8,674.0,2026-09
CRUDEOIL,LONG,2026-09-01 22:26:00,8306.0,8281.477712619417,8404.089149522333,SHA_FLIP,2026-09-02 09:00:00,8394.0,SESSION_END,8800.0,732.24,8067.76,634.0,2026-09
GOLD,SHORT,2026-09-01 22:26:00,122440.0,122571.49624682359,121914.01501270564,SHA_FLIP,2026-09-02 09:00:00,120998.0,SESSION_END,144200.0,5297.6,138902.4,634.0,2026-09
CRUDEOIL,LONG,2026-09-02 09:37:00,8389.0,8376.092460237172,8440.63015905131,SHA_FLIP,2026-09-02 09:56:00,8376.092460237172,STOP_LOSS,-1290.7539762827582,735.56,-2026.3139762827582,19.0,2026-09
CRUDEOIL,SHORT,2026-09-02 10:19:00,8369.0,8372.71968243231,8354.121270270763,SHA_FLIP,2026-09-02 10:25:00,8372.71968243231,STOP_LOSS,-371.9682432309128,734.76,-1106.7282432309128,6.0,2026-09
CRUDEOIL,SHORT,2026-09-02 10:30:00,8365.0,8368.722502453775,8350.109990184901,SHA_FLIP,2026-09-02 10:31:00,8368.722502453775,STOP_LOSS,-372.2502453774723,734.6,-1106.8502453774722,1.0,2026-09
SILVER,SHORT,2026-09-02 09:38:00,2313.0,2316.6909455448545,2301.9271633654366,SHA_FLIP,2026-09-02 10:46:00,2316.6909455448545,STOP_LOSS,-110.72836634563373,207.756,-318.4843663456337,68.0,2026-09
CRUDEOIL,LONG,2026-09-02 10:32:00,8380.0,8371.417320379165,8414.33071848334,SHA_FLIP,2026-09-02 10:48:00,8371.417320379165,STOP_LOSS,-858.2679620834824,735.2,-1593.4679620834825,16.0,2026-09
CRUDEOIL,LONG,2026-09-02 11:06:00,8385.0,8376.766188793492,8417.935244826032,SHA_FLIP,2026-09-02 12:11:00,8376.766188793492,STOP_LOSS,-823.3811206508108,735.4000000000001,-1558.7811206508109,65.0,2026-09
CRUDEOIL,LONG,2026-09-02 12:21:00,8397.0,8379.852390803635,8465.59043678546,SHA_FLIP,2026-09-02 12:29:00,8379.852390803635,STOP_LOSS,-1714.760919636501,735.88,-2450.640919636501,8.0,2026-09
CRUDEOIL,SHORT,2026-09-02 12:30:00,8374.0,8386.184345029584,8325.262619881665,SHA_FLIP,2026-09-02 12:39:00,8325.262619881665,TAKE_PROFIT,4873.738011833484,734.96,4138.778011833484,9.0,2026-09
CRUDEOIL,SHORT,2026-09-02 13:31:00,8326.0,8335.938634951763,8286.24546019295,SHA_FLIP,2026-09-02 13:37:00,8335.938634951763,STOP_LOSS,-993.8634951762651,733.04,-1726.903495176265,6.0,2026-09
CRUDEOIL,LONG,2026-09-02 13:49:00,8349.0,8330.458783171998,8423.164867312007,SHA_FLIP,2026-09-02 14:01:00,8330.458783171998,STOP_LOSS,-1854.121682800178,733.96,-2588.081682800178,12.0,2026-09
SILVER,LONG,2026-09-02 11:44:00,2324.0,2317.2109748165362,2344.3670755503913,SHA_FLIP,2026-09-02 14:06:00,2317.2109748165362,STOP_LOSS,-203.67075550391291,207.888,-411.55875550391295,142.0,2026-09
CRUDEOIL,SHORT,2026-09-02 14:02:00,8325.0,8346.631314277813,8238.47474288875,SHA_FLIP,2026-09-02 14:11:00,8346.631314277813,STOP_LOSS,-2163.1314277812635,733.0,-2896.1314277812635,9.0,2026-09
SILVER,SHORT,2026-09-02 14:17:00,2320.0,2322.9059610684144,2311.282116794757,SHA_FLIP,2026-09-02 14:56:00,2311.282116794757,TAKE_PROFIT,261.5364961572959,207.84,53.69649615729591,39.0,2026-09
SILVER,SHORT,2026-09-02 15:23:00,2312.0,2316.2833527820753,2299.149941653774,SHA_FLIP,2026-09-02 15:45:00,2316.2833527820753,STOP_LOSS,-128.50058346225978,207.744,-336.2445834622598,22.0,2026-09
SILVER,SHORT,2026-09-02 16:29:00,2313.0,2314.9400621595273,2307.179813521418,SHA_FLIP,2026-09-02 16:33:00,2314.9400621595273,STOP_LOSS,-58.20186478581945,207.756,-265.9578647858194,4.0,2026-09
CRUDEOIL,LONG,2026-09-02 14:12:00,8348.0,8330.254045682244,8418.983817271022,SHA_FLIP,2026-09-02 16:42:00,8330.254045682244,STOP_LOSS,-1774.5954317755604,733.9200000000001,-2508.5154317755605,150.0,2026-09
CRUDEOIL,SHORT,2026-09-02 17:21:00,8278.0,8297.458791271627,8200.164834913492,SHA_FLIP,2026-09-02 17:57:00,8297.458791271627,STOP_LOSS,-1945.8791271626978,731.12,-2676.9991271626977,36.0,2026-09
GOLD,LONG,2026-09-02 17:47:00,121811.0,121617.66459193581,122584.34163225675,SHA_FLIP,2026-09-02 18:07:00,121617.66459193581,STOP_LOSS,-19333.54080641875,5272.4400000000005,-24605.980806418753,20.0,2026-09
CRUDEOIL,LONG,2026-09-02 18:16:00,8300.0,8291.4111828717,8334.355268513202,SHA_FLIP,2026-09-02 18:19:00,8291.4111828717,STOP_LOSS,-858.8817128300434,732.0,-1590.8817128300434,3.0,2026-09
GOLD,LONG,2026-09-02 18:15:00,121850.0,121634.86675602253,122710.53297590988,SHA_FLIP,2026-09-02 19:35:00,122710.53297590988,TAKE_PROFIT,86053.29759098822,5274.0,80779.29759098822,80.0,2026-09
GOLD,SHORT,2026-09-02 20:47:00,122457.0,122691.7455072161,121518.01797113562,SHA_FLIP,2026-09-02 21:03:00,122691.7455072161,STOP_LOSS,-23474.550721609558,5298.280000000001,-28772.830721609556,16.0,2026-09
CRUDEOIL,LONG,2026-09-02 21:01:00,8354.0,8336.026718342793,8425.893126628827,SHA_FLIP,2026-09-02 21:10:00,8336.026718342793,STOP_LOSS,-1797.3281657206826,734.1600000000001,-2531.4881657206824,9.0,2026-09
GOLD,SHORT,2026-09-02 21:12:00,122454.0,122652.9182916528,121658.32683338883,SHA_FLIP,2026-09-02 21:27:00,122652.9182916528,STOP_LOSS,-19891.82916527934,5298.16,-25189.98916527934,15.0,2026-09
CRUDEOIL,LONG,2026-09-02 21:16:00,8350.0,8329.706420666285,8431.174317334859,SHA_FLIP,2026-09-02 21:28:00,8329.706420666285,STOP_LOSS,-2029.357933371466,734.0,-2763.357933371466,12.0,2026-09
CRUDEOIL,SHORT,2026-09-02 21:28:00,8330.0,8350.191615951362,8249.233536194552,SHA_FLIP,2026-09-02 22:05:00,8350.191615951362,STOP_LOSS,-2019.161595136211,733.2,-2752.361595136211,37.0,2026-09
GOLD,LONG,2026-09-02 22:24:00,122577.0,122404.63738971324,123266.45044114703,SHA_FLIP,2026-09-02 22:41:00,122404.63738971324,STOP_LOSS,-17236.261028675654,5303.08,-22539.341028675655,17.0,2026-09
GOLD,SHORT,2026-09-02 22:41:00,122390.0,122559.03205985019,121713.87176059926,SHA_FLIP,2026-09-02 23:12:00,122559.03205985019,STOP_LOSS,-16903.205985018576,5295.6,-22198.805985018575,31.0,2026-09
CRUDEOIL,LONG,2026-09-02 22:37:00,8367.0,8353.290761501636,8421.836953993457,SHA_FLIP,2026-09-02 23:27:00,8353.290761501636,STOP_LOSS,-1370.9238498364357,734.6800000000001,-2105.603849836436,50.0,2026-09
SILVER,LONG,2026-09-02 17:52:00,2335.0,2325.2948674091813,2364.115397772456,SHA_FLIP,2026-09-03 09:00:00,2361.0,SESSION_END,780.0,208.02,571.98,908.0,2026-09
CRUDEOIL,SHORT,2026-09-03 09:35:00,8324.0,8332.39177035604,8290.43291857584,SHA_FLIP,2026-09-03 10:48:00,8290.43291857584,TAKE_PROFIT,3356.708142416028,732.96,2623.748142416028,73.0,2026-09
SILVER,LONG,2026-09-03 09:38:00,2367.0,2361.6625082164014,2383.0124753507957,SHA_FLIP,2026-09-03 10:50:00,2361.6625082164014,STOP_LOSS,-160.1247535079574,208.404,-368.5287535079574,72.0,2026-09
SILVER,SHORT,2026-09-03 11:08:00,2360.0,2365.7827748098534,2342.6516755704397,SHA_FLIP,2026-09-03 11:20:00,2365.7827748098534,STOP_LOSS,-173.48324429560307,208.32,-381.80324429560306,12.0,2026-09
CRUDEOIL,SHORT,2026-09-03 11:22:00,8245.0,8257.302445828202,8195.790216687194,SHA_FLIP,2026-09-03 12:01:00,8257.302445828202,STOP_LOSS,-1230.2445828201598,729.8,-1960.0445828201598,39.0,2026-09
CRUDEOIL,SHORT,2026-09-03 12:17:00,8240.0,8250.578566595368,8197.685733618528,SHA_FLIP,2026-09-03 12:20:00,8250.578566595368,STOP_LOSS,-1057.8566595368102,729.6,-1787.45665953681,3.0,2026-09
CRUDEOIL,LONG,2026-09-03 12:21:00,8264.0,8249.71191228582,8321.152350856719,SHA_FLIP,2026-09-03 12:23:00,8249.71191228582,STOP_LOSS,-1428.808771417971,730.56,-2159.368771417971,2.0,2026-09
CRUDEOIL,LONG,2026-09-03 12:31:00,8265.0,8252.833171975382,8313.66731209847,SHA_FLIP,2026-09-03 12:32:00,8252.833171975382,STOP_LOSS,-1216.6828024617644,730.6,-1947.2828024617643,1.0,2026-09
CRUDEOIL,LONG,2026-09-03 13:13:00,8300.0,8287.16415823024,8351.34336707904,SHA_FLIP,2026-09-03 13:18:00,8287.16415823024,STOP_LOSS,-1283.584176976001,732.0,-2015.584176976001,5.0,2026-09
CRUDEOIL,LONG,2026-09-03 13:29:00,8294.0,8286.348037718963,8324.60784912415,SHA_FLIP,2026-09-03 13:33:00,8286.348037718963,STOP_LOSS,-765.1962281037413,731.76,-1496.9562281037413,4.0,2026-09
SILVER,SHORT,2026-09-03 11:52:00,2364.0,2366.839097070876,2355.482708787372,SHA_FLIP,2026-09-03 13:34:00,2366.839097070876,STOP_LOSS,-85.17291212628152,208.368,-293.5409121262815,102.0,2026-09
CRUDEOIL,SHORT,2026-09-03 13:35:00,8228.0,8283.379740429244,8006.481038283026,SHA_FLIP,2026-09-03 13:48:00,8283.379740429244,STOP_LOSS,-5537.974042924361,729.12,-6267.094042924361,13.0,2026-09
SILVER,SHORT,2026-09-03 14:08:00,2364.0,2366.8915912053926,2355.325226383822,SHA_FLIP,2026-09-03 14:18:00,2366.8915912053926,STOP_LOSS,-86.74773616177845,208.368,-295.11573616177844,10.0,2026-09
CRUDEOIL,LONG,2026-09-03 14:53:00,8357.0,8339.396560486237,8427.413758055052,SHA_FLIP,2026-09-03 15:28:00,8427.413758055052,TAKE_PROFIT,7041.375805505231,734.28,6307.0958055052315,35.0,2026-09
SILVER,SHORT,2026-09-03 14:24:00,2363.0,2366.911428389128,2351.2657148326157,SHA_FLIP,2026-09-03 15:50:00,2351.2657148326157,TAKE_PROFIT,352.0285550215294,208.356,143.67255502152943,86.0,2026-09
CRUDEOIL,LONG,2026-09-03 16:02:00,8446.0,8425.777600711455,8526.889597154179,SHA_FLIP,2026-09-03 16:37:00,8425.777600711455,STOP_LOSS,-2022.2399288544693,737.84,-2760.0799288544695,35.0,2026-09
SILVER,SHORT,2026-09-03 17:03:00,2359.0,2363.383748742139,2345.8487537735837,SHA_FLIP,2026-09-03 17:33:00,2363.383748742139,STOP_LOSS,-131.51246226416333,208.308,-339.8204622641633,30.0,2026-09
SILVER,SHORT,2026-09-03 17:46:00,2359.0,2361.9051119684664,2350.284664094601,SHA_FLIP,2026-09-03 17:54:00,2361.9051119684664,STOP_LOSS,-87.15335905399115,208.308,-295.46135905399115,8.0,2026-09
GOLD,LONG,2026-09-03 17:55:00,124257.0,124049.82139350931,125085.71442596277,SHA_FLIP,2026-09-03 18:23:00,125085.71442596277,TAKE_PROFIT,82871.44259627676,5370.280000000001,77501.16259627676,28.0,2026-09
CRUDEOIL,SHORT,2026-09-03 18:20:00,8377.0,8399.687801174554,8286.248795301784,SHA_FLIP,2026-09-03 19:19:00,8399.687801174554,STOP_LOSS,-2268.7801174553897,735.08,-3003.8601174553896,59.0,2026-09
GOLD,SHORT,2026-09-03 19:32:00,124577.0,124867.4662436466,123415.13502541359,SHA_FLIP,2026-09-03 19:47:00,124867.4662436466,STOP_LOSS,-29046.624364660238,5383.08,-34429.70436466024,15.0,2026-09
SILVER,LONG,2026-09-03 17:55:00,2364.0,2358.1217224624274,2381.6348326127177,SHA_FLIP,2026-09-03 20:33:00,2381.6348326127177,TAKE_PROFIT,529.0449783815302,208.368,320.6769783815302,158.0,2026-09
CRUDEOIL,LONG,2026-09-03 19:34:00,8400.0,8378.61231064828,8485.550757406883,SHA_FLIP,2026-09-03 21:00:00,8378.61231064828,STOP_LOSS,-2138.7689351720837,736.0,-2874.7689351720837,86.0,2026-09
CRUDEOIL,SHORT,2026-09-03 21:49:00,8333.0,8348.400817099244,8271.396731603025,SHA_FLIP,2026-09-03 21:55:00,8348.400817099244,STOP_LOSS,-1540.0817099243795,733.3199999999999,-2273.4017099243792,6.0,2026-09
SILVER,SHORT,2026-09-03 21:34:00,2386.0,2389.871386685464,2374.3858399436076,SHA_FLIP,2026-09-03 22:00:00,2389.871386685464,STOP_LOSS,-116.14160056392393,208.632,-324.77360056392394,26.0,2026-09
SILVER,SHORT,2026-09-03 22:12:00,2385.0,2388.6245179136013,2374.126446259196,SHA_FLIP,2026-09-03 22:34:00,2388.6245179136013,STOP_LOSS,-108.735537408038,208.62,-317.355537408038,22.0,2026-09
SILVER,SHORT,2026-09-03 22:49:00,2386.0,2389.8661895857776,2374.401431242667,SHA_FLIP,2026-09-03 22:51:00,2389.8661895857776,STOP_LOSS,-115.98568757332941,208.632,-324.6176875733294,2.0,2026-09
CRUDEOIL,LONG,2026-09-03 21:55:00,8357.0,8339.875679030747,8425.497283877012,SHA_FLIP,2026-09-04 09:00:00,8366.0,SESSION_END,900.0,734.28,165.72000000000003,665.0,2026-09
GOLD,LONG,2026-09-03 20:16:00,124904.0,124699.38787422483,125722.44850310066,SHA_FLIP,2026-09-04 09:00:00,124888.0,SESSION_END,-1600.0,5396.16,-6996.16,764.0,2026-09
CRUDEOIL,LONG,2026-09-04 09:20:00,8370.0,8365.20680782495,8389.172768700199,SHA_FLIP,2026-09-04 09:59:00,8365.20680782495,STOP_LOSS,-479.3192175049626,734.8,-1214.1192175049625,39.0,2026-09
SILVER,LONG,2026-09-04 10:29:00,2387.0,2385.036401376184,2392.8907958714476,SHA_FLIP,2026-09-04 10:33:00,2385.036401376184,STOP_LOSS,-58.90795871447608,208.644,-267.5519587144761,4.0,2026-09
CRUDEOIL,LONG,2026-09-04 11:16:00,8343.0,8333.062104000248,8382.751583999008,SHA_FLIP,2026-09-04 11:26:00,8333.062104000248,STOP_LOSS,-993.7895999752072,733.72,-1727.5095999752073,10.0,2026-09
CRUDEOIL,SHORT,2026-09-04 11:27:00,8329.0,8344.75593653852,8265.976253845918,SHA_FLIP,2026-09-04 11:32:00,8344.75593653852,STOP_LOSS,-1575.5936538520473,733.1600000000001,-2308.753653852047,5.0,2026-09
CRUDEOIL,LONG,2026-09-04 11:34:00,8347.0,8333.473158059145,8401.10736776342,SHA_FLIP,2026-09-04 11:52:00,8333.473158059145,STOP_LOSS,-1352.6841940854865,733.88,-2086.5641940854866,18.0,2026-09
CRUDEOIL,SHORT,2026-09-04 12:01:00,8337.0,8342.749014485626,8314.003942057498,SHA_FLIP,2026-09-04 12:05:00,8342.749014485626,STOP_LOSS,-574.9014485625594,733.48,-1308.3814485625594,4.0,2026-09
SILVER,SHORT,2026-09-04 10:36:00,2385.0,2388.8751806293035,2373.3744581120895,SHA_FLIP,2026-09-04 12:07:00,2373.3744581120895,TAKE_PROFIT,348.76625663731375,208.62,140.14625663731374,91.0,2026-09
CRUDEOIL,SHORT,2026-09-04 12:09:00,8335.0,8341.526430903783,8308.894276384868,SHA_FLIP,2026-09-04 12:10:00,8341.526430903783,STOP_LOSS,-652.6430903782966,733.4000000000001,-1386.0430903782967,1.0,2026-09
CRUDEOIL,SHORT,2026-09-04 12:14:00,8330.0,8340.075406893246,8289.698372427018,SHA_FLIP,2026-09-04 12:23:00,8340.075406893246,STOP_LOSS,-1007.5406893245599,733.2,-1740.74068932456,9.0,2026-09
CRUDEOIL,LONG,2026-09-04 12:24:00,8350.0,8339.93014900042,8390.27940399832,SHA_FLIP,2026-09-04 12:54:00,8339.93014900042,STOP_LOSS,-1006.9850999580012,734.0,-1740.9850999580012,30.0,2026-09
SILVER,LONG,2026-09-04 13:44:00,2390.0,2387.0972730867506,2398.708180739748,SHA_FLIP,2026-09-04 13:54:00,2387.0972730867506,STOP_LOSS,-87.08180739748059,208.68,-295.7618073974806,10.0,2026-09
CRUDEOIL,LONG,2026-09-04 14:00:00,8301.0,8274.016729292134,8408.933082831463,SHA_FLIP,2026-09-04 14:26:00,8274.016729292134,STOP_LOSS,-2698.3270707865813,732.04,-3430.3670707865813,26.0,2026-09
CRUDEOIL,SHORT,2026-09-04 14:26:00,8277.0,8294.2864606548,8207.854157380803,SHA_FLIP,2026-09-04 14:30:00,8294.2864606548,STOP_LOSS,-1728.6460654799157,731.08,-2459.7260654799156,4.0,2026-09
SILVER,LONG,2026-09-04 14:25:00,2389.0,2385.0866994730623,2400.7399015808132,SHA_FLIP,2026-09-04 14:42:00,2385.0866994730623,STOP_LOSS,-117.39901580813239,208.668,-326.0670158081324,17.0,2026-09
CRUDEOIL,LONG,2026-09-04 14:32:00,8305.0,8289.922697054224,8365.309211783104,SHA_FLIP,2026-09-04 15:00:00,8289.922697054224,STOP_LOSS,-1507.7302945775955,732.2,-2239.9302945775953,28.0,2026-09
CRUDEOIL,LONG,2026-09-04 15:09:00,8309.0,8298.997465821301,8349.010136714794,SHA_FLIP,2026-09-04 15:46:00,8298.997465821301,STOP_LOSS,-1000.2534178698625,732.36,-1732.6134178698626,37.0,2026-09
CRUDEOIL,SHORT,2026-09-04 15:46:00,8293.0,8308.657560151063,8230.369759395748,SHA_FLIP,2026-09-04 17:00:00,8308.657560151063,STOP_LOSS,-1565.756015106308,731.72,-2297.4760151063083,74.0,2026-09
SILVER,LONG,2026-09-04 15:39:00,2387.0,2384.1100173225786,2395.669948032264,SHA_FLIP,2026-09-04 17:00:00,2384.1100173225786,STOP_LOSS,-86.69948032264074,208.644,-295.34348032264074,81.0,2026-09
CRUDEOIL,LONG,2026-09-04 17:01:00,8301.0,8287.547451727305,8354.81019309078,SHA_FLIP,2026-09-04 17:35:00,8287.547451727305,STOP_LOSS,-1345.2548272694912,732.04,-2077.294827269491,34.0,2026-09
SILVER,LONG,2026-09-04 17:11:00,2388.0,2383.1076396561334,2402.6770810315998,SHA_FLIP,2026-09-04 17:43:00,2383.1076396561334,STOP_LOSS,-146.77081031599755,208.656,-355.42681031599756,32.0,2026-09
CRUDEOIL,SHORT,2026-09-04 18:21:00,8255.0,8275.56714674506,8172.731413019763,SHA_FLIP,2026-09-04 19:09:00,8172.731413019763,TAKE_PROFIT,8226.858698023716,730.2,7496.658698023716,48.0,2026-09
SILVER,SHORT,2026-09-04 18:01:00,2368.0,2392.4828990540036,2294.551302837989,SHA_FLIP,2026-09-07 09:00:00,2346.0,SESSION_END,660.0,208.416,451.584,3779.0,2026-09
GOLD,SHORT,2026-09-04 18:00:00,123251.0,124343.83283141819,118879.66867432726,SHA_FLIP,2026-09-07 09:00:00,122404.0,SESSION_END,84700.0,5330.04,79369.96,3780.0,2026-09
CRUDEOIL,LONG,2026-09-04 20:54:00,8303.0,8288.488257147385,8361.046971410462,SHA_FLIP,2026-09-07 09:00:00,8424.0,SESSION_END,12100.0,732.12,11367.88,3606.0,2026-09
CRUDEOIL,LONG,2026-09-07 10:40:00,8464.0,8456.396977653822,8494.412089384714,SHA_FLIP,2026-09-07 10:41:00,8456.396977653822,STOP_LOSS,-760.3022346178477,738.56,-1498.8622346178477,1.0,2026-09
CRUDEOIL,LONG,2026-09-07 10:51:00,8460.0,8456.13635034317,8475.454598627322,SHA_FLIP,2026-09-07 11:03:00,8456.13635034317,STOP_LOSS,-386.3649656830603,738.4000000000001,-1124.7649656830604,12.0,2026-09
SILVER,LONG,2026-09-07 10:47:00,2350.0,2347.0381279319463,2358.885616204161,SHA_FLIP,2026-09-07 11:25:00,2347.0381279319463,STOP_LOSS,-88.85616204161124,208.2,-297.05616204161123,38.0,2026-09
CRUDEOIL,LONG,2026-09-07 11:45:00,8492.0,8483.44471970301,8526.221121187962,SHA_FLIP,2026-09-07 11:47:00,8483.44471970301,STOP_LOSS,-855.5280296990531,739.6800000000001,-1595.2080296990532,2.0,2026-09
SILVER,LONG,2026-09-07 12:11:00,2349.0,2347.0628332439887,2354.811500268034,SHA_FLIP,2026-09-07 12:25:00,2347.0628332439887,STOP_LOSS,-58.115002680337966,208.188,-266.30300268033795,14.0,2026-09
CRUDEOIL,SHORT,2026-09-07 11:48:00,8480.0,8491.58236097963,8433.67055608148,SHA_FLIP,2026-09-07 12:37:00,8433.67055608148,TAKE_PROFIT,4632.944391851925,739.2,3893.744391851925,49.0,2026-09
SILVER,SHORT,2026-09-07 12:26:00,2346.0,2349.9169398113077,2334.249180566077,SHA_FLIP,2026-09-07 12:45:00,2349.9169398113077,STOP_LOSS,-117.5081943392297,208.152,-325.6601943392297,19.0,2026-09
SILVER,SHORT,2026-09-07 12:50:00,2347.0,2350.873892444359,2335.3783226669225,SHA_FLIP,2026-09-07 13:24:00,2350.873892444359,STOP_LOSS,-116.21677333077514,208.164,-324.3807733307751,34.0,2026-09
CRUDEOIL,SHORT,2026-09-07 13:06:00,8423.0,8439.716500464127,8356.133998143494,SHA_FLIP,2026-09-07 13:49:00,8356.133998143494,TAKE_PROFIT,6686.6001856506045,736.9200000000001,5949.6801856506045,43.0,2026-09
SILVER,LONG,2026-09-07 14:33:00,2356.0,2353.063078882185,2364.810763353445,SHA_FLIP,2026-09-07 14:38:00,2353.063078882185,STOP_LOSS,-88.10763353445054,208.272,-296.37963353445053,5.0,2026-09
SILVER,SHORT,2026-09-07 14:38:00,2353.0,2355.9165116742015,2344.2504649773955,SHA_FLIP,2026-09-07 14:40:00,2355.9165116742015,STOP_LOSS,-87.49535022604505,208.236,-295.73135022604504,2.0,2026-09
CRUDEOIL,LONG,2026-09-07 14:55:00,8397.0,8389.304719289004,8427.781122843982,SHA_FLIP,2026-09-07 15:35:00,8389.304719289004,STOP_LOSS,-769.5280710995576,735.88,-1505.4080710995577,40.0,2026-09
SILVER,LONG,2026-09-07 15:11:00,2354.0,2351.0776604890307,2362.767018532908,SHA_FLIP,2026-09-07 15:37:00,2351.0776604890307,STOP_LOSS,-87.67018532907969,208.248,-295.9181853290797,26.0,2026-09
CRUDEOIL,LONG,2026-09-07 15:48:00,8405.0,8394.934709497893,8445.261162008428,SHA_FLIP,2026-09-07 15:56:00,8394.934709497893,STOP_LOSS,-1006.5290502107018,736.2,-1742.7290502107019,8.0,2026-09
CRUDEOIL,SHORT,2026-09-07 15:59:00,8392.0,8401.060323497139,8355.758706011446,SHA_FLIP,2026-09-07 16:06:00,8401.060323497139,STOP_LOSS,-906.0323497138597,735.6800000000001,-1641.7123497138598,7.0,2026-09
CRUDEOIL,SHORT,2026-09-07 17:22:00,8464.0,8471.996256561883,8432.01497375247,SHA_FLIP,2026-09-07 17:25:00,8471.996256561883,STOP_LOSS,-799.6256561882547,738.56,-1538.1856561882546,3.0,2026-09
SILVER,SHORT,2026-09-07 16:26:00,2349.0,2351.9153384560996,2340.2539846317013,SHA_FLIP,2026-09-07 18:01:00,2351.9153384560996,STOP_LOSS,-87.46015368298686,208.188,-295.64815368298684,95.0,2026-09
GOLD,SHORT,2026-09-07 18:07:00,122551.0,122715.4765432904,121893.09382683842,SHA_FLIP,2026-09-07 18:12:00,122715.4765432904,STOP_LOSS,-16447.654329039506,5302.04,-21749.694329039507,5.0,2026-09
CRUDEOIL,LONG,2026-09-07 17:33:00,8476.0,8468.49065424296,8506.03738302816,SHA_FLIP,2026-09-07 18:19:00,8468.49065424296,STOP_LOSS,-750.9345757040137,739.04,-1489.9745757040137,46.0,2026-09
SILVER,LONG,2026-09-07 18:02:00,2352.0,2349.087958249671,2360.7361252509872,SHA_FLIP,2026-09-07 18:28:00,2349.087958249671,STOP_LOSS,-87.36125250987243,208.224,-295.5852525098724,26.0,2026-09
CRUDEOIL,LONG,2026-09-07 18:31:00,8496.0,8477.246462256353,8571.014150974588,SHA_FLIP,2026-09-07 18:41:00,8477.246462256353,STOP_LOSS,-1875.353774364703,739.84,-2615.193774364703,10.0,2026-09
CRUDEOIL,SHORT,2026-09-07 18:42:00,8467.0,8486.102784792334,8390.588860830663,SHA_FLIP,2026-09-07 19:05:00,8486.102784792334,STOP_LOSS,-1910.2784792334205,738.6800000000001,-2648.958479233421,23.0,2026-09
SILVER,LONG,2026-09-07 18:30:00,2354.0,2349.12416634842,2368.6275009547394,SHA_FLIP,2026-09-07 20:18:00,2368.6275009547394,TAKE_PROFIT,438.8250286421817,208.248,230.5770286421817,108.0,2026-09
SILVER,LONG,2026-09-07 20:40:00,2371.0,2366.80099133089,2383.5970260073295,SHA_FLIP,2026-09-07 21:12:00,2366.80099133089,STOP_LOSS,-125.97026007329532,208.452,-334.4222600732953,32.0,2026-09
SILVER,SHORT,2026-09-07 21:23:00,2367.0,2368.132463239175,2363.6026102824744,SHA_FLIP,2026-09-07 21:29:00,2368.132463239175,STOP_LOSS,-33.97389717525584,208.404,-242.37789717525584,6.0,2026-09
SILVER,LONG,2026-09-07 21:30:00,2369.0,2365.100860613312,2380.6974181600644,SHA_FLIP,2026-09-07 21:49:00,2365.100860613312,STOP_LOSS,-116.97418160064444,208.428,-325.40218160064444,19.0,2026-09
CRUDEOIL,LONG,2026-09-07 19:19:00,8489.0,8476.331749322251,8539.673002710995,SHA_FLIP,2026-09-07 21:56:00,8476.331749322251,STOP_LOSS,-1266.8250677748802,739.56,-2006.38506777488,157.0,2026-09
CRUDEOIL,LONG,2026-09-07 23:23:00,8485.0,8479.526892253964,8506.892430984146,SHA_FLIP,2026-09-07 23:29:00,8479.526892253964,STOP_LOSS,-547.3107746036476,739.4000000000001,-1286.7107746036477,6.0,2026-09
SILVER,SHORT,2026-09-07 22:27:00,2365.0,2369.869031042634,2350.3929068720977,SHA_FLIP,2026-09-08 09:00:00,2383.0,SESSION_END,-540.0,208.38,-748.38,633.0,2026-09
GOLD,LONG,2026-09-07 18:12:00,122713.0,122546.7600010694,123377.9599957224,SHA_FLIP,2026-09-08 09:00:00,123400.0,SESSION_END,68700.0,5308.52,63391.479999999996,888.0,2026-09
CRUDEOIL,LONG,2026-09-08 09:32:00,8510.0,8502.491365103528,8540.03453958589,SHA_FLIP,2026-09-08 09:39:00,8502.491365103528,STOP_LOSS,-750.8634896472358,740.4000000000001,-1491.263489647236,7.0,2026-09
CRUDEOIL,SHORT,2026-09-08 09:40:00,8501.0,8508.34289115745,8471.6284353702,SHA_FLIP,2026-09-08 09:45:00,8508.34289115745,STOP_LOSS,-734.289115745014,740.04,-1474.329115745014,5.0,2026-09
CRUDEOIL,LONG,2026-09-08 09:46:00,8515.0,8506.492851259276,8549.028594962896,SHA_FLIP,2026-09-08 11:00:00,8549.028594962896,TAKE_PROFIT,3402.8594962896022,740.6,2662.2594962896023,74.0,2026-09
SILVER,SHORT,2026-09-08 11:23:00,2378.0,2380.9310193071615,2369.2069420785156,SHA_FLIP,2026-09-08 11:35:00,2369.2069420785156,TAKE_PROFIT,263.791737644533,208.536,55.255737644532985,12.0,2026-09
SILVER,SHORT,2026-09-08 12:25:00,2367.0,2371.859759138299,2352.420722585103,SHA_FLIP,2026-09-08 12:35:00,2371.859759138299,STOP_LOSS,-145.79277414897206,208.404,-354.19677414897205,10.0,2026-09
CRUDEOIL,LONG,2026-09-08 12:07:00,8595.0,8578.508193814154,8660.967224743385,SHA_FLIP,2026-09-08 13:59:00,8660.967224743385,TAKE_PROFIT,6596.722474338458,743.8,5852.9224743384575,112.0,2026-09
SILVER,SHORT,2026-09-08 14:01:00,2357.0,2360.976839722062,2345.0694808338144,SHA_FLIP,2026-09-08 14:05:00,2360.976839722062,STOP_LOSS,-119.30519166185604,208.284,-327.58919166185603,4.0,2026-09
CRUDEOIL,LONG,2026-09-08 13:59:00,8661.0,8631.10808194318,8780.567672227276,SHA_FLIP,2026-09-08 14:16:00,8631.10808194318,STOP_LOSS,-2989.1918056819122,746.44,-3735.6318056819123,17.0,2026-09
SILVER,LONG,2026-09-08 14:05:00,2361.0,2356.166690385621,2375.4999288431363,SHA_FLIP,2026-09-08 17:50:00,2356.166690385621,STOP_LOSS,-144.9992884313633,208.332,-353.3312884313633,225.0,2026-09
GOLD,SHORT,2026-09-08 17:41:00,122985.0,123100.1501401755,122524.39943929802,SHA_FLIP,2026-09-08 17:58:00,122524.39943929802,TAKE_PROFIT,46060.05607019761,5319.400000000001,40740.656070197605,17.0,2026-09
GOLD,SHORT,2026-09-08 17:58:00,122879.0,123054.72347952229,122176.10608191084,SHA_FLIP,2026-09-08 18:03:00,123054.72347952229,STOP_LOSS,-17572.34795222903,5315.16,-22887.50795222903,5.0,2026-09
CRUDEOIL,SHORT,2026-09-08 14:33:00,8639.0,8661.176240437242,8550.295038251032,SHA_FLIP,2026-09-08 18:15:00,8550.295038251032,TAKE_PROFIT,8870.496174896834,745.56,8124.936174896835,222.0,2026-09
GOLD,SHORT,2026-09-08 18:14:00,122886.0,123049.70583663331,122231.17665346677,SHA_FLIP,2026-09-08 18:26:00,123049.70583663331,STOP_LOSS,-16370.583663330763,5315.4400000000005,-21686.023663330765,12.0,2026-09
CRUDEOIL,LONG,2026-09-08 19:30:00,8563.0,8547.85221472586,8623.591141096556,SHA_FLIP,2026-09-08 20:04:00,8547.85221472586,STOP_LOSS,-1514.7785274139096,742.52,-2257.2985274139096,34.0,2026-09
GOLD,SHORT,2026-09-08 19:36:00,122961.0,123084.02313621446,122468.90745514218,SHA_FLIP,2026-09-08 20:33:00,123084.02313621446,STOP_LOSS,-12302.3136214455,5318.4400000000005,-17620.753621445503,57.0,2026-09
CRUDEOIL,SHORT,2026-09-08 20:48:00,8523.0,8534.404401293317,8477.38239482673,SHA_FLIP,2026-09-08 20:50:00,8534.404401293317,STOP_LOSS,-1140.4401293317278,740.9200000000001,-1881.3601293317279,2.0,2026-09
CRUDEOIL,LONG,2026-09-08 20:50:00,8540.0,8525.114027473019,8599.543890107925,SHA_FLIP,2026-09-08 21:02:00,8525.114027473019,STOP_LOSS,-1488.5972526981277,741.6,-2230.1972526981276,12.0,2026-09
GOLD,LONG,2026-09-08 21:02:00,123184.0,123014.44040692516,123862.23837229935,SHA_FLIP,2026-09-08 21:31:00,123014.44040692516,STOP_LOSS,-16955.959307483863,5327.360000000001,-22283.319307483864,29.0,2026-09
GOLD,LONG,2026-09-08 22:21:00,122916.0,122805.17964509825,123359.281419607,SHA_FLIP,2026-09-08 23:14:00,122805.17964509825,STOP_LOSS,-11082.035490174894,5316.64,-16398.675490174894,53.0,2026-09
SILVER,LONG,2026-09-08 18:02:00,2368.0,2355.8733379109567,2404.37998626713,SHA_FLIP,2026-09-09 09:00:00,2365.0,SESSION_END,-90.0,208.416,-298.416,898.0,2026-09
CRUDEOIL,SHORT,2026-09-08 21:02:00,8521.0,8539.012776838543,8448.948892645829,SHA_FLIP,2026-09-09 09:00:00,8679.0,SESSION_END,-15800.0,740.84,-16540.84,718.0,2026-09
CRUDEOIL,LONG,2026-09-09 09:31:00,8666.0,8661.94651562865,8682.213937485401,SHA_FLIP,2026-09-09 09:51:00,8661.94651562865,STOP_LOSS,-405.34843713503506,746.6400000000001,-1151.9884371350352,20.0,2026-09
SILVER,LONG,2026-09-09 10:17:00,2367.0,2364.8765691940953,2373.370292417714,SHA_FLIP,2026-09-09 10:38:00,2373.370292417714,TAKE_PROFIT,191.10877253142462,208.404,-17.295227468575376,21.0,2026-09
CRUDEOIL,LONG,2026-09-09 10:45:00,8659.0,8655.231335386636,8674.074658453457,SHA_FLIP,2026-09-09 11:00:00,8655.231335386636,STOP_LOSS,-376.8664613364308,746.36,-1123.226461336431,15.0,2026-09
CRUDEOIL,SHORT,2026-09-09 11:00:00,8650.0,8659.694258580985,8611.222965676061,SHA_FLIP,2026-09-09 11:01:00,8659.694258580985,STOP_LOSS,-969.4258580984751,746.0,-1715.4258580984751,1.0,2026-09
CRUDEOIL,LONG,2026-09-09 11:04:00,8661.0,8650.526839650589,8702.892641397644,SHA_FLIP,2026-09-09 11:07:00,8650.526839650589,STOP_LOSS,-1047.3160349411046,746.44,-1793.7560349411046,3.0,2026-09
CRUDEOIL,SHORT,2026-09-09 11:07:00,8649.0,8664.397669122269,8587.409323510925,SHA_FLIP,2026-09-09 11:16:00,8664.397669122269,STOP_LOSS,-1539.766912226878,745.96,-2285.726912226878,9.0,2026-09
CRUDEOIL,LONG,2026-09-09 11:17:00,8666.0,8656.218511857682,8705.125952569273,SHA_FLIP,2026-09-09 11:19:00,8656.218511857682,STOP_LOSS,-978.1488142318267,746.6400000000001,-1724.7888142318268,2.0,2026-09
CRUDEOIL,SHORT,2026-09-09 11:20:00,8651.0,8662.898053169978,8603.407787320088,SHA_FLIP,2026-09-09 11:31:00,8662.898053169978,STOP_LOSS,-1189.8053169978084,746.04,-1935.8453169978084,11.0,2026-09
CRUDEOIL,LONG,2026-09-09 12:36:00,8690.0,8674.629996233283,8751.480015066867,SHA_FLIP,2026-09-09 14:31:00,8751.480015066867,TAKE_PROFIT,6148.001506686705,747.6,5400.401506686705,115.0,2026-09
CRUDEOIL,LONG,2026-09-09 14:50:00,8749.0,8734.63469032814,8806.461238687443,SHA_FLIP,2026-09-09 15:01:00,8734.63469032814,STOP_LOSS,-1436.5309671860814,749.96,-2186.4909671860814,11.0,2026-09
CRUDEOIL,SHORT,2026-09-09 15:02:00,8740.0,8751.41585332474,8694.336586701043,SHA_FLIP,2026-09-09 15:06:00,8751.41585332474,STOP_LOSS,-1141.5853324739146,749.6,-1891.1853324739145,4.0,2026-09
SILVER,LONG,2026-09-09 10:57:00,2375.0,2371.1644948969792,2386.5065153090623,SHA_FLIP,2026-09-09 15:24:00,2371.1644948969792,STOP_LOSS,-115.06515309062252,208.5,-323.5651530906225,267.0,2026-09
SILVER,SHORT,2026-09-09 15:46:00,2370.0,2373.882733597498,2358.3517992075062,SHA_FLIP,2026-09-09 15:55:00,2373.882733597498,STOP_LOSS,-116.48200792493753,208.44,-324.92200792493753,9.0,2026-09
SILVER,LONG,2026-09-09 16:05:00,2373.0,2370.3071765789587,2381.078470263124,SHA_FLIP,2026-09-09 16:14:00,2370.3071765789587,STOP_LOSS,-80.78470263124018,208.476,-289.2607026312402,9.0,2026-09
CRUDEOIL,LONG,2026-09-09 15:06:00,8750.0,8734.392525515774,8812.429897936905,SHA_FLIP,2026-09-09 17:43:00,8812.429897936905,TAKE_PROFIT,6242.989793690504,750.0,5492.989793690504,157.0,2026-09
SILVER,LONG,2026-09-09 16:25:00,2373.0,2369.4038766852846,2383.7883699441463,SHA_FLIP,2026-09-09 17:48:00,2369.4038766852846,STOP_LOSS,-107.88369944146325,208.476,-316.35969944146325,83.0,2026-09
CRUDEOIL,LONG,2026-09-09 17:57:00,8814.0,8800.052180144301,8869.791279422796,SHA_FLIP,2026-09-09 18:06:00,8800.052180144301,STOP_LOSS,-1394.781985569898,752.56,-2147.341985569898,9.0,2026-09
GOLD,SHORT,2026-09-09 18:09:00,123086.0,123248.18763198945,122437.2494720422,SHA_FLIP,2026-09-09 18:15:00,123248.18763198945,STOP_LOSS,-16218.76319894509,5323.4400000000005,-21542.20319894509,6.0,2026-09
CRUDEOIL,LONG,2026-09-09 18:09:00,8810.0,8800.500968065176,8847.996127739294,SHA_FLIP,2026-09-09 18:28:00,8800.500968065176,STOP_LOSS,-949.9031934823506,752.4000000000001,-1702.3031934823507,19.0,2026-09
CRUDEOIL,SHORT,2026-09-09 18:47:00,8797.0,8812.4289458523,8735.2842165908,SHA_FLIP,2026-09-09 18:52:00,8812.4289458523,STOP_LOSS,-1542.8945852299876,751.88,-2294.7745852299877,5.0,2026-09
CRUDEOIL,LONG,2026-09-09 18:52:00,8821.0,8796.67138735163,8918.314450593483,SHA_FLIP,2026-09-09 19:00:00,8796.67138735163,STOP_LOSS,-2432.8612648370836,752.84,-3185.7012648370837,8.0,2026-09
GOLD,LONG,2026-09-09 19:18:00,123750.0,123573.53643053064,124455.85427787743,SHA_FLIP,2026-09-09 19:25:00,123573.53643053064,STOP_LOSS,-17646.356946935703,5350.0,-22996.356946935703,7.0,2026-09
GOLD,SHORT,2026-09-09 19:25:00,123553.0,123758.23468934698,122732.06124261208,SHA_FLIP,2026-09-09 19:32:00,123758.23468934698,STOP_LOSS,-20523.46893469803,5342.12,-25865.58893469803,7.0,2026-09
CRUDEOIL,SHORT,2026-09-09 19:31:00,8780.0,8798.412473626262,8706.350105494952,SHA_FLIP,2026-09-09 19:38:00,8798.412473626262,STOP_LOSS,-1841.2473626262,751.2,-2592.4473626261997,7.0,2026-09
CRUDEOIL,SHORT,2026-09-09 19:44:00,8777.0,8790.428691843279,8723.285232626884,SHA_FLIP,2026-09-09 19:46:00,8790.428691843279,STOP_LOSS,-1342.8691843279012,751.08,-2093.949184327901,2.0,2026-09
GOLD,LONG,2026-09-09 19:32:00,123767.0,123580.00592255194,124514.97630979226,SHA_FLIP,2026-09-09 19:55:00,123580.00592255194,STOP_LOSS,-18699.407744806376,5350.68,-24050.087744806377,23.0,2026-09
GOLD,LONG,2026-09-09 19:58:00,123802.0,123609.70038121774,124571.19847512903,SHA_FLIP,2026-09-09 20:31:00,123609.70038121774,STOP_LOSS,-19229.96187822573,5352.08,-24582.041878225733,33.0,2026-09
SILVER,LONG,2026-09-09 19:21:00,2393.0,2385.240740256946,2416.2777792291618,SHA_FLIP,2026-09-09 20:36:00,2385.240740256946,STOP_LOSS,-232.77779229161752,208.716,-441.4937922916175,75.0,2026-09
CRUDEOIL,LONG,2026-09-09 19:47:00,8800.0,8779.967752302317,8880.128990790734,SHA_FLIP,2026-09-09 22:30:00,8779.967752302317,STOP_LOSS,-2003.2247697683488,752.0,-2755.224769768349,163.0,2026-09
SILVER,LONG,2026-09-09 21:20:00,2390.0,2384.446472901641,2406.6605812950775,SHA_FLIP,2026-09-09 22:38:00,2406.6605812950775,TAKE_PROFIT,499.8174388523239,208.68,291.1374388523239,78.0,2026-09
GOLD,SHORT,2026-09-09 20:32:00,123412.0,123766.1375670316,121995.44973187358,SHA_FLIP,2026-09-10 09:00:00,123501.0,SESSION_END,-8900.0,5336.4800000000005,-14236.48,748.0,2026-09
SILVER,LONG,2026-09-09 23:26:00,2401.0,2396.7155416483038,2413.8533750550887,SHA_FLIP,2026-09-10 09:00:00,2396.0,SESSION_END,-150.0,208.812,-358.812,574.0,2026-09
CRUDEOIL,LONG,2026-09-09 23:26:00,8815.0,8795.411343195121,8893.354627219516,SHA_FLIP,2026-09-10 09:00:00,8832.0,SESSION_END,1700.0,752.6,947.4,574.0,2026-09
CRUDEOIL,LONG,2026-09-10 09:33:00,8835.0,8826.311895689263,8869.752417242948,SHA_FLIP,2026-09-10 10:43:00,8826.311895689263,STOP_LOSS,-868.810431073689,753.4000000000001,-1622.210431073689,70.0,2026-09
SILVER,SHORT,2026-09-10 10:10:00,2394.0,2399.3502876069188,2377.9491371792437,SHA_FLIP,2026-09-10 10:45:00,2399.3502876069188,STOP_LOSS,-160.50862820756265,208.728,-369.23662820756266,35.0,2026-09
CRUDEOIL,SHORT,2026-09-10 11:28:00,8782.0,8789.604323317213,8751.582706731147,SHA_FLIP,2026-09-10 11:31:00,8789.604323317213,STOP_LOSS,-760.432331721313,751.28,-1511.712331721313,3.0,2026-09
SILVER,LONG,2026-09-10 11:30:00,2403.0,2399.85646992825,2412.4305902152496,SHA_FLIP,2026-09-10 11:35:00,2399.85646992825,STOP_LOSS,-94.30590215249595,208.836,-303.14190215249596,5.0,2026-09
CRUDEOIL,SHORT,2026-09-10 11:57:00,8772.0,8784.599495239212,8721.602019043152,SHA_FLIP,2026-09-10 12:22:00,8784.599495239212,STOP_LOSS,-1259.9495239212047,750.88,-2010.8295239212048,25.0,2026-09
CRUDEOIL,LONG,2026-09-10 12:46:00,8813.0,8797.799578685936,8873.801685256258,SHA_FLIP,2026-09-10 13:04:00,8873.801685256258,TAKE_PROFIT,6080.168525625777,752.52,5327.6485256257765,18.0,2026-09
SILVER,SHORT,2026-09-10 11:36:00,2400.0,2403.8937382830454,2388.3187851508637,SHA_FLIP,2026-09-10 13:44:00,2388.3187851508637,TAKE_PROFIT,350.43644547408803,208.8,141.63644547408802,128.0,2026-09
CRUDEOIL,LONG,2026-09-10 14:40:00,8954.0,8930.473890798641,9048.104436805435,SHA_FLIP,2026-09-10 16:06:00,8930.473890798641,STOP_LOSS,-2352.610920135885,758.1600000000001,-3110.770920135885,86.0,2026-09
SILVER,SHORT,2026-09-10 14:46:00,2381.0,2386.3305979248303,2365.008206225509,SHA_FLIP,2026-09-10 16:22:00,2365.008206225509,TAKE_PROFIT,479.7538132347245,208.572,271.1818132347245,96.0,2026-09
CRUDEOIL,SHORT,2026-09-10 16:27:00,8908.0,8942.791234334458,8768.835062662169,SHA_FLIP,2026-09-10 16:30:00,8942.791234334458,STOP_LOSS,-3479.123433445784,756.3199999999999,-4235.443433445784,3.0,2026-09
CRUDEOIL,LONG,2026-09-10 16:31:00,8963.0,8922.84180374902,9123.632785003923,SHA_FLIP,2026-09-10 17:45:00,9123.632785003923,TAKE_PROFIT,16063.278500392335,758.52,15304.758500392334,74.0,2026-09
SILVER,SHORT,2026-09-10 16:50:00,2364.0,2369.22517223214,2348.3244833035806,SHA_FLIP,2026-09-10 17:57:00,2348.3244833035806,TAKE_PROFIT,470.2655008925831,208.368,261.8975008925831,67.0,2026-09
GOLD,SHORT,2026-09-10 17:53:00,122773.0,122931.04881954596,122140.80472181615,SHA_FLIP,2026-09-10 18:00:00,122931.04881954596,STOP_LOSS,-15804.881954596203,5310.92,-21115.8019545962,7.0,2026-09
CRUDEOIL,LONG,2026-09-10 18:27:00,9210.0,9175.287896911283,9348.84841235487,SHA_FLIP,2026-09-10 18:30:00,9175.287896911283,STOP_LOSS,-3471.2103088717413,768.4000000000001,-4239.610308871741,3.0,2026-09
GOLD,SHORT,2026-09-10 18:25:00,122058.0,122484.76093677133,120350.95625291468,SHA_FLIP,2026-09-10 18:31:00,122484.76093677133,STOP_LOSS,-42676.09367713303,5282.320000000001,-47958.41367713303,6.0,2026-09
GOLD,LONG,2026-09-10 18:50:00,122445.0,122240.02864471702,123264.88542113191,SHA_FLIP,2026-09-10 18:56:00,122240.02864471702,STOP_LOSS,-20497.135528297804,5297.8,-25794.935528297803,6.0,2026-09
CRUDEOIL,LONG,2026-09-10 18:55:00,9203.0,9189.032358635359,9258.870565458565,SHA_FLIP,2026-09-10 19:00:00,9189.032358635359,STOP_LOSS,-1396.7641364641167,768.12,-2164.8841364641166,5.0,2026-09
SILVER,LONG,2026-09-10 18:59:00,2338.0,2331.2643273297067,2358.20701801088,SHA_FLIP,2026-09-10 19:39:00,2331.2643273297067,STOP_LOSS,-202.07018010879892,208.056,-410.12618010879896,40.0,2026-09
CRUDEOIL,LONG,2026-09-10 19:35:00,9164.0,9133.181213350012,9287.275146599954,SHA_FLIP,2026-09-10 19:49:00,9133.181213350012,STOP_LOSS,-3081.8786649988397,766.56,-3848.4386649988396,14.0,2026-09
CRUDEOIL,SHORT,2026-09-10 19:50:00,9137.0,9174.957889661157,8985.168441355374,SHA_FLIP,2026-09-10 20:13:00,9174.957889661157,STOP_LOSS,-3795.7889661156514,765.48,-4561.268966115651,23.0,2026-09
CRUDEOIL,LONG,2026-09-10 22:05:00,9352.0,9296.902809653675,9572.3887613853,SHA_FLIP,2026-09-10 22:15:00,9296.902809653675,STOP_LOSS,-5509.719034632508,774.08,-6283.799034632508,10.0,2026-09
CRUDEOIL,SHORT,2026-09-10 22:28:00,9300.0,9313.767672850201,9244.929308599196,SHA_FLIP,2026-09-10 22:33:00,9313.767672850201,STOP_LOSS,-1376.7672850201052,772.0,-2148.767285020105,5.0,2026-09
CRUDEOIL,LONG,2026-09-10 23:26:00,9355.0,9340.856448757451,9411.574204970195,SHA_FLIP,2026-09-11 09:00:00,9444.0,SESSION_END,8900.0,774.2,8125.8,574.0,2026-09
SILVER,SHORT,2026-09-10 20:10:00,2335.0,2340.163988442886,2319.508034671342,SHA_FLIP,2026-09-11 09:00:00,2296.0,SESSION_END,1170.0,208.02,961.98,770.0,2026-09
GOLD,LONG,2026-09-10 18:58:00,122490.0,122218.61112085564,123575.55551657744,SHA_FLIP,2026-09-11 09:00:00,121514.0,SESSION_END,-97600.0,5299.6,-102899.6,842.0,2026-09
CRUDEOIL,SHORT,2026-09-11 10:17:00,9391.0,9404.918742348586,9335.325030605658,SHA_FLIP,2026-09-11 10:44:00,9335.325030605658,TAKE_PROFIT,5567.496939434204,775.6400000000001,4791.856939434204,27.0,2026-09
CRUDEOIL,SHORT,2026-09-11 11:34:00,9270.0,9297.930257833033,9158.278968667866,SHA_FLIP,2026-09-11 11:48:00,9297.930257833033,STOP_LOSS,-2793.0257833033465,770.8,-3563.8257833033467,14.0,2026-09
SILVER,LONG,2026-09-11 11:02:00,2313.0,2308.1733911530264,2327.479826540921,SHA_FLIP,2026-09-11 12:04:00,2308.1733911530264,STOP_LOSS,-144.7982654092084,207.756,-352.55426540920837,62.0,2026-09
CRUDEOIL,LONG,2026-09-11 12:12:00,9303.0,9276.555103276092,9408.779586895631,SHA_FLIP,2026-09-11 12:18:00,9276.555103276092,STOP_LOSS,-2644.489672390773,772.12,-3416.609672390773,6.0,2026-09
CRUDEOIL,SHORT,2026-09-11 12:19:00,9280.0,9303.645715511037,9185.417137955854,SHA_FLIP,2026-09-11 12:25:00,9303.645715511037,STOP_LOSS,-2364.571551103654,771.2,-3135.771551103654,6.0,2026-09
SILVER,LONG,2026-09-11 12:41:00,2319.0,2313.1423914105867,2336.57282576824,SHA_FLIP,2026-09-11 12:56:00,2313.1423914105867,STOP_LOSS,-175.7282576823991,207.828,-383.55625768239906,15.0,2026-09
SILVER,SHORT,2026-09-11 12:56:00,2314.0,2317.8505682805066,2302.44829515848,SHA_FLIP,2026-09-11 13:54:00,2317.8505682805066,STOP_LOSS,-115.5170484151995,207.768,-323.2850484151995,58.0,2026-09
CRUDEOIL,SHORT,2026-09-11 12:30:00,9277.0,9297.934848218089,9193.260607127646,SHA_FLIP,2026-09-11 14:01:00,9193.260607127646,TAKE_PROFIT,8373.939287235407,771.08,7602.8592872354075,91.0,2026-09
SILVER,SHORT,2026-09-11 15:01:00,2311.0,2315.834188173022,2296.4974354809337,SHA_FLIP,2026-09-11 15:26:00,2315.834188173022,STOP_LOSS,-145.02564519066254,207.732,-352.7576451906625,25.0,2026-09
CRUDEOIL,SHORT,2026-09-11 14:57:00,9174.0,9194.359277162874,9092.562891348505,SHA_FLIP,2026-09-11 15:49:00,9092.562891348505,TAKE_PROFIT,8143.710865149478,766.96,7376.750865149478,52.0,2026-09
SILVER,LONG,2026-09-11 15:50:00,2316.0,2312.1032872264677,2327.690138320597,SHA_FLIP,2026-09-11 16:15:00,2312.1032872264677,STOP_LOSS,-116.90138320596816,207.792,-324.6933832059682,25.0,2026-09
CRUDEOIL,LONG,2026-09-11 16:11:00,9110.0,9089.508769211261,9191.964923154956,SHA_FLIP,2026-09-11 16:19:00,9089.508769211261,STOP_LOSS,-2049.1230788738903,764.4000000000001,-2813.5230788738904,8.0,2026-09
SILVER,SHORT,2026-09-11 17:01:00,2305.0,2311.856519805279,2284.4304405841635,SHA_FLIP,2026-09-11 17:42:00,2311.856519805279,STOP_LOSS,-205.69559415836466,207.66,-413.3555941583646,41.0,2026-09
SILVER,LONG,2026-09-11 17:58:00,2312.0,2305.2470658389734,2332.2588024830798,SHA_FLIP,2026-09-11 18:00:00,2305.2470658389734,STOP_LOSS,-202.58802483079762,207.744,-410.33202483079765,2.0,2026-09
SILVER,SHORT,2026-09-11 18:00:00,2290.0,2314.3757785114285,2216.8726644657145,SHA_FLIP,2026-09-11 18:03:00,2314.3757785114285,STOP_LOSS,-731.2733553428552,207.48,-938.7533553428552,3.0,2026-09
GOLD,SHORT,2026-09-11 18:01:00,121899.0,122534.55446568315,119356.78213726741,SHA_FLIP,2026-09-11 18:09:00,122534.55446568315,STOP_LOSS,-63555.4465683148,5275.96,-68831.40656831481,8.0,2026-09
CRUDEOIL,LONG,2026-09-11 16:39:00,9105.0,9087.715295704855,9174.138817180581,SHA_FLIP,2026-09-11 18:30:00,9087.715295704855,STOP_LOSS,-1728.4704295145275,764.2,-2492.6704295145273,111.0,2026-09
CRUDEOIL,SHORT,2026-09-11 18:58:00,9072.0,9109.262038756526,8922.951844973897,SHA_FLIP,2026-09-11 19:02:00,9109.262038756526,STOP_LOSS,-3726.2038756525726,762.88,-4489.083875652573,4.0,2026-09
CRUDEOIL,SHORT,2026-09-11 19:17:00,9096.0,9119.947059025017,9000.211763899933,SHA_FLIP,2026-09-11 19:21:00,9119.947059025017,STOP_LOSS,-2394.7059025016642,763.84,-3158.5459025016644,4.0,2026-09
GOLD,LONG,2026-09-11 18:43:00,123280.0,123102.62263691936,123989.50945232256,SHA_FLIP,2026-09-11 19:55:00,123102.62263691936,STOP_LOSS,-17737.736308063904,5331.2,-23068.936308063905,72.0,2026-09
CRUDEOIL,LONG,2026-09-11 19:21:00,9115.0,9087.226023648129,9226.095905407485,SHA_FLIP,2026-09-14 17:00:00,9226.095905407485,TAKE_PROFIT,11109.590540748468,764.6,10344.990540748468,4179.0,2026-09
GOLD,SHORT,2026-09-11 20:29:00,123026.0,123218.8909768875,122254.43609244999,SHA_FLIP,2026-09-14 17:00:00,121629.0,SESSION_END,139700.0,5321.04,134378.96,4111.0,2026-09
SILVER,LONG,2026-09-11 18:06:00,2318.0,2285.7050724344826,2414.884782696552,SHA_FLIP,2026-09-14 17:00:00,2285.7050724344826,STOP_LOSS,-968.8478269655207,207.816,-1176.6638269655207,4254.0,2026-09
SILVER,SHORT,2026-09-14 18:19:00,2285.0,2290.192041568005,2269.4238752959845,SHA_FLIP,2026-09-14 19:45:00,2290.192041568005,STOP_LOSS,-155.76124704015456,207.42000000000002,-363.1812470401546,86.0,2026-09
CRUDEOIL,LONG,2026-09-14 17:56:00,9485.0,9442.307685274178,9655.769258903289,SHA_FLIP,2026-09-14 20:35:00,9442.307685274178,STOP_LOSS,-4269.231472582214,779.4000000000001,-5048.631472582214,159.0,2026-09
SILVER,SHORT,2026-09-14 19:52:00,2284.0,2290.8417104195087,2263.474868741474,SHA_FLIP,2026-09-14 20:36:00,2290.8417104195087,STOP_LOSS,-205.25131258526017,207.40800000000002,-412.6593125852602,44.0,2026-09
SILVER,LONG,2026-09-14 20:54:00,2288.0,2284.7484719234217,2297.754584229735,SHA_FLIP,2026-09-14 21:09:00,2297.754584229735,TAKE_PROFIT,292.6375268920492,207.45600000000002,85.18152689204919,15.0,2026-09
GOLD,SHORT,2026-09-14 17:52:00,121257.0,121480.47908184503,120363.08367261989,SHA_FLIP,2026-09-14 21:54:00,121480.47908184503,STOP_LOSS,-22347.90818450274,5250.280000000001,-27598.18818450274,242.0,2026-09
SILVER,LONG,2026-09-14 21:23:00,2294.0,2289.5982600188327,2307.205219943502,SHA_FLIP,2026-09-15 09:00:00,2300.0,SESSION_END,180.0,207.528,-27.52799999999999,697.0,2026-09
CRUDEOIL,SHORT,2026-09-14 21:04:00,9413.0,9485.752497129002,9121.990011483991,SHA_FLIP,2026-09-15 09:00:00,9417.0,SESSION_END,-400.0,776.52,-1176.52,716.0,2026-09
GOLD,LONG,2026-09-14 22:12:00,121468.0,121334.529456252,122001.882174992,SHA_FLIP,2026-09-15 09:00:00,121600.0,SESSION_END,13200.0,5258.72,7941.28,648.0,2026-09
SILVER,LONG,2026-09-15 09:15:00,2302.0,2297.722241798782,2314.8332746036544,SHA_FLIP,2026-09-15 09:20:00,2297.722241798782,STOP_LOSS,-128.33274603654445,207.624,-335.9567460365445,5.0,2026-09
CRUDEOIL,LONG,2026-09-15 09:42:00,9442.0,9435.419879897889,9468.320480408445,SHA_FLIP,2026-09-15 10:15:00,9468.320480408445,TAKE_PROFIT,2632.048040844529,777.6800000000001,1854.368040844529,33.0,2026-09
CRUDEOIL,LONG,2026-09-15 10:15:00,9472.0,9459.502416575744,9521.990333697024,SHA_FLIP,2026-09-15 10:30:00,9459.502416575744,STOP_LOSS,-1249.7583424255936,778.88,-2028.6383424255937,15.0,2026-09
SILVER,SHORT,2026-09-15 11:04:00,2288.0,2292.8661543812664,2273.401536856201,SHA_FLIP,2026-09-15 11:10:00,2292.8661543812664,STOP_LOSS,-145.98463143799108,207.45600000000002,-353.4406314379911,6.0,2026-09
CRUDEOIL,LONG,2026-09-15 11:55:00,9465.0,9442.632142299515,9554.47143080194,SHA_FLIP,2026-09-15 12:11:00,9442.632142299515,STOP_LOSS,-2236.785770048482,778.6,-3015.385770048482,16.0,2026-09
SILVER,LONG,2026-09-15 11:11:00,2293.0,2288.1022606320694,2307.693218103792,SHA_FLIP,2026-09-15 12:44:00,2288.1022606320694,STOP_LOSS,-146.93218103791878,207.516,-354.44818103791874,93.0,2026-09
CRUDEOIL,LONG,2026-09-15 12:24:00,9480.0,9460.174685637336,9559.301257450657,SHA_FLIP,2026-09-15 12:46:00,9460.174685637336,STOP_LOSS,-1982.5314362664358,779.2,-2761.7314362664356,22.0,2026-09
CRUDEOIL,SHORT,2026-09-15 14:34:00,9482.0,9497.161498267882,9421.354006928472,SHA_FLIP,2026-09-15 14:45:00,9497.161498267882,STOP_LOSS,-1516.1498267882052,779.28,-2295.429826788205,11.0,2026-09
SILVER,SHORT,2026-09-15 13:06:00,2287.0,2290.9008465435227,2275.297460369432,SHA_FLIP,2026-09-15 15:30:00,2290.9008465435227,STOP_LOSS,-117.02539630568026,207.44400000000002,-324.4693963056803,144.0,2026-09
CRUDEOIL,LONG,2026-09-15 14:46:00,9507.0,9488.78304711624,9579.867811535041,SHA_FLIP,2026-09-15 15:30:00,9488.78304711624,STOP_LOSS,-1821.6952883760314,780.28,-2601.975288376031,44.0,2026-09
CRUDEOIL,SHORT,2026-09-15 15:51:00,9495.0,9507.366971764286,9445.532112942856,SHA_FLIP,2026-09-15 16:15:00,9445.532112942856,TAKE_PROFIT,4946.788705714425,779.8,4166.988705714425,24.0,2026-09
CRUDEOIL,SHORT,2026-09-15 17:04:00,9385.0,9408.144717279414,9292.421130882343,SHA_FLIP,2026-09-15 17:32:00,9408.144717279414,STOP_LOSS,-2314.471727941418,775.4000000000001,-3089.871727941418,28.0,2026-09
CRUDEOIL,LONG,2026-09-15 17:32:00,9416.0,9393.341370243268,9506.634519026928,SHA_FLIP,2026-09-15 17:37:00,9393.341370243268,STOP_LOSS,-2265.86297567319,776.6400000000001,-3042.50297567319,5.0,2026-09
SILVER,LONG,2026-09-15 16:43:00,2291.0,2287.096170966204,2302.7114871013873,SHA_FLIP,2026-09-15 17:49:00,2287.096170966204,STOP_LOSS,-117.1148710138732,207.492,-324.60687101387316,66.0,2026-09
GOLD,SHORT,2026-09-15 17:33:00,121100.0,121222.78428356085,120608.86286575662,SHA_FLIP,2026-09-15 18:18:00,121222.78428356085,STOP_LOSS,-12278.428356084623,5244.0,-17522.428356084623,45.0,2026-09
GOLD,SHORT,2026-09-15 18:59:00,121185.0,121288.62031091744,120770.51875633025,SHA_FLIP,2026-09-15 19:06:00,121288.62031091744,STOP_LOSS,-10362.031091743847,5247.400000000001,-15609.431091743849,7.0,2026-09
GOLD,LONG,2026-09-15 19:07:00,121299.0,121120.31103231208,122013.75587075169,SHA_FLIP,2026-09-15 19:52:00,121120.31103231208,STOP_LOSS,-17868.896768792183,5251.96,-23120.856768792182,45.0,2026-09
GOLD,SHORT,2026-09-15 20:21:00,120833.0,121031.18986842984,120040.24052628066,SHA_FLIP,2026-09-15 20:33:00,121031.18986842984,STOP_LOSS,-19818.986842983577,5233.320000000001,-25052.306842983577,12.0,2026-09
CRUDEOIL,LONG,2026-09-15 19:31:00,9482.0,9450.694550771701,9607.221796913196,SHA_FLIP,2026-09-15 21:32:00,9607.221796913196,TAKE_PROFIT,12522.179691319616,779.28,11742.899691319615,121.0,2026-09
GOLD,LONG,2026-09-15 21:08:00,121109.0,121016.12447105852,121480.50211576594,SHA_FLIP,2026-09-16 09:00:00,121989.0,SESSION_END,88000.0,5244.360000000001,82755.64,712.0,2026-09
SILVER,LONG,2026-09-15 18:01:00,2293.0,2285.190158946932,2316.4295231592037,SHA_FLIP,2026-09-16 09:00:00,2321.0,SESSION_END,840.0,207.516,632.484,899.0,2026-09
CRUDEOIL,LONG,2026-09-15 23:21:00,9750.0,9723.115072837822,9857.539708648714,SHA_FLIP,2026-09-16 09:00:00,9563.0,SESSION_END,-18700.0,790.0,-19490.0,579.0,2026-09
SILVER,LONG,2026-09-16 10:31:00,2320.0,2317.072064540129,2328.7838063796135,SHA_FLIP,2026-09-16 10:34:00,2317.072064540129,STOP_LOSS,-87.83806379613452,207.84,-295.67806379613455,3.0,2026-09
CRUDEOIL,LONG,2026-09-16 10:09:00,9563.0,9553.393305471054,9601.426778115783,SHA_FLIP,2026-09-16 11:23:00,9601.426778115783,TAKE_PROFIT,3842.6778115783236,782.52,3060.1578115783236,74.0,2026-09
CRUDEOIL,LONG,2026-09-16 11:59:00,9581.0,9570.474157565743,9623.10336973703,SHA_FLIP,2026-09-16 12:08:00,9570.474157565743,STOP_LOSS,-1052.5842434257356,783.24,-1835.8242434257356,9.0,2026-09
CRUDEOIL,SHORT,2026-09-16 12:09:00,9565.0,9586.807851501613,9477.768593993547,SHA_FLIP,2026-09-16 13:33:00,9586.807851501613,STOP_LOSS,-2180.7851501613186,782.6,-2963.3851501613185,84.0,2026-09
CRUDEOIL,LONG,2026-09-16 14:05:00,9580.0,9554.904440123257,9680.382239506973,SHA_FLIP,2026-09-16 15:02:00,9554.904440123257,STOP_LOSS,-2509.555987674321,783.2,-3292.7559876743207,57.0,2026-09
CRUDEOIL,SHORT,2026-09-16 16:02:00,9513.0,9532.287554123253,9435.849783506987,SHA_FLIP,2026-09-16 16:06:00,9532.287554123253,STOP_LOSS,-1928.7554123253358,780.52,-2709.2754123253358,4.0,2026-09
CRUDEOIL,SHORT,2026-09-16 16:11:00,9510.0,9527.182205451047,9441.271178195813,SHA_FLIP,2026-09-16 16:30:00,9441.271178195813,TAKE_PROFIT,6872.882180418674,780.4000000000001,6092.482180418674,19.0,2026-09
CRUDEOIL,SHORT,2026-09-16 17:25:00,9466.0,9485.713267672461,9387.146929310155,SHA_FLIP,2026-09-16 17:41:00,9485.713267672461,STOP_LOSS,-1971.326767246137,778.6400000000001,-2749.9667672461374,16.0,2026-09
GOLD,SHORT,2026-09-16 17:43:00,122271.0,122382.8120286944,121823.75188522239,SHA_FLIP,2026-09-16 18:16:00,122382.8120286944,STOP_LOSS,-11181.202869440312,5290.84,-16472.042869440313,33.0,2026-09
GOLD,LONG,2026-09-16 18:30:00,122408.0,122323.24625435377,122747.01498258492,SHA_FLIP,2026-09-16 18:35:00,122323.24625435377,STOP_LOSS,-8475.374564623053,5296.320000000001,-13771.694564623052,5.0,2026-09
CRUDEOIL,LONG,2026-09-16 18:01:00,9486.0,9472.715906258756,9539.136374964975,SHA_FLIP,2026-09-16 18:44:00,9472.715906258756,STOP_LOSS,-1328.409374124385,779.44,-2107.849374124385,43.0,2026-09
GOLD,LONG,2026-09-16 18:42:00,122455.0,122326.75854815816,122967.96580736735,SHA_FLIP,2026-09-16 19:10:00,122326.75854815816,STOP_LOSS,-12824.145184183726,5298.2,-18122.345184183727,28.0,2026-09
CRUDEOIL,LONG,2026-09-16 18:52:00,9509.0,9477.333909618665,9635.664361525342,SHA_FLIP,2026-09-16 19:11:00,9477.333909618665,STOP_LOSS,-3166.609038133538,780.36,-3946.969038133538,19.0,2026-09
SILVER,LONG,2026-09-16 10:48:00,2320.0,2316.7915095608687,2329.625471317394,SHA_FLIP,2026-09-16 19:22:00,2316.7915095608687,STOP_LOSS,-96.25471317393931,207.84,-304.09471317393934,514.0,2026-09
CRUDEOIL,LONG,2026-09-16 19:34:00,9500.0,9468.493711413523,9626.025154345909,SHA_FLIP,2026-09-16 19:46:00,9468.493711413523,STOP_LOSS,-3150.628858647724,780.0,-3930.628858647724,12.0,2026-09
GOLD,SHORT,2026-09-16 19:50:00,122066.0,122248.57372105856,121335.70511576574,SHA_FLIP,2026-09-16 20:07:00,122248.57372105856,STOP_LOSS,-18257.372105856484,5282.64,-23540.012105856484,17.0,2026-09
CRUDEOIL,SHORT,2026-09-16 19:46:00,9456.0,9482.839723490046,9348.641106039817,SHA_FLIP,2026-09-16 20:31:00,9348.641106039817,TAKE_PROFIT,10735.88939601832,778.24,9957.64939601832,45.0,2026-09
GOLD,LONG,2026-09-16 20:38:00,122507.0,122363.66679604704,123080.33281581185,SHA_FLIP,2026-09-16 20:53:00,122363.66679604704,STOP_LOSS,-14333.320395296323,5300.280000000001,-19633.600395296322,15.0,2026-09
GOLD,LONG,2026-09-16 21:07:00,122431.0,122304.71661515663,122936.13353937346,SHA_FLIP,2026-09-16 21:34:00,122304.71661515663,STOP_LOSS,-12628.338484336564,5297.24,-17925.57848433656,27.0,2026-09
GOLD,SHORT,2026-09-16 21:34:00,122269.0,122371.82902276517,121857.6839089393,SHA_FLIP,2026-09-16 21:42:00,122371.82902276517,STOP_LOSS,-10282.902276517416,5290.76,-15573.662276517416,8.0,2026-09
GOLD,SHORT,2026-09-16 21:52:00,122300.0,122357.36126921307,122070.55492314772,SHA_FLIP,2026-09-16 22:01:00,122357.36126921307,STOP_LOSS,-5736.1269213070045,5292.0,-11028.126921307005,9.0,2026-09
GOLD,LONG,2026-09-16 23:20:00,122350.0,122264.7965841411,122690.81366343558,SHA_FLIP,2026-09-16 23:29:00,122690.81366343558,TAKE_PROFIT,34081.3663435576,5294.0,28787.3663435576,9.0,2026-09
SILVER,LONG,2026-09-16 20:06:00,2314.0,2309.167874424849,2328.4963767254535,SHA_FLIP,2026-09-17 09:00:00,2297.0,SESSION_END,-510.0,207.768,-717.768,774.0,2026-09
CRUDEOIL,LONG,2026-09-16 21:33:00,9368.0,9324.565911046862,9541.73635581255,SHA_FLIP,2026-09-17 09:00:00,9355.0,SESSION_END,-1300.0,774.72,-2074.7200000000003,687.0,2026-09
CRUDEOIL,LONG,2026-09-17 09:57:00,9375.0,9364.21125682495,9418.154972700198,SHA_FLIP,2026-09-17 10:02:00,9364.21125682495,STOP_LOSS,-1078.8743175049603,775.0,-1853.8743175049603,5.0,2026-09
CRUDEOIL,SHORT,2026-09-17 10:03:00,9360.0,9370.689547294905,9317.241810820378,SHA_FLIP,2026-09-17 11:04:00,9317.241810820378,TAKE_PROFIT,4275.8189179621695,774.4000000000001,3501.4189179621694,61.0,2026-09
SILVER,SHORT,2026-09-17 09:30:00,2304.0,2307.943342438039,2292.169972685883,SHA_FLIP,2026-09-17 12:47:00,2307.943342438039,STOP_LOSS,-118.3002731411716,207.648,-325.9482731411716,197.0,2026-09
CRUDEOIL,SHORT,2026-09-17 12:20:00,9234.0,9261.753715847559,9122.985136609765,SHA_FLIP,2026-09-17 13:06:00,9261.753715847559,STOP_LOSS,-2775.371584755885,769.36,-3544.7315847558853,46.0,2026-09
SILVER,SHORT,2026-09-17 14:30:00,2307.0,2308.756698505026,2301.7299044849215,SHA_FLIP,2026-09-17 14:31:00,2308.756698505026,STOP_LOSS,-52.700955150785376,207.684,-260.38495515078534,1.0,2026-09
SILVER,LONG,2026-09-17 14:31:00,2308.0,2305.810861295644,2314.5674161130682,SHA_FLIP,2026-09-17 15:00:00,2305.810861295644,STOP_LOSS,-65.67416113068248,207.696,-273.3701611306825,29.0,2026-09
SILVER,SHORT,2026-09-17 15:32:00,2307.0,2309.926336647613,2298.220990057161,SHA_FLIP,2026-09-17 15:42:00,2309.926336647613,STOP_LOSS,-87.79009942838911,207.684,-295.4740994283891,10.0,2026-09
SILVER,LONG,2026-09-17 15:42:00,2309.0,2305.1145865653675,2320.6562403038974,SHA_FLIP,2026-09-17 17:28:00,2320.6562403038974,TAKE_PROFIT,349.68720911692344,207.708,141.97920911692344,106.0,2026-09
GOLD,LONG,2026-09-17 18:20:00,122999.0,122807.12661203956,123766.49355184176,SHA_FLIP,2026-09-17 19:11:00,122807.12661203956,STOP_LOSS,-19187.33879604406,5319.96,-24507.29879604406,51.0,2026-09
GOLD,LONG,2026-09-17 19:19:00,123034.0,122854.96865219073,123750.12539123709,SHA_FLIP,2026-09-17 20:23:00,122854.96865219073,STOP_LOSS,-17903.134780927212,5321.360000000001,-23224.494780927213,64.0,2026-09
GOLD,SHORT,2026-09-17 20:58:00,122910.0,122984.6555782476,122611.37768700958,SHA_FLIP,2026-09-17 21:11:00,122984.6555782476,STOP_LOSS,-7465.557824760617,5316.400000000001,-12781.957824760619,13.0,2026-09
GOLD,LONG,2026-09-17 21:11:00,122991.0,122936.51533707758,123208.93865168968,SHA_FLIP,2026-09-17 21:19:00,122936.51533707758,STOP_LOSS,-5448.4662922419375,5319.64,-10768.106292241937,8.0,2026-09
CRUDEOIL,SHORT,2026-09-17 15:55:00,9226.0,9269.194246689236,9053.223013243056,SHA_FLIP,2026-09-17 22:01:00,9269.194246689236,STOP_LOSS,-4319.424668923602,769.04,-5088.464668923602,366.0,2026-09
GOLD,SHORT,2026-09-17 22:23:00,122851.0,122917.22357509722,122586.10569961113,SHA_FLIP,2026-09-17 22:24:00,122917.22357509722,STOP_LOSS,-6622.357509721769,5314.04,-11936.39750972177,1.0,2026-09
GOLD,SHORT,2026-09-17 22:25:00,122907.0,122973.02772057135,122642.8891177146,SHA_FLIP,2026-09-17 22:29:00,122973.02772057135,STOP_LOSS,-6602.772057135007,5316.280000000001,-11919.052057135008,4.0,2026-09
GOLD,LONG,2026-09-17 22:29:00,122963.0,122861.06389225725,123370.74443097098,SHA_FLIP,2026-09-18 09:00:00,122641.0,SESSION_END,-32200.0,5318.52,-37518.520000000004,631.0,2026-09
CRUDEOIL,LONG,2026-09-17 22:55:00,9340.0,9314.584568934864,9441.661724260543,SHA_FLIP,2026-09-18 09:00:00,9253.0,SESSION_END,-8700.0,773.6,-9473.6,605.0,2026-09
SILVER,LONG,2026-09-17 18:21:00,2340.0,2332.247732741274,2363.2568017761782,SHA_FLIP,2026-09-18 09:00:00,2351.0,SESSION_END,330.0,208.08,121.91999999999999,879.0,2026-09
CRUDEOIL,SHORT,2026-09-18 09:40:00,9244.0,9256.930155592076,9192.279377631698,SHA_FLIP,2026-09-18 09:48:00,9256.930155592076,STOP_LOSS,-1293.0155592075607,769.76,-2062.775559207561,8.0,2026-09
CRUDEOIL,LONG,2026-09-18 09:49:00,9252.0,9240.46423078728,9298.14307685088,SHA_FLIP,2026-09-18 10:02:00,9240.46423078728,STOP_LOSS,-1153.576921271997,770.08,-1923.656921271997,13.0,2026-09
CRUDEOIL,SHORT,2026-09-18 10:45:00,9232.0,9245.904631476778,9176.381474092886,SHA_FLIP,2026-09-18 11:34:00,9245.904631476778,STOP_LOSS,-1390.4631476778377,769.28,-2159.7431476778374,49.0,2026-09
SILVER,LONG,2026-09-18 10:29:00,2365.0,2360.1488714181905,2379.5533857454284,SHA_FLIP,2026-09-18 12:39:00,2379.5533857454284,TAKE_PROFIT,436.6015723628516,208.38,228.2215723628516,130.0,2026-09
CRUDEOIL,SHORT,2026-09-18 11:37:00,9219.0,9242.271146493033,9125.91541402787,SHA_FLIP,2026-09-18 12:50:00,9125.91541402787,TAKE_PROFIT,9308.45859721303,768.76,8539.69859721303,73.0,2026-09
SILVER,LONG,2026-09-18 13:13:00,2383.0,2379.2902168014766,2394.12934959557,SHA_FLIP,2026-09-18 14:02:00,2379.2902168014766,STOP_LOSS,-111.29349595570147,208.596,-319.8894959557015,49.0,2026-09
CRUDEOIL,LONG,2026-09-18 13:54:00,9165.0,9140.809121217868,9261.763515128529,SHA_FLIP,2026-09-18 14:39:00,9140.809121217868,STOP_LOSS,-2419.087878213213,766.6,-3185.687878213213,45.0,2026-09
CRUDEOIL,LONG,2026-09-18 15:42:00,9249.0,9229.831701771996,9325.673192912014,SHA_FLIP,2026-09-18 15:46:00,9229.831701771996,STOP_LOSS,-1916.829822800355,769.96,-2686.789822800355,4.0,2026-09
SILVER,SHORT,2026-09-18 16:09:00,2378.0,2380.651177330579,2370.0464680082637,SHA_FLIP,2026-09-18 16:32:00,2380.651177330579,STOP_LOSS,-79.53531991736327,208.536,-288.07131991736327,23.0,2026-09
SILVER,LONG,2026-09-18 16:57:00,2380.0,2376.2294155132527,2391.311753460242,SHA_FLIP,2026-09-18 17:14:00,2376.2294155132527,STOP_LOSS,-113.11753460242016,208.56,-321.67753460242017,17.0,2026-09
SILVER,SHORT,2026-09-18 18:17:00,2368.0,2372.68282710135,2353.9515186959497,SHA_FLIP,2026-09-18 18:49:00,2372.68282710135,STOP_LOSS,-140.48481304050256,208.416,-348.90081304050256,32.0,2026-09
GOLD,SHORT,2026-09-18 17:41:00,123571.0,123744.77996515488,122875.88013938046,SHA_FLIP,2026-09-18 22:02:00,123744.77996515488,STOP_LOSS,-17377.996515488485,5342.84,-22720.836515488485,261.0,2026-09
SILVER,SHORT,2026-09-18 18:54:00,2367.0,2373.8066177000337,2346.580146899899,SHA_FLIP,2026-09-18 22:03:00,2373.8066177000337,STOP_LOSS,-204.19853100101136,208.404,-412.60253100101136,189.0,2026-09
GOLD,LONG,2026-09-18 22:29:00,123732.0,123643.06809981639,124087.72760073445,SHA_FLIP,2026-09-21 09:00:00,123500.0,SESSION_END,-23200.0,5349.280000000001,-28549.28,3511.0,2026-09
CRUDEOIL,LONG,2026-09-18 16:36:00,9218.0,9161.90745367755,9442.370185289801,SHA_FLIP,2026-09-21 09:00:00,9035.0,SESSION_END,-18300.0,768.72,-19068.72,3864.0,2026-09
SILVER,LONG,2026-09-18 22:38:00,2370.0,2367.4286705824734,2377.71398825258,SHA_FLIP,2026-09-21 09:00:00,2366.0,SESSION_END,-120.0,208.44,-328.44,3502.0,2026-09
CRUDEOIL,SHORT,2026-09-21 09:47:00,9008.0,9033.377985173467,8906.488059306132,SHA_FLIP,2026-09-21 10:31:00,9033.377985173467,STOP_LOSS,-2537.7985173467096,760.3199999999999,-3298.1185173467093,44.0,2026-09
CRUDEOIL,LONG,2026-09-21 11:02:00,9061.0,9042.026248083157,9136.895007667372,SHA_FLIP,2026-09-21 11:08:00,9042.026248083157,STOP_LOSS,-1897.3751916842957,762.44,-2659.8151916842958,6.0,2026-09
CRUDEOIL,LONG,2026-09-21 11:14:00,9062.0,9040.20189783994,9149.192408640243,SHA_FLIP,2026-09-21 11:47:00,9040.20189783994,STOP_LOSS,-2179.8102160060807,762.48,-2942.2902160060808,33.0,2026-09
SILVER,SHORT,2026-09-21 09:16:00,2368.0,2373.7877444398964,2350.6367666803108,SHA_FLIP,2026-09-21 13:13:00,2350.6367666803108,TAKE_PROFIT,520.8969995906773,208.416,312.4809995906773,237.0,2026-09
CRUDEOIL,SHORT,2026-09-21 12:34:00,9025.0,9046.400466749088,8939.398133003648,SHA_FLIP,2026-09-21 13:17:00,9046.400466749088,STOP_LOSS,-2140.046674908808,761.0,-2901.046674908808,43.0,2026-09
CRUDEOIL,LONG,2026-09-21 13:29:00,9043.0,9016.019052619371,9150.923789522516,SHA_FLIP,2026-09-21 13:52:00,9016.019052619371,STOP_LOSS,-2698.0947380629004,761.72,-3459.8147380629007,23.0,2026-09
CRUDEOIL,LONG,2026-09-21 14:50:00,9060.0,9040.78311970464,9136.86752118144,SHA_FLIP,2026-09-21 14:57:00,9040.78311970464,STOP_LOSS,-1921.688029536017,762.4000000000001,-2684.088029536017,7.0,2026-09
SILVER,SHORT,2026-09-21 14:56:00,2360.0,2362.921257246047,2351.236228261859,SHA_FLIP,2026-09-21 15:18:00,2362.921257246047,STOP_LOSS,-87.63771738140804,208.32,-295.95771738140803,22.0,2026-09
CRUDEOIL,SHORT,2026-09-21 16:21:00,8918.0,8939.080433452296,8833.678266190815,SHA_FLIP,2026-09-21 16:28:00,8939.080433452296,STOP_LOSS,-2108.0433452296347,756.72,-2864.763345229635,7.0,2026-09
CRUDEOIL,LONG,2026-09-21 16:59:00,8975.0,8959.730361335398,9036.078554658408,SHA_FLIP,2026-09-21 17:10:00,8959.730361335398,STOP_LOSS,-1526.9638664602098,759.0,-2285.96386646021,11.0,2026-09
GOLD,LONG,2026-09-21 17:35:00,123797.0,123611.67475910905,124538.30096356379,SHA_FLIP,2026-09-21 17:50:00,123611.67475910905,STOP_LOSS,-18532.52408909466,5351.88,-23884.40408909466,15.0,2026-09
GOLD,SHORT,2026-09-21 17:50:00,123600.0,123707.50411480249,123169.98354079004,SHA_FLIP,2026-09-21 18:14:00,123707.50411480249,STOP_LOSS,-10750.411480249022,5344.0,-16094.411480249022,24.0,2026-09
GOLD,LONG,2026-09-21 18:30:00,123663.0,123562.54143086987,124064.83427652053,SHA_FLIP,2026-09-21 19:00:00,123562.54143086987,STOP_LOSS,-10045.856913013267,5346.52,-15392.376913013268,30.0,2026-09
GOLD,SHORT,2026-09-21 19:00:00,123546.0,123665.92962861196,123066.28148555214,SHA_FLIP,2026-09-21 19:33:00,123066.28148555214,TAKE_PROFIT,47971.851444785716,5341.84,42630.01144478572,33.0,2026-09
CRUDEOIL,SHORT,2026-09-21 17:11:00,8963.0,8991.862045708585,8847.551817165659,SHA_FLIP,2026-09-21 19:41:00,8847.551817165659,TAKE_PROFIT,11544.818283434142,758.52,10786.298283434142,150.0,2026-09
GOLD,SHORT,2026-09-21 20:07:00,123128.0,123253.54030120531,122625.83879517874,SHA_FLIP,2026-09-21 20:33:00,123253.54030120531,STOP_LOSS,-12554.030120531388,5325.12,-17879.150120531387,26.0,2026-09
CRUDEOIL,LONG,2026-09-21 20:22:00,8841.0,8803.433423823322,8991.26630470671,SHA_FLIP,2026-09-21 21:37:00,8803.433423823322,STOP_LOSS,-3756.65761766777,753.6400000000001,-4510.29761766777,75.0,2026-09
GOLD,LONG,2026-09-21 20:33:00,123273.0,123143.36113122373,123791.55547510507,SHA_FLIP,2026-09-21 22:15:00,123143.36113122373,STOP_LOSS,-12963.886877626646,5330.92,-18294.806877626645,102.0,2026-09
SILVER,LONG,2026-09-21 16:47:00,2360.0,2354.120840789976,2377.6374776300727,SHA_FLIP,2026-09-21 23:01:00,2354.120840789976,STOP_LOSS,-176.3747763007268,208.32,-384.6947763007268,374.0,2026-09
CRUDEOIL,SHORT,2026-09-21 22:04:00,8784.0,8809.03379149947,8683.864834002117,SHA_FLIP,2026-09-21 23:01:00,8809.03379149947,STOP_LOSS,-2503.379149947068,751.36,-3254.739149947068,57.0,2026-09
SILVER,SHORT,2026-09-21 23:26:00,2354.0,2357.3840033646065,2343.8479899061804,SHA_FLIP,2026-09-22 09:00:00,2359.0,SESSION_END,-150.0,208.248,-358.248,574.0,2026-09
GOLD,SHORT,2026-09-21 22:48:00,123153.0,123244.08395474072,122788.66418103711,SHA_FLIP,2026-09-22 09:00:00,123110.0,SESSION_END,4300.0,5326.12,-1026.12,612.0,2026-09
CRUDEOIL,LONG,2026-09-22 09:28:00,8914.0,8902.464579646427,8960.141681414294,SHA_FLIP,2026-09-22 10:22:00,8960.141681414294,TAKE_PROFIT,4614.1681414294,756.56,3857.6081414294,54.0,2026-09
SILVER,SHORT,2026-09-22 09:29:00,2358.0,2362.115931597361,2345.652205207917,SHA_FLIP,2026-09-22 10:56:00,2345.652205207917,TAKE_PROFIT,370.4338437624847,208.296,162.1378437624847,87.0,2026-09
CRUDEOIL,LONG,2026-09-22 10:45:00,8960.0,8951.38785290973,8994.448588361083,SHA_FLIP,2026-09-22 11:39:00,8994.448588361083,TAKE_PROFIT,3444.858836108324,758.4000000000001,2686.458836108324,54.0,2026-09
CRUDEOIL,LONG,2026-09-22 12:30:00,8992.0,8965.298410283373,9098.80635886651,SHA_FLIP,2026-09-22 12:39:00,8965.298410283373,STOP_LOSS,-2670.1589716627495,759.6800000000001,-3429.83897166275,9.0,2026-09
SILVER,SHORT,2026-09-22 11:28:00,2341.0,2347.846978216953,2320.4590653491405,SHA_FLIP,2026-09-22 15:24:00,2347.846978216953,STOP_LOSS,-205.40934650859526,208.092,-413.50134650859525,236.0,2026-09
CRUDEOIL,SHORT,2026-09-22 15:01:00,8718.0,8755.374283692034,8568.502865231865,SHA_FLIP,2026-09-22 15:31:00,8568.502865231865,TAKE_PROFIT,14949.713476813486,748.72,14200.993476813486,30.0,2026-09
SILVER,SHORT,2026-09-22 15:57:00,2345.0,2346.9310416087087,2339.206875173874,SHA_FLIP,2026-09-22 15:58:00,2346.9310416087087,STOP_LOSS,-57.93124826126132,208.14,-266.0712482612613,1.0,2026-09
CRUDEOIL,SHORT,2026-09-22 16:20:00,8551.0,8587.257777514538,8405.968889941847,SHA_FLIP,2026-09-22 16:30:00,8587.257777514538,STOP_LOSS,-3625.7777514538247,742.04,-4367.817751453825,10.0,2026-09
SILVER,SHORT,2026-09-22 17:03:00,2344.0,2345.4765245480203,2339.570426355939,SHA_FLIP,2026-09-22 17:09:00,2345.4765245480203,STOP_LOSS,-44.29573644060838,208.128,-252.42373644060837,6.0,2026-09
SILVER,LONG,2026-09-22 17:10:00,2345.0,2343.074668820649,2350.7759935380527,SHA_FLIP,2026-09-22 17:50:00,2350.7759935380527,TAKE_PROFIT,173.2798061415815,208.14,-34.860193858418484,40.0,2026-09
GOLD,LONG,2026-09-22 17:50:00,122700.0,122556.05663116949,123275.77347532206,SHA_FLIP,2026-09-22 18:14:00,122556.05663116949,STOP_LOSS,-14394.336883051437,5308.0,-19702.336883051437,24.0,2026-09
GOLD,LONG,2026-09-22 18:26:00,122700.0,122605.88462139612,123076.46151441551,SHA_FLIP,2026-09-22 18:29:00,122605.88462139612,STOP_LOSS,-9411.537860387762,5308.0,-14719.537860387762,3.0,2026-09
GOLD,SHORT,2026-09-22 18:29:00,122588.0,122695.94874580945,122156.2050167622,SHA_FLIP,2026-09-22 18:32:00,122695.94874580945,STOP_LOSS,-10794.87458094518,5303.52,-16098.39458094518,3.0,2026-09
CRUDEOIL,LONG,2026-09-22 17:32:00,8628.0,8602.779384240472,8728.882463038113,SHA_FLIP,2026-09-22 18:41:00,8602.779384240472,STOP_LOSS,-2522.06157595283,745.12,-3267.18157595283,69.0,2026-09
GOLD,LONG,2026-09-22 18:33:00,122692.0,122593.08025424072,123087.67898303713,SHA_FLIP,2026-09-22 19:00:00,122593.08025424072,STOP_LOSS,-9891.97457592818,5307.68,-15199.65457592818,27.0,2026-09
SILVER,LONG,2026-09-22 17:50:00,2352.0,2345.139886149935,2372.5803415501946,SHA_FLIP,2026-09-22 20:05:00,2345.139886149935,STOP_LOSS,-205.8034155019459,208.224,-414.0274155019459,135.0,2026-09
CRUDEOIL,LONG,2026-09-22 19:32:00,8681.0,8647.268709313048,8815.925162747808,SHA_FLIP,2026-09-22 20:09:00,8647.268709313048,STOP_LOSS,-3373.129068695198,747.24,-4120.369068695198,37.0,2026-09
SILVER,SHORT,2026-09-22 21:34:00,2350.0,2352.937418179261,2341.187745462217,SHA_FLIP,2026-09-22 21:56:00,2352.937418179261,STOP_LOSS,-88.12254537782792,208.2,-296.3225453778279,22.0,2026-09
SILVER,LONG,2026-09-22 22:12:00,2352.0,2349.946219311714,2358.1613420648587,SHA_FLIP,2026-09-22 22:21:00,2358.1613420648587,TAKE_PROFIT,184.84026194576018,208.224,-23.383738054239814,9.0,2026-09
CRUDEOIL,LONG,2026-09-22 20:10:00,8733.0,8661.50789450208,9018.968421991682,SHA_FLIP,2026-09-22 23:22:00,8661.50789450208,STOP_LOSS,-7149.210549792042,749.3199999999999,-7898.530549792042,192.0,2026-09
SILVER,LONG,2026-09-22 22:51:00,2356.0,2352.6180693885785,2366.1457918342644,SHA_FLIP,2026-09-23 09:00:00,2364.0,SESSION_END,240.0,208.272,31.72800000000001,609.0,2026-09
GOLD,SHORT,2026-09-22 19:25:00,122556.0,122744.64619858615,121801.41520565539,SHA_FLIP,2026-09-23 09:00:00,122508.0,SESSION_END,4800.0,5302.24,-502.2399999999998,815.0,2026-09
CRUDEOIL,SHORT,2026-09-23 09:35:00,8525.0,8549.346645786292,8427.61341685483,SHA_FLIP,2026-09-23 10:33:00,8549.346645786292,STOP_LOSS,-2434.6645786292356,741.0,-3175.6645786292356,58.0,2026-09
SILVER,LONG,2026-09-23 09:38:00,2366.0,2363.386359600788,2373.8409211976355,SHA_FLIP,2026-09-23 10:49:00,2363.386359600788,STOP_LOSS,-78.40921197635453,208.392,-286.8012119763545,71.0,2026-09
CRUDEOIL,LONG,2026-09-23 10:54:00,8554.0,8535.637252184753,8627.450991260986,SHA_FLIP,2026-09-23 12:53:00,8627.450991260986,TAKE_PROFIT,7345.099126098648,742.1600000000001,6602.939126098649,119.0,2026-09
SILVER,SHORT,2026-09-23 10:49:00,2363.0,2367.8911467514345,2348.3265597456966,SHA_FLIP,2026-09-23 13:00:00,2348.3265597456966,TAKE_PROFIT,440.2032076291016,208.356,231.8472076291016,131.0,2026-09
CRUDEOIL,LONG,2026-09-23 13:08:00,8619.0,8594.901242113474,8715.395031546104,SHA_FLIP,2026-09-23 13:27:00,8594.901242113474,STOP_LOSS,-2409.8757886526073,744.76,-3154.6357886526075,19.0,2026-09
CRUDEOIL,SHORT,2026-09-23 13:27:00,8591.0,8619.314061503126,8477.743753987495,SHA_FLIP,2026-09-23 13:33:00,8619.314061503126,STOP_LOSS,-2831.406150312614,743.6400000000001,-3575.0461503126144,6.0,2026-09
SILVER,SHORT,2026-09-23 14:02:00,2345.0,2347.8902790578563,2336.329162826431,SHA_FLIP,2026-09-23 14:20:00,2347.8902790578563,STOP_LOSS,-86.70837173568998,208.14,-294.84837173568997,18.0,2026-09
SILVER,LONG,2026-09-23 14:21:00,2347.0,2342.6934273221564,2359.919718033531,SHA_FLIP,2026-09-23 15:10:00,2342.6934273221564,STOP_LOSS,-129.19718033530899,208.164,-337.361180335309,49.0,2026-09
CRUDEOIL,LONG,2026-09-23 13:33:00,8632.0,8596.178660004183,8775.285359983267,SHA_FLIP,2026-09-23 15:37:00,8596.178660004183,STOP_LOSS,-3582.1339995816743,745.28,-4327.413999581674,124.0,2026-09
SILVER,LONG,2026-09-23 15:33:00,2346.0,2340.1494391561373,2363.551682531588,SHA_FLIP,2026-09-23 16:33:00,2340.1494391561373,STOP_LOSS,-175.51682531588085,208.152,-383.66882531588084,60.0,2026-09
CRUDEOIL,LONG,2026-09-23 16:43:00,8631.0,8613.779003955833,8699.883984176668,SHA_FLIP,2026-09-23 16:58:00,8699.883984176668,TAKE_PROFIT,6888.398417666758,745.24,6143.158417666758,15.0,2026-09
CRUDEOIL,LONG,2026-09-23 17:29:00,8702.0,8679.861404331832,8790.554382672672,SHA_FLIP,2026-09-23 17:34:00,8679.861404331832,STOP_LOSS,-2213.859566816791,748.08,-2961.939566816791,5.0,2026-09
SILVER,SHORT,2026-09-23 16:51:00,2340.0,2343.860345021695,2328.4189649349146,SHA_FLIP,2026-09-23 17:44:00,2343.860345021695,STOP_LOSS,-115.81035065085416,208.08,-323.8903506508542,53.0,2026-09
GOLD,SHORT,2026-09-23 18:22:00,122100.0,122180.36285658496,121778.54857366014,SHA_FLIP,2026-09-23 18:27:00,122180.36285658496,STOP_LOSS,-8036.28565849649,5284.0,-13320.28565849649,5.0,2026-09
GOLD,LONG,2026-09-23 18:27:00,122197.0,122105.3983845926,122563.40646162961,SHA_FLIP,2026-09-23 18:39:00,122105.3983845926,STOP_LOSS,-9160.161540740228,5287.88,-14448.041540740229,12.0,2026-09
SILVER,LONG,2026-09-23 18:18:00,2341.0,2337.083171182444,2352.750486452668,SHA_FLIP,2026-09-23 18:44:00,2337.083171182444,STOP_LOSS,-117.50486452668156,208.092,-325.59686452668154,26.0,2026-09
SILVER,LONG,2026-09-23 18:55:00,2341.0,2338.4190180439277,2348.742945868217,SHA_FLIP,2026-09-23 19:05:00,2338.4190180439277,STOP_LOSS,-77.42945868216793,208.092,-285.5214586821679,10.0,2026-09
GOLD,SHORT,2026-09-23 19:04:00,122066.0,122171.17039754846,121645.31840980618,SHA_FLIP,2026-09-23 19:08:00,122171.17039754846,STOP_LOSS,-10517.03975484561,5282.64,-15799.679754845609,4.0,2026-09
GOLD,LONG,2026-09-23 19:10:00,122173.0,122097.4058970056,122475.37641197757,SHA_FLIP,2026-09-23 19:12:00,122097.4058970056,STOP_LOSS,-7559.410299439332,5286.92,-12846.330299439333,2.0,2026-09
CRUDEOIL,LONG,2026-09-23 17:53:00,8705.0,8680.974979833443,8801.100080666227,SHA_FLIP,2026-09-23 19:15:00,8801.100080666227,TAKE_PROFIT,9610.008066622686,748.2,8861.808066622685,82.0,2026-09
SILVER,SHORT,2026-09-23 19:45:00,2330.0,2334.8443884152957,2315.466834754113,SHA_FLIP,2026-09-23 20:05:00,2334.8443884152957,STOP_LOSS,-145.33165245887176,207.96,-353.2916524588718,20.0,2026-09
CRUDEOIL,LONG,2026-09-23 19:43:00,8820.0,8785.61007470003,8957.559701199883,SHA_FLIP,2026-09-23 20:23:00,8785.61007470003,STOP_LOSS,-3438.9925299970855,752.8,-4191.792529997086,40.0,2026-09
SILVER,LONG,2026-09-23 20:24:00,2339.0,2330.241477661569,2365.2755670152924,SHA_FLIP,2026-09-23 20:58:00,2330.241477661569,STOP_LOSS,-262.7556701529238,208.068,-470.8236701529238,34.0,2026-09
CRUDEOIL,LONG,2026-09-23 21:24:00,8897.0,8874.86436496243,8985.54254015028,SHA_FLIP,2026-09-23 21:46:00,8874.86436496243,STOP_LOSS,-2213.5635037569955,755.88,-2969.4435037569956,22.0,2026-09
SILVER,LONG,2026-09-23 21:57:00,2332.0,2328.078899573851,2343.7633012784477,SHA_FLIP,2026-09-23 22:22:00,2328.078899573851,STOP_LOSS,-117.6330127844767,207.984,-325.61701278447674,25.0,2026-09
SILVER,LONG,2026-09-23 22:30:00,2332.0,2328.171736054536,2343.4847918363926,SHA_FLIP,2026-09-23 22:34:00,2328.171736054536,STOP_LOSS,-114.8479183639256,207.984,-322.83191836392564,4.0,2026-09
CRUDEOIL,SHORT,2026-09-23 21:46:00,8869.0,8898.09136081375,8752.634556744997,SHA_FLIP,2026-09-23 22:48:00,8752.634556744997,TAKE_PROFIT,11636.54432550029,754.76,10881.78432550029,62.0,2026-09
SILVER,SHORT,2026-09-23 22:34:00,2327.0,2331.871885808772,2312.3843425736845,SHA_FLIP,2026-09-23 23:17:00,2312.3843425736845,TAKE_PROFIT,438.46972278946396,207.924,230.54572278946395,43.0,2026-09
GOLD,SHORT,2026-09-23 19:12:00,121970.0,122107.97957069357,121418.08171722572,SHA_FLIP,2026-09-24 09:00:00,121626.0,SESSION_END,34400.0,5278.8,29121.2,828.0,2026-09
CRUDEOIL,SHORT,2026-09-24 09:40:00,8770.0,8784.503788692078,8711.984845231687,SHA_FLIP,2026-09-24 09:43:00,8784.503788692078,STOP_LOSS,-1450.378869207816,750.8,-2201.178869207816,3.0,2026-09
SILVER,SHORT,2026-09-24 09:37:00,2312.0,2317.7993831223903,2294.601850632829,SHA_FLIP,2026-09-24 10:31:00,2317.7993831223903,STOP_LOSS,-173.98149367170845,207.744,-381.7254936717085,54.0,2026-09
SILVER,LONG,2026-09-24 10:31:00,2318.0,2312.177109254857,2335.468672235429,SHA_FLIP,2026-09-24 11:13:00,2312.177109254857,STOP_LOSS,-174.6867223542904,207.816,-382.5027223542904,42.0,2026-09
CRUDEOIL,LONG,2026-09-24 09:43:00,8785.0,8768.674877835507,8850.300488657973,SHA_FLIP,2026-09-24 11:13:00,8850.300488657973,TAKE_PROFIT,6530.048865797289,751.4000000000001,5778.64886579729,90.0,2026-09
SILVER,SHORT,2026-09-24 12:00:00,2310.0,2313.8928421665205,2298.3214735004385,SHA_FLIP,2026-09-24 12:38:00,2313.8928421665205,STOP_LOSS,-116.78526499561485,207.72,-324.5052649956149,38.0,2026-09
SILVER,LONG,2026-09-24 12:38:00,2313.0,2308.1533893776045,2327.5398318671864,SHA_FLIP,2026-09-24 13:30:00,2308.1533893776045,STOP_LOSS,-145.39831867186422,207.756,-353.1543186718642,52.0,2026-09
CRUDEOIL,LONG,2026-09-24 11:46:00,8852.0,8832.710201228094,8929.159195087625,SHA_FLIP,2026-09-24 13:31:00,8929.159195087625,TAKE_PROFIT,7715.919508762454,754.08,6961.839508762454,105.0,2026-09
CRUDEOIL,LONG,2026-09-24 14:21:00,9071.0,9041.095677646126,9190.617289415495,SHA_FLIP,2026-09-24 14:34:00,9041.095677646126,STOP_LOSS,-2990.4322353873795,762.84,-3753.2722353873796,13.0,2026-09
SILVER,SHORT,2026-09-24 14:22:00,2298.0,2300.9008271654543,2289.297518503637,SHA_FLIP,2026-09-24 17:51:00,2300.9008271654543,STOP_LOSS,-87.02481496362907,207.576,-294.6008149636291,209.0,2026-09
CRUDEOIL,SHORT,2026-09-24 15:19:00,9010.0,9037.719132485972,8899.12347005611,SHA_FLIP,2026-09-24 18:08:00,9037.719132485972,STOP_LOSS,-2771.9132485972295,760.4000000000001,-3532.3132485972296,169.0,2026-09
SILVER,SHORT,2026-09-24 18:20:00,2291.0,2295.826313795121,2276.5210586146363,SHA_FLIP,2026-09-24 18:25:00,2295.826313795121,STOP_LOSS,-144.7894138536367,207.492,-352.28141385363665,5.0,2026-09
GOLD,LONG,2026-09-24 17:39:00,121127.0,121042.32637385432,121465.69450458273,SHA_FLIP,2026-09-24 18:32:00,121465.69450458273,TAKE_PROFIT,33869.45045827306,5245.08,28624.370458273057,53.0,2026-09
CRUDEOIL,SHORT,2026-09-24 18:31:00,8999.0,9030.731124184278,8872.075503262888,SHA_FLIP,2026-09-24 18:53:00,9030.731124184278,STOP_LOSS,-3173.1124184278087,759.96,-3933.0724184278088,22.0,2026-09
CRUDEOIL,LONG,2026-09-24 18:53:00,9026.0,8996.362221292016,9144.551114831935,SHA_FLIP,2026-09-24 20:11:00,9144.551114831935,TAKE_PROFIT,11855.111483193468,761.04,11094.071483193467,78.0,2026-09
GOLD,SHORT,2026-09-24 19:22:00,121130.0,121198.67888292787,120855.28446828853,SHA_FLIP,2026-09-24 20:32:00,120855.28446828853,TAKE_PROFIT,27471.55317114666,5245.2,22226.35317114666,70.0,2026-09
SILVER,SHORT,2026-09-24 18:39:00,2294.0,2298.8634270999055,2279.4097187002835,SHA_FLIP,2026-09-24 20:35:00,2279.4097187002835,TAKE_PROFIT,437.7084389914944,207.528,230.1804389914944,116.0,2026-09
GOLD,SHORT,2026-09-24 20:58:00,120851.0,120920.79771754262,120571.80912982952,SHA_FLIP,2026-09-24 21:07:00,120920.79771754262,STOP_LOSS,-6979.771754262038,5234.04,-12213.811754262038,9.0,2026-09
CRUDEOIL,LONG,2026-09-24 20:56:00,9241.0,9203.364263658528,9391.542945365887,SHA_FLIP,2026-09-24 21:45:00,9203.364263658528,STOP_LOSS,-3763.5736341471784,769.6400000000001,-4533.213634147179,49.0,2026-09
SILVER,SHORT,2026-09-24 21:19:00,2278.0,2282.3509754901165,2264.9470735296504,SHA_FLIP,2026-09-24 21:45:00,2282.3509754901165,STOP_LOSS,-130.52926470349576,207.336,-337.86526470349577,26.0,2026-09
GOLD,LONG,2026-09-24 21:46:00,121407.0,121133.23356419061,122502.06574323756,SHA_FLIP,2026-09-24 22:30:00,121133.23356419061,STOP_LOSS,-27376.64358093898,5256.280000000001,-32632.92358093898,44.0,2026-09
