2026-09-19T13:59:34.238Z n=0 act=0 days=0 best=-1 null
2026-09-19T14:00:34.380Z n=281 act=86 days=62 best=281 AUD|SILVER1!|5|from=1704931200000|last=1712289000000|nD=60|pv=30|80,19,8381.2,-14037.2,6002.3,9371466.9,346.3,-5656.1|sig=281|act=86|drop=0
2026-09-19T14:01:34.585Z n=292 act=92 days=65 best=292 AUD|SILVER1!|5|from=1704931200000|last=1712744700000|nD=63|pv=30|86,20,9119.2,-15586.7,6813.7,10151602.6,346.3,-6467.5|sig=292|act=92|drop=0
2026-09-19T14:02:34.682Z n=308 act=94 days=69 best=308 AUD|SILVER1!|5|from=1704931200000|last=1713263700000|nD=67|pv=30|88,21,12153.5,-15946.1,6813.7,19487892,346.3,-6467.5|sig=308|act=94|drop=0
2026-09-19T14:03:34.884Z n=325 act=98 days=73 best=325 AUD|SILVER1!|5|from=1704931200000|last=1713782100000|nD=71|pv=30|92,22,12884.2,-17494.2,6813.7,20965237.9,346.3,-6467.5|sig=325|act=98|drop=0
2026-09-19T14:04:35.122Z n=341 act=100 days=76 best=341 AUD|SILVER1!|5|from=1704931200000|last=1714065300000|nD=74|pv=30|94,22,12884.2,-18172.2,6813.7,21211361.6,346.3,-6467.5|sig=341|act=100|drop=0
2026-09-19T14:05:35.193Z n=355 act=101 days=80 best=355 AUD|SILVER1!|5|from=1704931200000|last=1714584600000|nD=78|pv=30|95,22,12884.2,-19591.9,7053.9,23226800.1,346.3,-6707.7|sig=355|act=101|drop=0
2026-09-19T14:06:35.295Z n=374 act=105 days=84 best=374 AUD|SILVER1!|5|from=1704931200000|last=1715074200000|nD=82|pv=30|99,24,15364.3,-20285.1,7053.9,25179349.9,346.3,-6707.7|sig=374|act=105|drop=0
2026-09-19T14:07:35.442Z n=392 act=108 days=87 best=392 AUD|SILVER1!|5|from=1704931200000|last=1715357400000|nD=85|pv=30|102,25,16090.7,-20906.4,7053.9,25908576.9,346.3,-6707.7|sig=392|act=108|drop=0
2026-09-19T14:08:35.526Z n=416 act=111 days=91 best=416 AUD|SILVER1!|5|from=1704931200000|last=1715847300000|nD=89|pv=30|105,26,16437.4,-21631.3,7053.9,26294512.3,346.3,-6707.7|sig=416|act=111|drop=0
2026-09-19T14:09:35.612Z n=429 act=112 days=95 best=429 AUD|SILVER1!|5|from=1704931200000|last=1716366000000|nD=93|pv=30|106,27,18523.7,-21631.3,7053.9,30646872.1,346.3,-6707.7|sig=429|act=112|drop=0
2026-09-19T14:10:35.830Z n=454 act=115 days=98 best=454 AUD|SILVER1!|5|from=1704931200000|last=1716821100000|nD=96|pv=30|109,28,19107.8,-23472.5,7053.9,33083226.4,346.3,-6707.7|sig=454|act=115|drop=0
2026-09-19T14:11:35.949Z n=471 act=118 days=102 best=471 AUD|SILVER1!|5|from=1704931200000|last=1717138800000|nD=100|pv=30|112,28,19107.8,-24951.5,7053.9,33845951.5,346.3,-6707.7|sig=471|act=118|drop=0
2026-09-19T14:12:36.167Z n=487 act=125 days=105 best=487 AUD|SILVER1!|5|from=1704931200000|last=1717594200000|nD=103|pv=30|119,30,22342,-27091.4,7053.9,45919057.7,346.3,-6707.7|sig=487|act=125|drop=0
2026-09-19T14:13:36.396Z n=506 act=130 days=109 best=506 AUD|SILVER1!|5|from=1704931200000|last=1718084700000|nD=107|pv=30|124,32,25640.4,-28107.4,7053.9,57315882.8,346.3,-6707.7|sig=506|act=130|drop=0
2026-09-19T14:14:36.676Z n=527 act=136 days=112 best=527 AUD|SILVER1!|5|from=1704931200000|last=1718368200000|nD=110|pv=30|130,33,26334.8,-30138,7053.9,58141007,346.3,-6707.7|sig=527|act=136|drop=0
2026-09-19T14:15:37.049Z n=548 act=141 days=116 best=548 AUD|SILVER1!|5|from=1704931200000|last=1718887800000|nD=114|pv=30|135,35,29141.6,-31156.2,7053.9,61953577.7,346.3,-6707.7|sig=548|act=141|drop=0
2026-09-19T14:16:37.410Z n=578 act=148 days=120 best=578 AUD|SILVER1!|5|from=1704931200000|last=1719378300000|nD=118|pv=30|142,36,30265.3,-32915.4,7053.9,61701910.4,346.3,-6707.7|sig=578|act=148|drop=0
2026-09-19T14:17:37.653Z n=592 act=155 days=123 best=592 AUD|SILVER1!|5|from=1704931200000|last=1719834600000|nD=121|pv=30|149,38,31025.3,-35909.8,7053.9,65137578,346.3,-6707.7|sig=592|act=155|drop=0
2026-09-19T14:18:37.942Z n=609 act=160 days=127 best=609 AUD|SILVER1!|5|from=1704931200000|last=1720152300000|nD=125|pv=30|154,40,32441.1,-37023.4,7053.9,67765767.8,346.3,-6707.7|sig=609|act=160|drop=0
2026-09-19T14:19:38.530Z n=634 act=168 days=130 best=634 AUD|SILVER1!|5|from=1704931200000|last=1720611900000|nD=128|pv=30|162,40,32441.1,-39144.4,7053.9,68978572.5,346.3,-6707.7|sig=634|act=168|drop=0
2026-09-19T14:20:38.684Z n=655 act=171 days=134 best=655 AUD|SILVER1!|5|from=1704931200000|last=1721103000000|nD=132|pv=30|165,40,32441.1,-40187.6,8092.7,69409408.6,346.3,-7746.4|sig=655|act=171|drop=0
2026-09-19T14:21:38.922Z n=670 act=175 days=138 best=670 AUD|SILVER1!|5|from=1704931200000|last=1721622300000|nD=136|pv=30|169,41,33753,-40813.8,8476,71336333.9,346.3,-8129.7|sig=670|act=175|drop=0
2026-09-19T14:22:39.144Z n=692 act=178 days=141 best=692 AUD|SILVER1!|5|from=1704931200000|last=1721905200000|nD=139|pv=30|172,42,34853.2,-41765.5,8476,72365256.8,346.3,-8129.7|sig=692|act=178|drop=0
2026-09-19T14:23:39.364Z n=707 act=185 days=144 best=707 AUD|SILVER1!|5|from=1704931200000|last=1722361500000|nD=142|pv=30|179,43,35853.7,-43493.3,8476,73449073.3,346.3,-8129.7|sig=707|act=185|drop=0
2026-09-19T14:24:39.500Z n=727 act=189 days=148 best=727 AUD|SILVER1!|5|from=1704931200000|last=1722851400000|nD=146|pv=30|183,44,36789.2,-44546.8,8476,75058402.9,346.3,-8129.7|sig=727|act=189|drop=0
2026-09-19T14:25:39.735Z n=741 act=190 days=151 best=741 AUD|SILVER1!|5|from=1704931200000|last=1723134900000|nD=149|pv=30|184,45,39286,-44546.8,8476,81292214.4,346.3,-8129.7|sig=741|act=190|drop=0
2026-09-19T14:26:39.985Z n=756 act=190 days=155 best=756 AUD|SILVER1!|5|from=1704931200000|last=1723625100000|nD=153|pv=30|184,45,39286,-44546.8,8476,81292214.4,346.3,-8129.7|sig=756|act=190|drop=0
2026-09-19T14:27:40.636Z n=775 act=193 days=158 best=775 AUD|SILVER1!|5|from=1704931200000|last=1724167800000|nD=156|pv=30|187,47,44413.2,-44734.3,8476,98241334.3,346.3,-8129.7|sig=775|act=193|drop=0
2026-09-19T14:28:41.020Z n=788 act=197 days=162 best=788 AUD|SILVER1!|5|from=1704931200000|last=1724659500000|nD=160|pv=30|191,48,44943.4,-45654.2,8476,99071631.3,346.3,-8129.7|sig=788|act=197|drop=0
2026-09-19T14:29:41.145Z n=799 act=199 days=165 best=799 AUD|SILVER1!|5|from=1704931200000|last=1724941800000|nD=163|pv=30|193,48,44943.4,-46403.1,8476,99369883.4,346.3,-8129.7|sig=799|act=199|drop=0
2026-09-19T14:30:41.447Z n=814 act=205 days=169 best=814 AUD|SILVER1!|5|from=1704931200000|last=1725432900000|nD=167|pv=30|199,51,48891.1,-46990,8476,108683618.2,2168.4,-8129.7|sig=814|act=205|drop=0
2026-09-19T14:31:41.740Z n=841 act=210 days=172 best=841 AUD|SILVER1!|5|from=1704931200000|last=1725889200000|nD=170|pv=30|204,55,52303.8,-47364,8476,112906255.7,4939.8,-8129.7|sig=841|act=210|drop=0
2026-09-19T14:32:43.043Z n=865 act=213 days=176 best=865 AUD|SILVER1!|5|from=1704931200000|last=1726199100000|nD=174|pv=30|207,57,54687.3,-47613.9,8476,115416084.6,7073.4,-8129.7|sig=865|act=213|drop=0
2026-09-19T14:33:43.644Z n=870 act=215 days=179 best=870 AUD|SILVER1!|5|from=1704931200000|last=1726667100000|nD=177|pv=30|209,58,55655.1,-48424.6,8476,117009762.8,8041.2,-8129.7|sig=870|act=215|drop=0
2026-09-19T14:34:44.257Z n=889 act=220 days=183 best=889 AUD|SILVER1!|5|from=1704931200000|last=1727157900000|nD=181|pv=30|214,59,56296.6,-49812.7,8476,117745824.1,8041.2,-8129.7|sig=889|act=220|drop=0
2026-09-19T14:35:44.545Z n=906 act=223 days=186 best=906 AUD|SILVER1!|5|from=1704931200000|last=1727442300000|nD=184|pv=30|217,59,56296.6,-50937.2,8476,118172889.4,8041.2,-8129.7|sig=906|act=223|drop=0
2026-09-19T14:36:44.869Z n=928 act=226 days=190 best=928 AUD|SILVER1!|5|from=1704931200000|last=1728019200000|nD=188|pv=30|220,60,57456.2,-52222.7,8476,120380502.5,8041.2,-8129.7|sig=928|act=226|drop=0
2026-09-19T14:37:45.051Z n=944 act=230 days=193 best=944 AUD|SILVER1!|5|from=1704931200000|last=1728474900000|nD=191|pv=30|224,64,63892.3,-52222.7,8476,136384589.4,11669.5,-8129.7|sig=944|act=230|drop=0
2026-09-19T14:38:45.304Z n=957 act=234 days=197 best=957 AUD|SILVER1!|5|from=1704931200000|last=1728964500000|nD=195|pv=30|228,67,66993.3,-52561.3,8476,143400593.9,14432,-8129.7|sig=957|act=234|drop=0
2026-09-19T14:39:45.582Z n=974 act=239 days=200 best=974 AUD|SILVER1!|5|from=1704931200000|last=1729249200000|nD=198|pv=30|233,70,69066.3,-53700.6,8476,146326254.3,16257.8,-8129.7|sig=974|act=239|drop=0
2026-09-19T14:40:45.711Z n=999 act=243 days=203 best=999 AUD|SILVER1!|5|from=1704931200000|last=1729704900000|nD=201|pv=30|237,72,71111.1,-54590.5,8476,148626166.4,16520.5,-8129.7|sig=999|act=243|drop=0
2026-09-19T14:41:45.949Z n=1009 act=248 days=207 best=1009 AUD|SILVER1!|5|from=1704931200000|last=1730195400000|nD=205|pv=30|242,73,72064.2,-56229.3,8476,150081776.9,16520.5,-8129.7|sig=1009|act=248|drop=0
2026-09-19T14:42:46.217Z n=1027 act=251 days=211 best=1027 AUD|SILVER1!|5|from=1704931200000|last=1730734500000|nD=209|pv=30|245,75,75812,-56695.3,8476,157656589.3,19582.7,-8129.7|sig=1027|act=251|drop=0
2026-09-19T14:43:46.353Z n=1046 act=255 days=215 best=1046 AUD|SILVER1!|5|from=1704931200000|last=1731045900000|nD=213|pv=30|249,76,77138.9,-58041.2,8476,160323141.4,19775.2,-8129.7|sig=1046|act=255|drop=0
2026-09-19T14:44:46.684Z n=1064 act=260 days=218 best=1064 AUD|SILVER1!|5|from=1704931200000|last=1731496200000|nD=216|pv=30|254,76,77138.9,-60015,8476,161483059.6,19775.2,-8129.7|sig=1064|act=260|drop=0
2026-09-19T14:45:47.086Z n=1082 act=266 days=222 best=1082 AUD|SILVER1!|5|from=1704931200000|last=1732011600000|nD=220|pv=30|260,77,78002,-61980.3,8476,163466304.5,19775.2,-8129.7|sig=1082|act=266|drop=0
2026-09-19T14:46:47.234Z n=1102 act=269 days=226 best=1102 AUD|SILVER1!|5|from=1704931200000|last=1732524300000|nD=224|pv=30|263,77,78002,-62995.7,8476,164006291.4,19775.2,-8129.7|sig=1102|act=269|drop=0
2026-09-19T14:47:47.805Z n=1118 act=274 days=229 best=1118 AUD|SILVER1!|5|from=1704931200000|last=1732804200000|nD=227|pv=30|268,78,78712.5,-64371.9,8476,164590875.9,19775.2,-8129.7|sig=1118|act=274|drop=0
2026-09-19T14:48:48.027Z n=1132 act=280 days=233 best=1132 AUD|SILVER1!|5|from=1704931200000|last=1733289300000|nD=231|pv=30|274,81,81500.5,-65318.3,8476,165818454.7,19775.2,-8129.7|sig=1132|act=280|drop=0
2026-09-19T14:49:48.403Z n=1155 act=286 days=236 best=1155 AUD|SILVER1!|5|from=1704931200000|last=1733741400000|nD=234|pv=30|280,82,82037.4,-67757.3,8476,167099329.2,19775.2,-8129.7|sig=1155|act=286|drop=0
2026-09-19T14:50:48.836Z n=1168 act=289 days=239 best=1168 AUD|SILVER1!|5|from=1704931200000|last=1734021000000|nD=237|pv=30|283,82,82037.4,-68902.8,8476,167538095.6,19775.2,-8129.7|sig=1168|act=289|drop=0
2026-09-19T14:51:49.330Z n=1178 act=292 days=243 best=1178 AUD|SILVER1!|5|from=1704931200000|last=1734505800000|nD=241|pv=30|286,83,82868.8,-69406.6,8476,168483217.5,19775.2,-8129.7|sig=1178|act=292|drop=0
2026-09-19T14:52:49.526Z n=1200 act=296 days=246 best=1200 AUD|SILVER1!|5|from=1704931200000|last=1734959100000|nD=244|pv=30|290,84,84973.9,-70373.3,8476,170970916,19775.2,-8129.7|sig=1200|act=296|drop=0
2026-09-19T14:53:50.016Z n=1220 act=296 days=250 best=1220 AUD|SILVER1!|5|from=1704931200000|last=1735530600000|nD=248|pv=30|290,84,84973.9,-70373.3,8476,170970916,19775.2,-8129.7|sig=1220|act=296|drop=0
2026-09-19T14:54:50.281Z n=1246 act=301 days=253 best=1246 AUD|SILVER1!|5|from=1704931200000|last=1735834500000|nD=251|pv=30|295,85,85827.8,-71675.1,8476,171881165.5,19775.2,-8129.7|sig=1246|act=301|drop=0
2026-09-19T14:55:50.951Z n=1261 act=305 days=257 best=1261 AUD|SILVER1!|5|from=1704931200000|last=1736319900000|nD=255|pv=30|299,86,86988.1,-72896.1,8476,172217517.6,19775.2,-8129.7|sig=1261|act=305|drop=0
2026-09-19T14:56:51.211Z n=1283 act=309 days=260 best=1283 AUD|SILVER1!|5|from=1704931200000|last=1736772600000|nD=258|pv=30|303,87,87559.6,-73937.9,8476,172644688.4,19775.2,-8129.7|sig=1283|act=309|drop=0
2026-09-19T14:57:51.684Z n=1303 act=310 days=263 best=1303 AUD|SILVER1!|5|from=1704931200000|last=1737051300000|nD=261|pv=30|304,87,87559.6,-75012,8476,173798387.3,19775.2,-8129.7|sig=1303|act=310|drop=0
2026-09-19T14:58:52.110Z n=1318 act=312 days=267 best=1318 AUD|SILVER1!|5|from=1704931200000|last=1737536700000|nD=265|pv=30|306,87,87559.6,-75752.7,8476,174104190,19775.2,-8129.7|sig=1318|act=312|drop=0
2026-09-19T14:59:52.237Z n=1337 act=318 days=270 best=1337 AUD|SILVER1!|5|from=1704931200000|last=1737988500000|nD=268|pv=30|312,91,90286,-76439.2,8476,175430827.1,19775.2,-8129.7|sig=1337|act=318|drop=0
2026-09-19T15:00:52.588Z n=1355 act=323 days=274 best=1355 AUD|SILVER1!|5|from=1704931200000|last=1738300200000|nD=272|pv=30|317,94,92968.2,-77283.9,8476,178249310.8,19775.2,-8129.7|sig=1355|act=323|drop=0
2026-09-19T15:01:53.191Z n=1368 act=327 days=277 best=1368 AUD|SILVER1!|5|from=1704931200000|last=1738689300000|nD=275|pv=30|321,95,94077.1,-78904.6,8476,177935881.4,19775.2,-8129.7|sig=1368|act=327|drop=0
2026-09-19T15:02:53.718Z n=1396 act=330 days=281 best=1396 AUD|SILVER1!|5|from=1704931200000|last=1739176500000|nD=279|pv=30|324,95,94077.1,-79915.3,8476,178285045,19775.2,-8129.7|sig=1396|act=330|drop=0
2026-09-19T15:03:53.946Z n=1414 act=334 days=284 best=1414 AUD|SILVER1!|5|from=1704931200000|last=1739454000000|nD=282|pv=30|328,96,95260.5,-80816.6,8476,180122608.6,19775.2,-8129.7|sig=1414|act=334|drop=0
2026-09-19T15:04:54.144Z n=1430 act=339 days=288 best=1430 AUD|SILVER1!|5|from=1704931200000|last=1739939100000|nD=286|pv=30|333,97,95632.4,-82284.6,8476,180839585.5,19775.2,-8129.7|sig=1430|act=339|drop=0
2026-09-19T15:05:55.583Z n=1450 act=343 days=291 best=1450 AUD|SILVER1!|5|from=1704931200000|last=1740388200000|nD=289|pv=30|337,99,97098.9,-83276.9,8476,183483410.9,19775.2,-8129.7|sig=1450|act=343|drop=0
2026-09-19T15:06:56.110Z n=1467 act=348 days=295 best=1467 AUD|SILVER1!|5|from=1704931200000|last=1740735600000|nD=293|pv=30|342,102,99163.8,-84863.2,8476,186624113.5,19775.2,-8129.7|sig=1467|act=348|drop=0
2026-09-19T15:07:56.480Z n=1487 act=354 days=298 best=1487 AUD|SILVER1!|5|from=1704931200000|last=1741186500000|nD=296|pv=30|348,103,99630.2,-86712.2,8476,186874045.1,19775.2,-8129.7|sig=1487|act=354|drop=0
2026-09-19T15:08:57.282Z n=1502 act=362 days=302 best=1502 AUD|SILVER1!|5|from=1704931200000|last=1741671600000|nD=300|pv=30|356,105,100719.1,-89416.6,8476,187848315.9,19775.2,-8129.7|sig=1502|act=362|drop=0
2026-09-19T15:09:57.918Z n=1516 act=367 days=306 best=1516 AUD|SILVER1!|5|from=1704931200000|last=1742195100000|nD=304|pv=30|361,108,104458.6,-90899.6,8778.4,193447267.6,19775.2,-8129.7|sig=1516|act=367|drop=0
2026-09-19T15:10:58.226Z n=1540 act=372 days=309 best=1540 AUD|SILVER1!|5|from=1704931200000|last=1742476500000|nD=307|pv=30|366,110,107110,-91741.4,8778.4,197917258.4,19775.2,-8129.7|sig=1540|act=372|drop=0
2026-09-19T15:11:58.432Z n=1556 act=378 days=313 best=1556 AUD|SILVER1!|5|from=1704931200000|last=1742968500000|nD=311|pv=30|372,111,107614.8,-93446.4,8778.4,196675829.5,19775.2,-8129.7|sig=1556|act=378|drop=0
2026-09-19T15:12:58.696Z n=1576 act=382 days=317 best=1576 AUD|SILVER1!|5|from=1704931200000|last=1743488700000|nD=315|pv=30|376,112,108945.7,-94554.8,8778.4,198869115.6,19775.2,-8129.7|sig=1576|act=382|drop=0
2026-09-19T15:13:59.485Z n=1592 act=385 days=320 best=1592 AUD|SILVER1!|5|from=1704931200000|last=1743771300000|nD=318|pv=30|379,114,110582,-95166.8,8778.4,200705519.8,19775.2,-8129.7|sig=1592|act=385|drop=0
2026-09-19T15:14:59.869Z n=1608 act=389 days=324 best=1608 AUD|SILVER1!|5|from=1704931200000|last=1744293000000|nD=322|pv=30|383,116,114828.1,-97149.2,8778.4,214154197.9,19775.2,-8129.7|sig=1608|act=389|drop=0
2026-09-19T15:16:00.185Z n=1631 act=391 days=328 best=1631 AUD|SILVER1!|5|from=1704931200000|last=1744812600000|nD=326|pv=30|385,117,118276.7,-97476.7,8778.4,223895391.9,21127.5,-8129.7|sig=1631|act=391|drop=0
2026-09-19T15:17:00.882Z n=1647 act=396 days=332 best=1647 AUD|SILVER1!|5|from=1704931200000|last=1745387100000|nD=330|pv=30|390,118,118980.7,-99277.5,8778.4,222830836.2,21174.5,-8129.7|sig=1647|act=396|drop=0
2026-09-19T15:18:01.530Z n=1667 act=402 days=335 best=1667 AUD|SILVER1!|5|from=1704931200000|last=1745844600000|nD=333|pv=30|396,121,122250.5,-99912.2,8778.4,226097242.2,22646.8,-8129.7|sig=1667|act=402|drop=0
2026-09-19T15:19:02.443Z n=1689 act=408 days=339 best=1689 AUD|SILVER1!|5|from=1704931200000|last=1746194400000|nD=337|pv=30|402,122,122966.9,-102997,8778.4,230020128.5,22646.8,-8129.7|sig=1689|act=408|drop=0
2026-09-19T15:20:02.970Z n=1710 act=413 days=343 best=1710 AUD|SILVER1!|5|from=1704931200000|last=1746686400000|nD=341|pv=30|407,124,124398.5,-104926.1,8778.4,232345854.2,22646.8,-8129.7|sig=1710|act=413|drop=0
2026-09-19T15:21:03.736Z n=1734 act=417 days=346 best=1734 AUD|SILVER1!|5|from=1704931200000|last=1747143300000|nD=344|pv=30|411,124,124398.5,-106501.8,8778.4,233287030.5,22646.8,-8129.7|sig=1734|act=417|drop=0
2026-09-19T15:22:04.290Z n=1740 act=421 days=350 best=1740 AUD|SILVER1!|5|from=1704931200000|last=1747635000000|nD=348|pv=30|415,125,125246.5,-107761.6,8778.4,233666806.6,22646.8,-8129.7|sig=1740|act=421|drop=0
2026-09-19T15:23:04.423Z n=1759 act=426 days=353 best=1759 AUD|SILVER1!|5|from=1704931200000|last=1747918500000|nD=351|pv=30|420,125,125246.5,-109772.3,8778.4,234824002.6,22646.8,-8129.7|sig=1759|act=426|drop=0
2026-09-19T15:24:04.911Z n=1775 act=428 days=357 best=1775 AUD|SILVER1!|5|from=1704931200000|last=1748409000000|nD=355|pv=30|422,126,126043.6,-110548.2,8778.4,236061271.7,22646.8,-8129.7|sig=1775|act=428|drop=0
2026-09-19T15:25:05.490Z n=1793 act=432 days=360 best=1793 AUD|SILVER1!|5|from=1704931200000|last=1748865900000|nD=358|pv=30|426,126,126043.6,-111710.6,8778.4,236518258.6,22646.8,-8129.7|sig=1793|act=432|drop=0
2026-09-19T15:26:05.831Z n=1812 act=437 days=364 best=1812 AUD|SILVER1!|5|from=1704931200000|last=1749185100000|nD=362|pv=30|431,127,127525.7,-113607.3,9090.7,236986585.3,22646.8,-8129.7|sig=1812|act=437|drop=0
2026-09-19T15:27:06.391Z n=1834 act=441 days=367 best=1834 AUD|SILVER1!|5|from=1704931200000|last=1749642300000|nD=365|pv=30|435,128,128380.4,-115461.6,9728,237866850.7,22646.8,-8129.7|sig=1834|act=441|drop=0
2026-09-19T15:28:06.878Z n=1848 act=444 days=371 best=1848 AUD|SILVER1!|5|from=1704931200000|last=1750133100000|nD=369|pv=30|438,128,128380.4,-117080.1,11346.5,238824217.7,22646.8,-8129.7|sig=1848|act=444|drop=0
2026-09-19T15:29:07.479Z n=1873 act=447 days=374 best=1873 AUD|SILVER1!|5|from=1704931200000|last=1750416000000|nD=372|pv=30|441,130,130587.5,-117762.4,11346.5,241953422.7,22646.8,-8129.7|sig=1873|act=447|drop=0
2026-09-19T15:30:07.636Z n=1886 act=449 days=377 best=1886 AUD|SILVER1!|5|from=1704931200000|last=1750873500000|nD=375|pv=30|443,131,131271.4,-118274,11346.5,242682731,22646.8,-8129.7|sig=1886|act=449|drop=0
2026-09-19T15:31:07.901Z n=1903 act=454 days=381 best=1903 AUD|SILVER1!|5|from=1704931200000|last=1751363700000|nD=379|pv=30|448,134,135351.9,-119203.6,11346.5,247120463.1,22646.8,-8129.7|sig=1903|act=454|drop=0
2026-09-19T15:32:08.280Z n=1915 act=463 days=384 best=1915 AUD|SILVER1!|5|from=1704931200000|last=1751646300000|nD=382|pv=30|457,137,137297.1,-121282.2,11346.5,248058745,22646.8,-8129.7|sig=1915|act=463|drop=0
2026-09-19T15:33:08.515Z n=1942 act=468 days=388 best=1942 AUD|SILVER1!|5|from=1704931200000|last=1752138300000|nD=386|pv=30|462,137,137297.1,-122911.3,11346.5,248802024.1,22646.8,-8129.7|sig=1942|act=468|drop=0
2026-09-19T15:34:08.917Z n=1958 act=470 days=391 best=1958 AUD|SILVER1!|5|from=1704931200000|last=1752593400000|nD=389|pv=30|464,138,138968.2,-123335.1,11346.5,251774242.6,22646.8,-8129.7|sig=1958|act=470|drop=0
2026-09-19T15:35:09.333Z n=1971 act=474 days=395 best=1971 AUD|SILVER1!|5|from=1704931200000|last=1753086000000|nD=393|pv=30|468,139,140391.5,-124891.1,11346.5,255011433.7,22646.8,-8129.7|sig=1971|act=474|drop=0
2026-09-19T15:36:09.916Z n=1993 act=477 days=398 best=1993 AUD|SILVER1!|5|from=1704931200000|last=1753374300000|nD=396|pv=30|471,141,142821.2,-125711.1,11346.5,258654008.4,22646.8,-8129.7|sig=1993|act=477|drop=0
2026-09-19T15:37:10.065Z n=2014 act=480 days=402 best=2014 AUD|SILVER1!|5|from=1704931200000|last=1753863300000|nD=400|pv=30|474,141,142821.2,-126700.8,11346.5,258983600.3,22646.8,-8129.7|sig=2014|act=480|drop=0
2026-09-19T15:38:12.220Z n=2033 act=482 days=405 best=2033 AUD|SILVER1!|5|from=1704931200000|last=1754320800000|nD=403|pv=30|476,141,142821.2,-127892.2,11346.5,259713082,22646.8,-8129.7|sig=2033|act=482|drop=0
2026-09-19T15:39:13.187Z n=2051 act=487 days=409 best=2051 AUD|SILVER1!|5|from=1704931200000|last=1754645100000|nD=407|pv=30|481,143,145691.5,-129466.3,11346.5,261962734,22646.8,-8129.7|sig=2051|act=487|drop=0
2026-09-19T15:40:14.106Z n=2073 act=490 days=412 best=2073 AUD|SILVER1!|5|from=1704931200000|last=1755101700000|nD=410|pv=30|484,144,146861,-130180.8,11346.5,263586112.3,22646.8,-8129.7|sig=2073|act=490|drop=0
2026-09-19T15:41:14.348Z n=2090 act=494 days=416 best=2090 AUD|SILVER1!|5|from=1704931200000|last=1755681000000|nD=414|pv=30|488,145,147640.2,-131245.7,11346.5,264061311.7,22646.8,-8129.7|sig=2090|act=494|drop=0
2026-09-19T15:42:14.773Z n=2105 act=500 days=419 best=2105 AUD|SILVER1!|5|from=1704931200000|last=1756133700000|nD=417|pv=30|494,145,147640.2,-132824.7,11346.5,264724929.3,22646.8,-8129.7|sig=2105|act=500|drop=0
2026-09-19T15:43:15.292Z n=2122 act=505 days=423 best=2122 AUD|SILVER1!|5|from=1704931200000|last=1756484400000|nD=421|pv=30|499,147,148729.2,-133912.4,11346.5,265277517.4,22646.8,-8129.7|sig=2122|act=505|drop=0
2026-09-19T15:44:15.530Z n=2138 act=507 days=427 best=2138 AUD|SILVER1!|5|from=1704931200000|last=1756974300000|nD=425|pv=30|501,147,148729.2,-135000.9,11346.5,265940213.7,22646.8,-8129.7|sig=2138|act=507|drop=0
2026-09-19T15:45:16.348Z n=2153 act=511 days=430 best=2153 AUD|SILVER1!|5|from=1704931200000|last=1757431500000|nD=428|pv=30|505,149,150419.4,-136936,11346.5,270074282.5,22646.8,-8129.7|sig=2153|act=511|drop=0
2026-09-19T15:46:16.623Z n=2171 act=514 days=434 best=2171 AUD|SILVER1!|5|from=1704931200000|last=1757922900000|nD=432|pv=30|508,149,150419.4,-139138.9,11366.3,272191888.3,22646.8,-8129.7|sig=2171|act=514|drop=0
2026-09-19T15:47:16.940Z n=2187 act=519 days=437 best=2187 AUD|SILVER1!|5|from=1704931200000|last=1758200400000|nD=435|pv=30|513,150,151277.7,-140986,12355.1,272522992.4,22646.8,-8129.7|sig=2187|act=519|drop=0
2026-09-19T15:48:18.613Z n=2197 act=522 days=441 best=2197 AUD|SILVER1!|5|from=1704931200000|last=1758698400000|nD=439|pv=30|516,151,152643.8,-142259.9,13629,275321586.1,22646.8,-8129.7|sig=2197|act=522|drop=0
2026-09-19T15:49:19.031Z n=2222 act=527 days=444 best=2222 AUD|SILVER1!|5|from=1704931200000|last=1759157700000|nD=442|pv=30|521,152,154169,-145020.4,13629,277378640.9,22646.8,-8129.7|sig=2222|act=527|drop=0
2026-09-19T15:50:19.405Z n=2234 act=529 days=448 best=2234 AUD|SILVER1!|5|from=1704931200000|last=1759733400000|nD=446|pv=30|523,152,154169,-146526.3,15004,278554749.2,22646.8,-8129.7|sig=2234|act=529|drop=0
2026-09-19T15:51:20.091Z n=2254 act=533 days=451 best=2254 AUD|SILVER1!|5|from=1704931200000|last=1760019300000|nD=449|pv=30|527,153,156144.4,-149340.8,15904,286532979,22646.8,-8129.7|sig=2254|act=533|drop=0
2026-09-19T15:52:20.823Z n=2268 act=536 days=455 best=2268 AUD|SILVER1!|5|from=1704931200000|last=1760511000000|nD=453|pv=30|530,153,156144.4,-153516.7,20019.2,293283890,22646.8,-8129.7|sig=2268|act=536|drop=0
2026-09-19T15:53:21.157Z n=2287 act=539 days=458 best=2287 AUD|SILVER1!|5|from=1704931200000|last=1760967000000|nD=456|pv=30|533,154,157530.6,-155749.5,20865.7,297884138.7,22646.8,-8129.7|sig=2287|act=539|drop=0
2026-09-19T15:54:21.454Z n=2303 act=542 days=463 best=2303 AUD|SILVER1!|5|from=1704931200000|last=1761568200000|nD=461|pv=30|536,155,162808,-158634.9,20865.7,330984349.7,22646.8,-8129.7|sig=2303|act=542|drop=0
2026-09-19T15:55:22.431Z n=2316 act=551 days=467 best=2316 AUD|SILVER1!|5|from=1704931200000|last=1761904200000|nD=465|pv=30|545,158,170070.3,-164286,20865.7,345954805.7,22646.8,-8129.7|sig=2316|act=551|drop=0
2026-09-19T15:56:23.164Z n=2333 act=554 days=471 best=2333 AUD|SILVER1!|5|from=1704931200000|last=1762419300000|nD=469|pv=30|548,160,174148.4,-164977.6,20865.7,354831754.9,22646.8,-8129.7|sig=2333|act=554|drop=0
2026-09-19T15:57:23.879Z n=2351 act=559 days=474 best=2351 AUD|SILVER1!|5|from=1704931200000|last=1762873200000|nD=472|pv=30|553,160,174148.4,-168307,20865.7,351050247.4,22646.8,-8129.7|sig=2351|act=559|drop=0
2026-09-19T15:58:24.268Z n=2371 act=564 days=478 best=2371 AUD|SILVER1!|5|from=1704931200000|last=1763353200000|nD=476|pv=30|558,163,182139.5,-169510.7,20865.7,380112862.3,22646.8,-8129.7|sig=2371|act=564|drop=0
2026-09-19T15:59:24.567Z n=2381 act=569 days=481 best=2381 AUD|SILVER1!|5|from=1704931200000|last=1763631000000|nD=479|pv=30|563,165,187157,-172116,20865.7,401898333.8,22646.8,-8129.7|sig=2381|act=569|drop=0
2026-09-19T16:00:26.282Z n=2393 act=573 days=484 best=2393 AUD|SILVER1!|5|from=1704931200000|last=1764090300000|nD=482|pv=30|567,165,187157,-175344.5,20865.7,404977940.2,22646.8,-8129.7|sig=2393|act=573|drop=0
2026-09-19T16:01:28.232Z n=2415 act=577 days=488 best=2415 AUD|SILVER1!|5|from=1704931200000|last=1764576600000|nD=486|pv=30|571,167,189420.9,-179170.6,20865.7,416437878.8,22646.8,-8129.7|sig=2415|act=577|drop=0
2026-09-19T16:02:29.155Z n=2430 act=581 days=491 best=2430 AUD|SILVER1!|5|from=1704931200000|last=1764856800000|nD=489|pv=30|575,169,194863.5,-181573.3,20865.7,436479316.3,22646.8,-8129.7|sig=2430|act=581|drop=0
2026-09-19T16:03:29.509Z n=2453 act=586 days=495 best=2453 AUD|SILVER1!|5|from=1704931200000|last=1765344300000|nD=493|pv=30|580,169,194863.5,-186711.3,20865.7,436757172.4,22646.8,-8129.7|sig=2453|act=586|drop=0
2026-09-19T16:04:31.435Z n=2466 act=590 days=498 best=2466 AUD|SILVER1!|5|from=1704931200000|last=1765798800000|nD=496|pv=30|584,171,199998.2,-189272.3,20865.7,446922967.1,22646.8,-8129.7|sig=2466|act=590|drop=0
2026-09-19T16:05:32.201Z n=2479 act=594 days=501 best=2479 AUD|SILVER1!|5|from=1704931200000|last=1766081100000|nD=499|pv=30|588,171,199998.2,-193503.1,20865.7,451847976.2,22646.8,-8129.7|sig=2479|act=594|drop=0
2026-09-19T16:06:32.713Z n=2508 act=597 days=505 best=2508 AUD|SILVER1!|5|from=1704931200000|last=1766563500000|nD=503|pv=30|591,172,201520.6,-195581.4,20865.7,456579307.2,22646.8,-8129.7|sig=2508|act=597|drop=0
2026-09-19T16:07:33.029Z n=2521 act=601 days=508 best=2521 AUD|SILVER1!|5|from=1704931200000|last=1767082800000|nD=506|pv=30|595,174,218230.3,-200516.9,20865.7,694125421.4,22648.9,-8129.7|sig=2521|act=601|drop=0
2026-09-19T16:08:33.775Z n=2536 act=604 days=512 best=2536 AUD|SILVER1!|5|from=1704931200000|last=1767606300000|nD=510|pv=30|598,174,218230.3,-207968.3,20865.7,713376270.9,22648.9,-8129.7|sig=2536|act=604|drop=0
2026-09-19T16:09:38.193Z n=2544 act=609 days=516 best=2544 AUD|SILVER1!|5|from=1704931200000|last=1767930000000|nD=514|pv=30|603,177,231550.3,-212887.1,20865.7,752158949.6,22648.9,-8129.7|sig=2544|act=609|drop=0
2026-09-19T16:10:40.620Z n=2560 act=613 days=519 best=2560 AUD|SILVER1!|5|from=1704931200000|last=1768379100000|nD=517|pv=30|607,180,252782.3,-217549.8,20865.7,936257776.7,39895.2,-8129.7|sig=2560|act=613|drop=0
2026-09-19T16:11:41.108Z n=2578 act=615 days=523 best=2578 AUD|SILVER1!|5|from=1704931200000|last=1768891800000|nD=521|pv=30|609,180,252782.3,-221578.8,20865.7,945441239.2,39895.2,-8129.7|sig=2578|act=615|drop=0
2026-09-19T16:12:41.476Z n=2595 act=620 days=526 best=2595 AUD|SILVER1!|5|from=1704931200000|last=1769158500000|nD=524|pv=30|614,181,258690.1,-239406.4,20865.7,1026727658.1,39895.2,-8129.7|sig=2595|act=620|drop=0
2026-09-19T16:13:42.635Z n=2610 act=625 days=529 best=2610 AUD|SILVER1!|5|from=1704931200000|last=1769666400000|nD=527|pv=30|619,183,293242.3,-248436.2,24551.2,1482678760.1,44806.1,-8129.7|sig=2610|act=625|drop=0
2026-09-19T16:14:46.246Z n=2617 act=629 days=532 best=2617 AUD|SILVER1!|5|from=1704931200000|last=1770043200000|nD=530|pv=30|623,186,384370.4,-255113.2,24551.2,8049099232.1,129257.1,-8129.7|sig=2617|act=629|drop=0
2026-09-19T16:15:49.340Z n=2632 act=631 days=535 best=2632 AUD|SILVER1!|5|from=1704931200000|last=1770315600000|nD=533|pv=30|625,186,384370.4,-271869.1,24551.2,8192684926.9,129257.1,-8129.7|sig=2632|act=631|drop=0
2026-09-19T16:16:51.894Z n=2643 act=637 days=538 best=2643 AUD|SILVER1!|5|from=1704931200000|last=1770734400000|nD=536|pv=30|631,189,428189,-279645.8,24551.2,9183051921.3,156319.9,-8129.7|sig=2643|act=637|drop=0
2026-09-19T16:17:55.376Z n=2660 act=640 days=542 best=2660 AUD|SILVER1!|5|from=1704931200000|last=1771220400000|nD=540|pv=30|634,190,433387.1,-285053.3,24551.2,9224705501.1,156319.9,-8129.7|sig=2660|act=640|drop=0
2026-09-19T16:18:56.486Z n=2677 act=643 days=545 best=2677 AUD|SILVER1!|5|from=1704931200000|last=1771484400000|nD=543|pv=30|637,191,437644.6,-288044.2,24551.2,9247461152.3,156319.9,-8129.7|sig=2677|act=643|drop=0
2026-09-19T16:19:56.570Z n=267 act=67 days=57 best=2677 AUD|SILVER1!|5|from=1764806400000|last=1771521600000|nD=55|pv=30|64,23,244449.4,-109810.5,24551.2,8824918088.4,144698,-7205.1|sig=267|act=67|drop=0
2026-09-19T16:20:56.662Z n=267 act=67 days=57 best=2677 AUD|SILVER1!|5|from=1764806400000|last=1771521600000|nD=55|pv=30|64,23,244449.4,-109810.5,24551.2,8824918088.4,144698,-7205.1|sig=267|act=67|drop=0
2026-09-19T16:21:56.769Z n=267 act=67 days=57 best=2677 AUD|SILVER1!|5|from=1764806400000|last=1771521600000|nD=55|pv=30|64,23,244449.4,-109810.5,24551.2,8824918088.4,144698,-7205.1|sig=267|act=67|drop=0
2026-09-19T16:22:56.811Z n=267 act=67 days=57 best=2677 AUD|SILVER1!|5|from=1764806400000|last=1771521600000|nD=55|pv=30|64,23,244449.4,-109810.5,24551.2,8824918088.4,144698,-7205.1|sig=267|act=67|drop=0
2026-09-19T16:23:56.891Z n=267 act=67 days=57 best=2677 AUD|SILVER1!|5|from=1764806400000|last=1771521600000|nD=55|pv=30|64,23,244449.4,-109810.5,24551.2,8824918088.4,144698,-7205.1|sig=267|act=67|drop=0
2026-09-19T16:24:56.977Z n=267 act=67 days=57 best=2677 AUD|SILVER1!|5|from=1764806400000|last=1771521600000|nD=55|pv=30|64,23,244449.4,-109810.5,24551.2,8824918088.4,144698,-7205.1|sig=267|act=67|drop=0
2026-09-19T16:25:57.064Z n=267 act=67 days=57 best=2677 AUD|SILVER1!|5|from=1764806400000|last=1771521600000|nD=55|pv=30|64,23,244449.4,-109810.5,24551.2,8824918088.4,144698,-7205.1|sig=267|act=67|drop=0
2026-09-19T16:26:57.160Z n=267 act=67 days=57 best=2677 AUD|SILVER1!|5|from=1764806400000|last=1771521600000|nD=55|pv=30|64,23,244449.4,-109810.5,24551.2,8824918088.4,144698,-7205.1|sig=267|act=67|drop=0
2026-09-19T16:27:57.248Z n=267 act=67 days=57 best=2677 AUD|SILVER1!|5|from=1764806400000|last=1771521600000|nD=55|pv=30|64,23,244449.4,-109810.5,24551.2,8824918088.4,144698,-7205.1|sig=267|act=67|drop=0
2026-09-19T16:28:57.346Z n=267 act=67 days=57 best=2677 AUD|SILVER1!|5|from=1764806400000|last=1771521600000|nD=55|pv=30|64,23,244449.4,-109810.5,24551.2,8824918088.4,144698,-7205.1|sig=267|act=67|drop=0
2026-09-19T16:29:57.423Z n=267 act=67 days=57 best=2677 AUD|SILVER1!|5|from=1764806400000|last=1771521600000|nD=55|pv=30|64,23,244449.4,-109810.5,24551.2,8824918088.4,144698,-7205.1|sig=267|act=67|drop=0
2026-09-19T16:30:57.520Z n=267 act=67 days=57 best=2677 AUD|SILVER1!|5|from=1764806400000|last=1771521600000|nD=55|pv=30|64,23,244449.4,-109810.5,24551.2,8824918088.4,144698,-7205.1|sig=267|act=67|drop=0
2026-09-19T16:31:57.606Z n=267 act=67 days=57 best=2677 AUD|SILVER1!|5|from=1764806400000|last=1771521600000|nD=55|pv=30|64,23,244449.4,-109810.5,24551.2,8824918088.4,144698,-7205.1|sig=267|act=67|drop=0
2026-09-19T16:32:57.691Z n=267 act=67 days=57 best=2677 AUD|SILVER1!|5|from=1764806400000|last=1771521600000|nD=55|pv=30|64,23,244449.4,-109810.5,24551.2,8824918088.4,144698,-7205.1|sig=267|act=67|drop=0
2026-09-19T16:33:57.797Z n=267 act=67 days=57 best=2677 AUD|SILVER1!|5|from=1764806400000|last=1771521600000|nD=55|pv=30|64,23,244449.4,-109810.5,24551.2,8824918088.4,144698,-7205.1|sig=267|act=67|drop=0
2026-09-19T16:34:57.878Z n=267 act=67 days=57 best=2677 AUD|SILVER1!|5|from=1764806400000|last=1771521600000|nD=55|pv=30|64,23,244449.4,-109810.5,24551.2,8824918088.4,144698,-7205.1|sig=267|act=67|drop=0
2026-09-19T16:35:57.955Z n=267 act=67 days=57 best=2677 AUD|SILVER1!|5|from=1764806400000|last=1771521600000|nD=55|pv=30|64,23,244449.4,-109810.5,24551.2,8824918088.4,144698,-7205.1|sig=267|act=67|drop=0
2026-09-19T16:36:58.053Z n=267 act=67 days=57 best=2677 AUD|SILVER1!|5|from=1764806400000|last=1771521600000|nD=55|pv=30|64,23,244449.4,-109810.5,24551.2,8824918088.4,144698,-7205.1|sig=267|act=67|drop=0
2026-09-19T16:37:58.097Z n=267 act=67 days=57 best=2677 AUD|SILVER1!|5|from=1764806400000|last=1771521600000|nD=55|pv=30|64,23,244449.4,-109810.5,24551.2,8824918088.4,144698,-7205.1|sig=267|act=67|drop=0
2026-09-19T16:38:58.165Z n=267 act=67 days=57 best=2677 AUD|SILVER1!|5|from=1764806400000|last=1771521600000|nD=55|pv=30|64,23,244449.4,-109810.5,24551.2,8824918088.4,144698,-7205.1|sig=267|act=67|drop=0
2026-09-19T16:39:58.271Z n=267 act=67 days=57 best=2677 AUD|SILVER1!|5|from=1764806400000|last=1771521600000|nD=55|pv=30|64,23,244449.4,-109810.5,24551.2,8824918088.4,144698,-7205.1|sig=267|act=67|drop=0
2026-09-19T16:40:58.347Z n=267 act=67 days=57 best=2677 AUD|SILVER1!|5|from=1764806400000|last=1771521600000|nD=55|pv=30|64,23,244449.4,-109810.5,24551.2,8824918088.4,144698,-7205.1|sig=267|act=67|drop=0
2026-09-19T16:41:58.412Z n=267 act=67 days=57 best=2677 AUD|SILVER1!|5|from=1764806400000|last=1771521600000|nD=55|pv=30|64,23,244449.4,-109810.5,24551.2,8824918088.4,144698,-7205.1|sig=267|act=67|drop=0
2026-09-19T16:42:58.485Z n=267 act=67 days=57 best=2677 AUD|SILVER1!|5|from=1764806400000|last=1771521600000|nD=55|pv=30|64,23,244449.4,-109810.5,24551.2,8824918088.4,144698,-7205.1|sig=267|act=67|drop=0
2026-09-19T16:43:58.574Z n=267 act=67 days=57 best=2677 AUD|SILVER1!|5|from=1764806400000|last=1771521600000|nD=55|pv=30|64,23,244449.4,-109810.5,24551.2,8824918088.4,144698,-7205.1|sig=267|act=67|drop=0
2026-09-19T16:44:58.682Z n=267 act=67 days=57 best=2677 AUD|SILVER1!|5|from=1764806400000|last=1771521600000|nD=55|pv=30|64,23,244449.4,-109810.5,24551.2,8824918088.4,144698,-7205.1|sig=267|act=67|drop=0
2026-09-19T16:45:58.799Z n=267 act=67 days=57 best=2677 AUD|SILVER1!|5|from=1764806400000|last=1771521600000|nD=55|pv=30|64,23,244449.4,-109810.5,24551.2,8824918088.4,144698,-7205.1|sig=267|act=67|drop=0
2026-09-19T16:46:58.932Z n=267 act=67 days=57 best=2677 AUD|SILVER1!|5|from=1764806400000|last=1771521600000|nD=55|pv=30|64,23,244449.4,-109810.5,24551.2,8824918088.4,144698,-7205.1|sig=267|act=67|drop=0
2026-09-19T16:47:59.054Z n=267 act=67 days=57 best=2677 AUD|SILVER1!|5|from=1764806400000|last=1771521600000|nD=55|pv=30|64,23,244449.4,-109810.5,24551.2,8824918088.4,144698,-7205.1|sig=267|act=67|drop=0
2026-09-19T16:48:59.137Z n=267 act=67 days=57 best=2677 AUD|SILVER1!|5|from=1764806400000|last=1771521600000|nD=55|pv=30|64,23,244449.4,-109810.5,24551.2,8824918088.4,144698,-7205.1|sig=267|act=67|drop=0
2026-09-19T16:49:59.217Z n=267 act=67 days=57 best=2677 AUD|SILVER1!|5|from=1764806400000|last=1771521600000|nD=55|pv=30|64,23,244449.4,-109810.5,24551.2,8824918088.4,144698,-7205.1|sig=267|act=67|drop=0
2026-09-19T16:50:59.300Z n=267 act=67 days=57 best=2677 AUD|SILVER1!|5|from=1764806400000|last=1771521600000|nD=55|pv=30|64,23,244449.4,-109810.5,24551.2,8824918088.4,144698,-7205.1|sig=267|act=67|drop=0
2026-09-19T16:51:59.370Z n=267 act=67 days=57 best=2677 AUD|SILVER1!|5|from=1764806400000|last=1771521600000|nD=55|pv=30|64,23,244449.4,-109810.5,24551.2,8824918088.4,144698,-7205.1|sig=267|act=67|drop=0
2026-09-19T16:52:59.470Z n=267 act=67 days=57 best=2677 AUD|SILVER1!|5|from=1764806400000|last=1771521600000|nD=55|pv=30|64,23,244449.4,-109810.5,24551.2,8824918088.4,144698,-7205.1|sig=267|act=67|drop=0
2026-09-19T16:53:59.536Z n=267 act=67 days=57 best=2677 AUD|SILVER1!|5|from=1764806400000|last=1771521600000|nD=55|pv=30|64,23,244449.4,-109810.5,24551.2,8824918088.4,144698,-7205.1|sig=267|act=67|drop=0
2026-09-19T16:54:59.608Z n=267 act=67 days=57 best=2677 AUD|SILVER1!|5|from=1764806400000|last=1771521600000|nD=55|pv=30|64,23,244449.4,-109810.5,24551.2,8824918088.4,144698,-7205.1|sig=267|act=67|drop=0
2026-09-19T16:55:59.682Z n=267 act=67 days=57 best=2677 AUD|SILVER1!|5|from=1764806400000|last=1771521600000|nD=55|pv=30|64,23,244449.4,-109810.5,24551.2,8824918088.4,144698,-7205.1|sig=267|act=67|drop=0
2026-09-19T16:56:59.823Z n=267 act=67 days=57 best=2677 AUD|SILVER1!|5|from=1764806400000|last=1771521600000|nD=55|pv=30|64,23,244449.4,-109810.5,24551.2,8824918088.4,144698,-7205.1|sig=267|act=67|drop=0
2026-09-19T16:57:59.895Z n=267 act=67 days=57 best=2677 AUD|SILVER1!|5|from=1764806400000|last=1771521600000|nD=55|pv=30|64,23,244449.4,-109810.5,24551.2,8824918088.4,144698,-7205.1|sig=267|act=67|drop=0
2026-09-19T16:58:59.959Z n=267 act=67 days=57 best=2677 AUD|SILVER1!|5|from=1764806400000|last=1771521600000|nD=55|pv=30|64,23,244449.4,-109810.5,24551.2,8824918088.4,144698,-7205.1|sig=267|act=67|drop=0
2026-09-19T17:00:00.047Z n=267 act=67 days=57 best=2677 AUD|SILVER1!|5|from=1764806400000|last=1771521600000|nD=55|pv=30|64,23,244449.4,-109810.5,24551.2,8824918088.4,144698,-7205.1|sig=267|act=67|drop=0
2026-09-19T17:01:00.083Z n=267 act=67 days=57 best=2677 AUD|SILVER1!|5|from=1764806400000|last=1771521600000|nD=55|pv=30|64,23,244449.4,-109810.5,24551.2,8824918088.4,144698,-7205.1|sig=267|act=67|drop=0
2026-09-19T17:02:00.159Z n=267 act=67 days=57 best=2677 AUD|SILVER1!|5|from=1764806400000|last=1771521600000|nD=55|pv=30|64,23,244449.4,-109810.5,24551.2,8824918088.4,144698,-7205.1|sig=267|act=67|drop=0
2026-09-19T17:03:00.209Z n=267 act=67 days=57 best=2677 AUD|SILVER1!|5|from=1764806400000|last=1771521600000|nD=55|pv=30|64,23,244449.4,-109810.5,24551.2,8824918088.4,144698,-7205.1|sig=267|act=67|drop=0
2026-09-19T17:04:00.288Z n=267 act=67 days=57 best=2677 AUD|SILVER1!|5|from=1764806400000|last=1771521600000|nD=55|pv=30|64,23,244449.4,-109810.5,24551.2,8824918088.4,144698,-7205.1|sig=267|act=67|drop=0
2026-09-19T17:05:00.326Z n=267 act=67 days=57 best=2677 AUD|SILVER1!|5|from=1764806400000|last=1771521600000|nD=55|pv=30|64,23,244449.4,-109810.5,24551.2,8824918088.4,144698,-7205.1|sig=267|act=67|drop=0
2026-09-19T17:06:00.378Z n=267 act=67 days=57 best=2677 AUD|SILVER1!|5|from=1764806400000|last=1771521600000|nD=55|pv=30|64,23,244449.4,-109810.5,24551.2,8824918088.4,144698,-7205.1|sig=267|act=67|drop=0
2026-09-19T17:07:00.419Z n=267 act=67 days=57 best=2677 AUD|SILVER1!|5|from=1764806400000|last=1771521600000|nD=55|pv=30|64,23,244449.4,-109810.5,24551.2,8824918088.4,144698,-7205.1|sig=267|act=67|drop=0
2026-09-19T17:08:00.460Z n=267 act=67 days=57 best=2677 AUD|SILVER1!|5|from=1764806400000|last=1771521600000|nD=55|pv=30|64,23,244449.4,-109810.5,24551.2,8824918088.4,144698,-7205.1|sig=267|act=67|drop=0
2026-09-19T17:09:00.498Z n=267 act=67 days=57 best=2677 AUD|SILVER1!|5|from=1764806400000|last=1771521600000|nD=55|pv=30|64,23,244449.4,-109810.5,24551.2,8824918088.4,144698,-7205.1|sig=267|act=67|drop=0
2026-09-19T17:10:00.552Z n=267 act=67 days=57 best=2677 AUD|SILVER1!|5|from=1764806400000|last=1771521600000|nD=55|pv=30|64,23,244449.4,-109810.5,24551.2,8824918088.4,144698,-7205.1|sig=267|act=67|drop=0
2026-09-19T17:11:00.728Z n=267 act=67 days=57 best=2677 AUD|SILVER1!|5|from=1764806400000|last=1771521600000|nD=55|pv=30|64,23,244449.4,-109810.5,24551.2,8824918088.4,144698,-7205.1|sig=267|act=67|drop=0
2026-09-19T17:12:00.811Z n=267 act=67 days=57 best=2677 AUD|SILVER1!|5|from=1764806400000|last=1771521600000|nD=55|pv=30|64,23,244449.4,-109810.5,24551.2,8824918088.4,144698,-7205.1|sig=267|act=67|drop=0
2026-09-19T17:13:00.890Z n=267 act=67 days=57 best=2677 AUD|SILVER1!|5|from=1764806400000|last=1771521600000|nD=55|pv=30|64,23,244449.4,-109810.5,24551.2,8824918088.4,144698,-7205.1|sig=267|act=67|drop=0
2026-09-19T17:14:00.956Z n=267 act=67 days=57 best=2677 AUD|SILVER1!|5|from=1764806400000|last=1771521600000|nD=55|pv=30|64,23,244449.4,-109810.5,24551.2,8824918088.4,144698,-7205.1|sig=267|act=67|drop=0
2026-09-19T17:15:00.996Z n=267 act=67 days=57 best=2677 AUD|SILVER1!|5|from=1764806400000|last=1771521600000|nD=55|pv=30|64,23,244449.4,-109810.5,24551.2,8824918088.4,144698,-7205.1|sig=267|act=67|drop=0
2026-09-19T17:16:01.075Z n=267 act=67 days=57 best=2677 AUD|SILVER1!|5|from=1764806400000|last=1771521600000|nD=55|pv=30|64,23,244449.4,-109810.5,24551.2,8824918088.4,144698,-7205.1|sig=267|act=67|drop=0
2026-09-19T17:17:01.165Z n=267 act=67 days=57 best=2677 AUD|SILVER1!|5|from=1764806400000|last=1771521600000|nD=55|pv=30|64,23,244449.4,-109810.5,24551.2,8824918088.4,144698,-7205.1|sig=267|act=67|drop=0
2026-09-19T17:18:01.269Z n=267 act=67 days=57 best=2677 AUD|SILVER1!|5|from=1764806400000|last=1771521600000|nD=55|pv=30|64,23,244449.4,-109810.5,24551.2,8824918088.4,144698,-7205.1|sig=267|act=67|drop=0
2026-09-19T17:19:01.348Z n=267 act=67 days=57 best=2677 AUD|SILVER1!|5|from=1764806400000|last=1771521600000|nD=55|pv=30|64,23,244449.4,-109810.5,24551.2,8824918088.4,144698,-7205.1|sig=267|act=67|drop=0
2026-09-19T17:20:01.438Z n=267 act=67 days=57 best=2677 AUD|SILVER1!|5|from=1764806400000|last=1771521600000|nD=55|pv=30|64,23,244449.4,-109810.5,24551.2,8824918088.4,144698,-7205.1|sig=267|act=67|drop=0
2026-09-19T17:21:01.562Z n=267 act=67 days=57 best=2677 AUD|SILVER1!|5|from=1764806400000|last=1771521600000|nD=55|pv=30|64,23,244449.4,-109810.5,24551.2,8824918088.4,144698,-7205.1|sig=267|act=67|drop=0
2026-09-19T17:22:01.653Z n=267 act=67 days=57 best=2677 AUD|SILVER1!|5|from=1764806400000|last=1771521600000|nD=55|pv=30|64,23,244449.4,-109810.5,24551.2,8824918088.4,144698,-7205.1|sig=267|act=67|drop=0
2026-09-19T17:23:01.694Z n=267 act=67 days=57 best=2677 AUD|SILVER1!|5|from=1764806400000|last=1771521600000|nD=55|pv=30|64,23,244449.4,-109810.5,24551.2,8824918088.4,144698,-7205.1|sig=267|act=67|drop=0
2026-09-19T17:24:01.772Z n=267 act=67 days=57 best=2677 AUD|SILVER1!|5|from=1764806400000|last=1771521600000|nD=55|pv=30|64,23,244449.4,-109810.5,24551.2,8824918088.4,144698,-7205.1|sig=267|act=67|drop=0
2026-09-19T17:25:01.851Z n=267 act=67 days=57 best=2677 AUD|SILVER1!|5|from=1764806400000|last=1771521600000|nD=55|pv=30|64,23,244449.4,-109810.5,24551.2,8824918088.4,144698,-7205.1|sig=267|act=67|drop=0
2026-09-19T17:26:01.931Z n=267 act=67 days=57 best=2677 AUD|SILVER1!|5|from=1764806400000|last=1771521600000|nD=55|pv=30|64,23,244449.4,-109810.5,24551.2,8824918088.4,144698,-7205.1|sig=267|act=67|drop=0
2026-09-19T17:27:02.023Z n=267 act=67 days=57 best=2677 AUD|SILVER1!|5|from=1764806400000|last=1771521600000|nD=55|pv=30|64,23,244449.4,-109810.5,24551.2,8824918088.4,144698,-7205.1|sig=267|act=67|drop=0
2026-09-19T17:28:02.072Z n=267 act=67 days=57 best=2677 AUD|SILVER1!|5|from=1764806400000|last=1771521600000|nD=55|pv=30|64,23,244449.4,-109810.5,24551.2,8824918088.4,144698,-7205.1|sig=267|act=67|drop=0
2026-09-19T17:29:02.172Z n=267 act=67 days=57 best=2677 AUD|SILVER1!|5|from=1764806400000|last=1771521600000|nD=55|pv=30|64,23,244449.4,-109810.5,24551.2,8824918088.4,144698,-7205.1|sig=267|act=67|drop=0
2026-09-19T17:30:02.253Z n=267 act=67 days=57 best=2677 AUD|SILVER1!|5|from=1764806400000|last=1771521600000|nD=55|pv=30|64,23,244449.4,-109810.5,24551.2,8824918088.4,144698,-7205.1|sig=267|act=67|drop=0
2026-09-19T17:31:02.312Z n=267 act=67 days=57 best=2677 AUD|SILVER1!|5|from=1764806400000|last=1771521600000|nD=55|pv=30|64,23,244449.4,-109810.5,24551.2,8824918088.4,144698,-7205.1|sig=267|act=67|drop=0
2026-09-19T17:32:02.394Z n=267 act=67 days=57 best=2677 AUD|SILVER1!|5|from=1764806400000|last=1771521600000|nD=55|pv=30|64,23,244449.4,-109810.5,24551.2,8824918088.4,144698,-7205.1|sig=267|act=67|drop=0
2026-09-19T17:33:02.467Z n=267 act=67 days=57 best=2677 AUD|SILVER1!|5|from=1764806400000|last=1771521600000|nD=55|pv=30|64,23,244449.4,-109810.5,24551.2,8824918088.4,144698,-7205.1|sig=267|act=67|drop=0
2026-09-19T17:34:02.539Z n=267 act=67 days=57 best=2677 AUD|SILVER1!|5|from=1764806400000|last=1771521600000|nD=55|pv=30|64,23,244449.4,-109810.5,24551.2,8824918088.4,144698,-7205.1|sig=267|act=67|drop=0
2026-09-19T17:35:02.615Z n=267 act=67 days=57 best=2677 AUD|SILVER1!|5|from=1764806400000|last=1771521600000|nD=55|pv=30|64,23,244449.4,-109810.5,24551.2,8824918088.4,144698,-7205.1|sig=267|act=67|drop=0
2026-09-19T17:36:02.669Z n=267 act=67 days=57 best=2677 AUD|SILVER1!|5|from=1764806400000|last=1771521600000|nD=55|pv=30|64,23,244449.4,-109810.5,24551.2,8824918088.4,144698,-7205.1|sig=267|act=67|drop=0
2026-09-19T17:37:02.741Z n=267 act=67 days=57 best=2677 AUD|SILVER1!|5|from=1764806400000|last=1771521600000|nD=55|pv=30|64,23,244449.4,-109810.5,24551.2,8824918088.4,144698,-7205.1|sig=267|act=67|drop=0
2026-09-19T17:38:02.845Z n=267 act=67 days=57 best=2677 AUD|SILVER1!|5|from=1764806400000|last=1771521600000|nD=55|pv=30|64,23,244449.4,-109810.5,24551.2,8824918088.4,144698,-7205.1|sig=267|act=67|drop=0
2026-09-19T17:39:02.912Z n=267 act=67 days=57 best=2677 AUD|SILVER1!|5|from=1764806400000|last=1771521600000|nD=55|pv=30|64,23,244449.4,-109810.5,24551.2,8824918088.4,144698,-7205.1|sig=267|act=67|drop=0
2026-09-19T17:40:03.010Z n=267 act=67 days=57 best=2677 AUD|SILVER1!|5|from=1764806400000|last=1771521600000|nD=55|pv=30|64,23,244449.4,-109810.5,24551.2,8824918088.4,144698,-7205.1|sig=267|act=67|drop=0
2026-09-19T17:41:03.127Z n=267 act=67 days=57 best=2677 AUD|SILVER1!|5|from=1764806400000|last=1771521600000|nD=55|pv=30|64,23,244449.4,-109810.5,24551.2,8824918088.4,144698,-7205.1|sig=267|act=67|drop=0
2026-09-19T17:42:03.192Z n=267 act=67 days=57 best=2677 AUD|SILVER1!|5|from=1764806400000|last=1771521600000|nD=55|pv=30|64,23,244449.4,-109810.5,24551.2,8824918088.4,144698,-7205.1|sig=267|act=67|drop=0
2026-09-19T17:43:03.264Z n=267 act=67 days=57 best=2677 AUD|SILVER1!|5|from=1764806400000|last=1771521600000|nD=55|pv=30|64,23,244449.4,-109810.5,24551.2,8824918088.4,144698,-7205.1|sig=267|act=67|drop=0
2026-09-19T17:44:03.333Z n=267 act=67 days=57 best=2677 AUD|SILVER1!|5|from=1764806400000|last=1771521600000|nD=55|pv=30|64,23,244449.4,-109810.5,24551.2,8824918088.4,144698,-7205.1|sig=267|act=67|drop=0
2026-09-19T17:45:03.388Z n=267 act=67 days=57 best=2677 AUD|SILVER1!|5|from=1764806400000|last=1771521600000|nD=55|pv=30|64,23,244449.4,-109810.5,24551.2,8824918088.4,144698,-7205.1|sig=267|act=67|drop=0
2026-09-19T17:46:03.494Z n=267 act=67 days=57 best=2677 AUD|SILVER1!|5|from=1764806400000|last=1771521600000|nD=55|pv=30|64,23,244449.4,-109810.5,24551.2,8824918088.4,144698,-7205.1|sig=267|act=67|drop=0
2026-09-19T17:47:03.591Z n=267 act=67 days=57 best=2677 AUD|SILVER1!|5|from=1764806400000|last=1771521600000|nD=55|pv=30|64,23,244449.4,-109810.5,24551.2,8824918088.4,144698,-7205.1|sig=267|act=67|drop=0
2026-09-19T17:48:03.661Z n=267 act=67 days=57 best=2677 AUD|SILVER1!|5|from=1764806400000|last=1771521600000|nD=55|pv=30|64,23,244449.4,-109810.5,24551.2,8824918088.4,144698,-7205.1|sig=267|act=67|drop=0
2026-09-19T17:49:03.750Z n=267 act=67 days=57 best=2677 AUD|SILVER1!|5|from=1764806400000|last=1771521600000|nD=55|pv=30|64,23,244449.4,-109810.5,24551.2,8824918088.4,144698,-7205.1|sig=267|act=67|drop=0
2026-09-19T17:50:03.852Z n=267 act=67 days=57 best=2677 AUD|SILVER1!|5|from=1764806400000|last=1771521600000|nD=55|pv=30|64,23,244449.4,-109810.5,24551.2,8824918088.4,144698,-7205.1|sig=267|act=67|drop=0
2026-09-19T17:51:03.967Z n=267 act=67 days=57 best=2677 AUD|SILVER1!|5|from=1764806400000|last=1771521600000|nD=55|pv=30|64,23,244449.4,-109810.5,24551.2,8824918088.4,144698,-7205.1|sig=267|act=67|drop=0
2026-09-19T17:52:04.053Z n=267 act=67 days=57 best=2677 AUD|SILVER1!|5|from=1764806400000|last=1771521600000|nD=55|pv=30|64,23,244449.4,-109810.5,24551.2,8824918088.4,144698,-7205.1|sig=267|act=67|drop=0
2026-09-19T17:53:04.134Z n=267 act=67 days=57 best=2677 AUD|SILVER1!|5|from=1764806400000|last=1771521600000|nD=55|pv=30|64,23,244449.4,-109810.5,24551.2,8824918088.4,144698,-7205.1|sig=267|act=67|drop=0
2026-09-19T17:54:04.215Z n=267 act=67 days=57 best=2677 AUD|SILVER1!|5|from=1764806400000|last=1771521600000|nD=55|pv=30|64,23,244449.4,-109810.5,24551.2,8824918088.4,144698,-7205.1|sig=267|act=67|drop=0
2026-09-19T17:55:04.278Z n=267 act=67 days=57 best=2677 AUD|SILVER1!|5|from=1764806400000|last=1771521600000|nD=55|pv=30|64,23,244449.4,-109810.5,24551.2,8824918088.4,144698,-7205.1|sig=267|act=67|drop=0
2026-09-19T17:56:04.390Z n=267 act=67 days=57 best=2677 AUD|SILVER1!|5|from=1764806400000|last=1771521600000|nD=55|pv=30|64,23,244449.4,-109810.5,24551.2,8824918088.4,144698,-7205.1|sig=267|act=67|drop=0
2026-09-19T17:57:04.487Z n=267 act=67 days=57 best=2677 AUD|SILVER1!|5|from=1764806400000|last=1771521600000|nD=55|pv=30|64,23,244449.4,-109810.5,24551.2,8824918088.4,144698,-7205.1|sig=267|act=67|drop=0
2026-09-19T17:58:04.617Z n=267 act=67 days=57 best=2677 AUD|SILVER1!|5|from=1764806400000|last=1771521600000|nD=55|pv=30|64,23,244449.4,-109810.5,24551.2,8824918088.4,144698,-7205.1|sig=267|act=67|drop=0
2026-09-19T17:59:04.750Z n=267 act=67 days=57 best=2677 AUD|SILVER1!|5|from=1764806400000|last=1771521600000|nD=55|pv=30|64,23,244449.4,-109810.5,24551.2,8824918088.4,144698,-7205.1|sig=267|act=67|drop=0
2026-09-19T18:00:04.823Z n=267 act=67 days=57 best=2677 AUD|SILVER1!|5|from=1764806400000|last=1771521600000|nD=55|pv=30|64,23,244449.4,-109810.5,24551.2,8824918088.4,144698,-7205.1|sig=267|act=67|drop=0
2026-09-19T18:01:04.884Z n=267 act=67 days=57 best=2677 AUD|SILVER1!|5|from=1764806400000|last=1771521600000|nD=55|pv=30|64,23,244449.4,-109810.5,24551.2,8824918088.4,144698,-7205.1|sig=267|act=67|drop=0
2026-09-19T18:02:05.171Z n=267 act=67 days=57 best=2677 AUD|SILVER1!|5|from=1764806400000|last=1771521600000|nD=55|pv=30|64,23,244449.4,-109810.5,24551.2,8824918088.4,144698,-7205.1|sig=267|act=67|drop=0
2026-09-19T18:03:05.249Z n=267 act=67 days=57 best=2677 AUD|SILVER1!|5|from=1764806400000|last=1771521600000|nD=55|pv=30|64,23,244449.4,-109810.5,24551.2,8824918088.4,144698,-7205.1|sig=267|act=67|drop=0
2026-09-19T18:04:05.473Z n=267 act=67 days=57 best=2677 AUD|SILVER1!|5|from=1764806400000|last=1771521600000|nD=55|pv=30|64,23,244449.4,-109810.5,24551.2,8824918088.4,144698,-7205.1|sig=267|act=67|drop=0
2026-09-19T18:05:05.662Z n=267 act=67 days=57 best=2677 AUD|SILVER1!|5|from=1764806400000|last=1771521600000|nD=55|pv=30|64,23,244449.4,-109810.5,24551.2,8824918088.4,144698,-7205.1|sig=267|act=67|drop=0
2026-09-19T18:06:05.783Z n=267 act=67 days=57 best=2677 AUD|SILVER1!|5|from=1764806400000|last=1771521600000|nD=55|pv=30|64,23,244449.4,-109810.5,24551.2,8824918088.4,144698,-7205.1|sig=267|act=67|drop=0
2026-09-19T18:07:05.885Z n=267 act=67 days=57 best=2677 AUD|SILVER1!|5|from=1764806400000|last=1771521600000|nD=55|pv=30|64,23,244449.4,-109810.5,24551.2,8824918088.4,144698,-7205.1|sig=267|act=67|drop=0
2026-09-19T18:08:05.981Z n=267 act=67 days=57 best=2677 AUD|SILVER1!|5|from=1764806400000|last=1771521600000|nD=55|pv=30|64,23,244449.4,-109810.5,24551.2,8824918088.4,144698,-7205.1|sig=267|act=67|drop=0
2026-09-19T18:09:06.063Z n=267 act=67 days=57 best=2677 AUD|SILVER1!|5|from=1764806400000|last=1771521600000|nD=55|pv=30|64,23,244449.4,-109810.5,24551.2,8824918088.4,144698,-7205.1|sig=267|act=67|drop=0
2026-09-19T18:10:06.144Z n=267 act=67 days=57 best=2677 AUD|SILVER1!|5|from=1764806400000|last=1771521600000|nD=55|pv=30|64,23,244449.4,-109810.5,24551.2,8824918088.4,144698,-7205.1|sig=267|act=67|drop=0
2026-09-19T18:11:06.229Z n=267 act=67 days=57 best=2677 AUD|SILVER1!|5|from=1764806400000|last=1771521600000|nD=55|pv=30|64,23,244449.4,-109810.5,24551.2,8824918088.4,144698,-7205.1|sig=267|act=67|drop=0
2026-09-19T18:12:06.322Z n=267 act=67 days=57 best=2677 AUD|SILVER1!|5|from=1764806400000|last=1771521600000|nD=55|pv=30|64,23,244449.4,-109810.5,24551.2,8824918088.4,144698,-7205.1|sig=267|act=67|drop=0
2026-09-19T18:13:06.413Z n=267 act=67 days=57 best=2677 AUD|SILVER1!|5|from=1764806400000|last=1771521600000|nD=55|pv=30|64,23,244449.4,-109810.5,24551.2,8824918088.4,144698,-7205.1|sig=267|act=67|drop=0
2026-09-19T18:14:06.501Z n=267 act=67 days=57 best=2677 AUD|SILVER1!|5|from=1764806400000|last=1771521600000|nD=55|pv=30|64,23,244449.4,-109810.5,24551.2,8824918088.4,144698,-7205.1|sig=267|act=67|drop=0
2026-09-19T18:15:06.588Z n=267 act=67 days=57 best=2677 AUD|SILVER1!|5|from=1764806400000|last=1771521600000|nD=55|pv=30|64,23,244449.4,-109810.5,24551.2,8824918088.4,144698,-7205.1|sig=267|act=67|drop=0
2026-09-19T18:16:06.658Z n=267 act=67 days=57 best=2677 AUD|SILVER1!|5|from=1764806400000|last=1771521600000|nD=55|pv=30|64,23,244449.4,-109810.5,24551.2,8824918088.4,144698,-7205.1|sig=267|act=67|drop=0
2026-09-19T18:17:06.789Z n=267 act=67 days=57 best=2677 AUD|SILVER1!|5|from=1764806400000|last=1771521600000|nD=55|pv=30|64,23,244449.4,-109810.5,24551.2,8824918088.4,144698,-7205.1|sig=267|act=67|drop=0
2026-09-19T18:18:06.909Z n=267 act=67 days=57 best=2677 AUD|SILVER1!|5|from=1764806400000|last=1771521600000|nD=55|pv=30|64,23,244449.4,-109810.5,24551.2,8824918088.4,144698,-7205.1|sig=267|act=67|drop=0
2026-09-19T18:19:07.192Z n=267 act=67 days=57 best=2677 AUD|SILVER1!|5|from=1764806400000|last=1771521600000|nD=55|pv=30|64,23,244449.4,-109810.5,24551.2,8824918088.4,144698,-7205.1|sig=267|act=67|drop=0
2026-09-19T18:20:07.301Z n=267 act=67 days=57 best=2677 AUD|SILVER1!|5|from=1764806400000|last=1771521600000|nD=55|pv=30|64,23,244449.4,-109810.5,24551.2,8824918088.4,144698,-7205.1|sig=267|act=67|drop=0
2026-09-19T18:21:07.393Z n=267 act=67 days=57 best=2677 AUD|SILVER1!|5|from=1764806400000|last=1771521600000|nD=55|pv=30|64,23,244449.4,-109810.5,24551.2,8824918088.4,144698,-7205.1|sig=267|act=67|drop=0
2026-09-19T18:22:07.486Z n=267 act=67 days=57 best=2677 AUD|SILVER1!|5|from=1764806400000|last=1771521600000|nD=55|pv=30|64,23,244449.4,-109810.5,24551.2,8824918088.4,144698,-7205.1|sig=267|act=67|drop=0
2026-09-19T18:23:07.554Z n=267 act=67 days=57 best=2677 AUD|SILVER1!|5|from=1764806400000|last=1771521600000|nD=55|pv=30|64,23,244449.4,-109810.5,24551.2,8824918088.4,144698,-7205.1|sig=267|act=67|drop=0
2026-09-19T18:24:07.635Z n=267 act=67 days=57 best=2677 AUD|SILVER1!|5|from=1764806400000|last=1771521600000|nD=55|pv=30|64,23,244449.4,-109810.5,24551.2,8824918088.4,144698,-7205.1|sig=267|act=67|drop=0
2026-09-19T18:25:07.730Z n=267 act=67 days=57 best=2677 AUD|SILVER1!|5|from=1764806400000|last=1771521600000|nD=55|pv=30|64,23,244449.4,-109810.5,24551.2,8824918088.4,144698,-7205.1|sig=267|act=67|drop=0
2026-09-19T18:26:07.793Z n=267 act=67 days=57 best=2677 AUD|SILVER1!|5|from=1764806400000|last=1771521600000|nD=55|pv=30|64,23,244449.4,-109810.5,24551.2,8824918088.4,144698,-7205.1|sig=267|act=67|drop=0
2026-09-19T18:27:07.893Z n=267 act=67 days=57 best=2677 AUD|SILVER1!|5|from=1764806400000|last=1771521600000|nD=55|pv=30|64,23,244449.4,-109810.5,24551.2,8824918088.4,144698,-7205.1|sig=267|act=67|drop=0
2026-09-19T18:28:07.972Z n=267 act=67 days=57 best=2677 AUD|SILVER1!|5|from=1764806400000|last=1771521600000|nD=55|pv=30|64,23,244449.4,-109810.5,24551.2,8824918088.4,144698,-7205.1|sig=267|act=67|drop=0
2026-09-19T18:29:08.050Z n=267 act=67 days=57 best=2677 AUD|SILVER1!|5|from=1764806400000|last=1771521600000|nD=55|pv=30|64,23,244449.4,-109810.5,24551.2,8824918088.4,144698,-7205.1|sig=267|act=67|drop=0
2026-09-19T18:30:08.231Z n=267 act=67 days=57 best=2677 AUD|SILVER1!|5|from=1764806400000|last=1771521600000|nD=55|pv=30|64,23,244449.4,-109810.5,24551.2,8824918088.4,144698,-7205.1|sig=267|act=67|drop=0
2026-09-19T18:31:08.390Z n=267 act=67 days=57 best=2677 AUD|SILVER1!|5|from=1764806400000|last=1771521600000|nD=55|pv=30|64,23,244449.4,-109810.5,24551.2,8824918088.4,144698,-7205.1|sig=267|act=67|drop=0
2026-09-19T18:32:08.543Z n=267 act=67 days=57 best=2677 AUD|SILVER1!|5|from=1764806400000|last=1771521600000|nD=55|pv=30|64,23,244449.4,-109810.5,24551.2,8824918088.4,144698,-7205.1|sig=267|act=67|drop=0
2026-09-19T18:33:08.597Z n=267 act=67 days=57 best=2677 AUD|SILVER1!|5|from=1764806400000|last=1771521600000|nD=55|pv=30|64,23,244449.4,-109810.5,24551.2,8824918088.4,144698,-7205.1|sig=267|act=67|drop=0
2026-09-19T18:34:08.694Z n=267 act=67 days=57 best=2677 AUD|SILVER1!|5|from=1764806400000|last=1771521600000|nD=55|pv=30|64,23,244449.4,-109810.5,24551.2,8824918088.4,144698,-7205.1|sig=267|act=67|drop=0
2026-09-19T18:35:08.820Z n=267 act=67 days=57 best=2677 AUD|SILVER1!|5|from=1764806400000|last=1771521600000|nD=55|pv=30|64,23,244449.4,-109810.5,24551.2,8824918088.4,144698,-7205.1|sig=267|act=67|drop=0
2026-09-19T18:36:08.921Z n=267 act=67 days=57 best=2677 AUD|SILVER1!|5|from=1764806400000|last=1771521600000|nD=55|pv=30|64,23,244449.4,-109810.5,24551.2,8824918088.4,144698,-7205.1|sig=267|act=67|drop=0
2026-09-19T18:37:09.100Z n=267 act=67 days=57 best=2677 AUD|SILVER1!|5|from=1764806400000|last=1771521600000|nD=55|pv=30|64,23,244449.4,-109810.5,24551.2,8824918088.4,144698,-7205.1|sig=267|act=67|drop=0
2026-09-19T18:38:09.208Z n=267 act=67 days=57 best=2677 AUD|SILVER1!|5|from=1764806400000|last=1771521600000|nD=55|pv=30|64,23,244449.4,-109810.5,24551.2,8824918088.4,144698,-7205.1|sig=267|act=67|drop=0
2026-09-19T18:39:09.295Z n=267 act=67 days=57 best=2677 AUD|SILVER1!|5|from=1764806400000|last=1771521600000|nD=55|pv=30|64,23,244449.4,-109810.5,24551.2,8824918088.4,144698,-7205.1|sig=267|act=67|drop=0
2026-09-19T18:40:09.373Z n=267 act=67 days=57 best=2677 AUD|SILVER1!|5|from=1764806400000|last=1771521600000|nD=55|pv=30|64,23,244449.4,-109810.5,24551.2,8824918088.4,144698,-7205.1|sig=267|act=67|drop=0
2026-09-19T18:41:09.461Z n=267 act=67 days=57 best=2677 AUD|SILVER1!|5|from=1764806400000|last=1771521600000|nD=55|pv=30|64,23,244449.4,-109810.5,24551.2,8824918088.4,144698,-7205.1|sig=267|act=67|drop=0
2026-09-19T18:42:09.551Z n=267 act=67 days=57 best=2677 AUD|SILVER1!|5|from=1764806400000|last=1771521600000|nD=55|pv=30|64,23,244449.4,-109810.5,24551.2,8824918088.4,144698,-7205.1|sig=267|act=67|drop=0
2026-09-19T18:43:09.613Z n=267 act=67 days=57 best=2677 AUD|SILVER1!|5|from=1764806400000|last=1771521600000|nD=55|pv=30|64,23,244449.4,-109810.5,24551.2,8824918088.4,144698,-7205.1|sig=267|act=67|drop=0
2026-09-19T18:44:09.783Z n=267 act=67 days=57 best=2677 AUD|SILVER1!|5|from=1764806400000|last=1771521600000|nD=55|pv=30|64,23,244449.4,-109810.5,24551.2,8824918088.4,144698,-7205.1|sig=267|act=67|drop=0
2026-09-19T18:45:09.989Z n=267 act=67 days=57 best=2677 AUD|SILVER1!|5|from=1764806400000|last=1771521600000|nD=55|pv=30|64,23,244449.4,-109810.5,24551.2,8824918088.4,144698,-7205.1|sig=267|act=67|drop=0
2026-09-19T18:46:10.085Z n=267 act=67 days=57 best=2677 AUD|SILVER1!|5|from=1764806400000|last=1771521600000|nD=55|pv=30|64,23,244449.4,-109810.5,24551.2,8824918088.4,144698,-7205.1|sig=267|act=67|drop=0
2026-09-19T18:47:10.136Z n=267 act=67 days=57 best=2677 AUD|SILVER1!|5|from=1764806400000|last=1771521600000|nD=55|pv=30|64,23,244449.4,-109810.5,24551.2,8824918088.4,144698,-7205.1|sig=267|act=67|drop=0
2026-09-19T18:48:10.216Z n=267 act=67 days=57 best=2677 AUD|SILVER1!|5|from=1764806400000|last=1771521600000|nD=55|pv=30|64,23,244449.4,-109810.5,24551.2,8824918088.4,144698,-7205.1|sig=267|act=67|drop=0
2026-09-19T18:49:10.325Z n=267 act=67 days=57 best=2677 AUD|SILVER1!|5|from=1764806400000|last=1771521600000|nD=55|pv=30|64,23,244449.4,-109810.5,24551.2,8824918088.4,144698,-7205.1|sig=267|act=67|drop=0
2026-09-19T18:50:10.414Z n=267 act=67 days=57 best=2677 AUD|SILVER1!|5|from=1764806400000|last=1771521600000|nD=55|pv=30|64,23,244449.4,-109810.5,24551.2,8824918088.4,144698,-7205.1|sig=267|act=67|drop=0
2026-09-19T18:51:10.514Z n=267 act=67 days=57 best=2677 AUD|SILVER1!|5|from=1764806400000|last=1771521600000|nD=55|pv=30|64,23,244449.4,-109810.5,24551.2,8824918088.4,144698,-7205.1|sig=267|act=67|drop=0
2026-09-19T18:52:10.579Z n=267 act=67 days=57 best=2677 AUD|SILVER1!|5|from=1764806400000|last=1771521600000|nD=55|pv=30|64,23,244449.4,-109810.5,24551.2,8824918088.4,144698,-7205.1|sig=267|act=67|drop=0
2026-09-19T18:53:10.647Z n=267 act=67 days=57 best=2677 AUD|SILVER1!|5|from=1764806400000|last=1771521600000|nD=55|pv=30|64,23,244449.4,-109810.5,24551.2,8824918088.4,144698,-7205.1|sig=267|act=67|drop=0
2026-09-19T18:54:10.730Z n=267 act=67 days=57 best=2677 AUD|SILVER1!|5|from=1764806400000|last=1771521600000|nD=55|pv=30|64,23,244449.4,-109810.5,24551.2,8824918088.4,144698,-7205.1|sig=267|act=67|drop=0
2026-09-19T18:55:10.784Z n=267 act=67 days=57 best=2677 AUD|SILVER1!|5|from=1764806400000|last=1771521600000|nD=55|pv=30|64,23,244449.4,-109810.5,24551.2,8824918088.4,144698,-7205.1|sig=267|act=67|drop=0
2026-09-19T18:56:10.866Z n=267 act=67 days=57 best=2677 AUD|SILVER1!|5|from=1764806400000|last=1771521600000|nD=55|pv=30|64,23,244449.4,-109810.5,24551.2,8824918088.4,144698,-7205.1|sig=267|act=67|drop=0
2026-09-19T18:57:10.977Z n=267 act=67 days=57 best=2677 AUD|SILVER1!|5|from=1764806400000|last=1771521600000|nD=55|pv=30|64,23,244449.4,-109810.5,24551.2,8824918088.4,144698,-7205.1|sig=267|act=67|drop=0
2026-09-19T18:58:11.303Z n=267 act=67 days=57 best=2677 AUD|SILVER1!|5|from=1764806400000|last=1771521600000|nD=55|pv=30|64,23,244449.4,-109810.5,24551.2,8824918088.4,144698,-7205.1|sig=267|act=67|drop=0
2026-09-19T18:59:11.417Z n=267 act=67 days=57 best=2677 AUD|SILVER1!|5|from=1764806400000|last=1771521600000|nD=55|pv=30|64,23,244449.4,-109810.5,24551.2,8824918088.4,144698,-7205.1|sig=267|act=67|drop=0
2026-09-19T19:00:11.506Z n=267 act=67 days=57 best=2677 AUD|SILVER1!|5|from=1764806400000|last=1771521600000|nD=55|pv=30|64,23,244449.4,-109810.5,24551.2,8824918088.4,144698,-7205.1|sig=267|act=67|drop=0
2026-09-19T19:01:11.567Z n=267 act=67 days=57 best=2677 AUD|SILVER1!|5|from=1764806400000|last=1771521600000|nD=55|pv=30|64,23,244449.4,-109810.5,24551.2,8824918088.4,144698,-7205.1|sig=267|act=67|drop=0
2026-09-19T19:02:11.669Z n=267 act=67 days=57 best=2677 AUD|SILVER1!|5|from=1764806400000|last=1771521600000|nD=55|pv=30|64,23,244449.4,-109810.5,24551.2,8824918088.4,144698,-7205.1|sig=267|act=67|drop=0
2026-09-19T19:03:11.798Z n=267 act=67 days=57 best=2677 AUD|SILVER1!|5|from=1764806400000|last=1771521600000|nD=55|pv=30|64,23,244449.4,-109810.5,24551.2,8824918088.4,144698,-7205.1|sig=267|act=67|drop=0
2026-09-19T19:04:11.861Z n=267 act=67 days=57 best=2677 AUD|SILVER1!|5|from=1764806400000|last=1771521600000|nD=55|pv=30|64,23,244449.4,-109810.5,24551.2,8824918088.4,144698,-7205.1|sig=267|act=67|drop=0
2026-09-19T19:05:11.962Z n=267 act=67 days=57 best=2677 AUD|SILVER1!|5|from=1764806400000|last=1771521600000|nD=55|pv=30|64,23,244449.4,-109810.5,24551.2,8824918088.4,144698,-7205.1|sig=267|act=67|drop=0
2026-09-19T19:06:12.080Z n=267 act=67 days=57 best=2677 AUD|SILVER1!|5|from=1764806400000|last=1771521600000|nD=55|pv=30|64,23,244449.4,-109810.5,24551.2,8824918088.4,144698,-7205.1|sig=267|act=67|drop=0
2026-09-19T19:07:12.192Z n=267 act=67 days=57 best=2677 AUD|SILVER1!|5|from=1764806400000|last=1771521600000|nD=55|pv=30|64,23,244449.4,-109810.5,24551.2,8824918088.4,144698,-7205.1|sig=267|act=67|drop=0
2026-09-19T19:08:12.316Z n=267 act=67 days=57 best=2677 AUD|SILVER1!|5|from=1764806400000|last=1771521600000|nD=55|pv=30|64,23,244449.4,-109810.5,24551.2,8824918088.4,144698,-7205.1|sig=267|act=67|drop=0
2026-09-19T19:09:12.375Z n=267 act=67 days=57 best=2677 AUD|SILVER1!|5|from=1764806400000|last=1771521600000|nD=55|pv=30|64,23,244449.4,-109810.5,24551.2,8824918088.4,144698,-7205.1|sig=267|act=67|drop=0
2026-09-19T19:10:12.469Z n=267 act=67 days=57 best=2677 AUD|SILVER1!|5|from=1764806400000|last=1771521600000|nD=55|pv=30|64,23,244449.4,-109810.5,24551.2,8824918088.4,144698,-7205.1|sig=267|act=67|drop=0
2026-09-19T19:11:12.562Z n=267 act=67 days=57 best=2677 AUD|SILVER1!|5|from=1764806400000|last=1771521600000|nD=55|pv=30|64,23,244449.4,-109810.5,24551.2,8824918088.4,144698,-7205.1|sig=267|act=67|drop=0
2026-09-19T19:12:12.745Z n=267 act=67 days=57 best=2677 AUD|SILVER1!|5|from=1764806400000|last=1771521600000|nD=55|pv=30|64,23,244449.4,-109810.5,24551.2,8824918088.4,144698,-7205.1|sig=267|act=67|drop=0
2026-09-19T19:13:12.793Z n=267 act=67 days=57 best=2677 AUD|SILVER1!|5|from=1764806400000|last=1771521600000|nD=55|pv=30|64,23,244449.4,-109810.5,24551.2,8824918088.4,144698,-7205.1|sig=267|act=67|drop=0
2026-09-19T19:14:12.907Z n=267 act=67 days=57 best=2677 AUD|SILVER1!|5|from=1764806400000|last=1771521600000|nD=55|pv=30|64,23,244449.4,-109810.5,24551.2,8824918088.4,144698,-7205.1|sig=267|act=67|drop=0
2026-09-19T19:15:12.956Z n=267 act=67 days=57 best=2677 AUD|SILVER1!|5|from=1764806400000|last=1771521600000|nD=55|pv=30|64,23,244449.4,-109810.5,24551.2,8824918088.4,144698,-7205.1|sig=267|act=67|drop=0
2026-09-19T19:16:13.046Z n=267 act=67 days=57 best=2677 AUD|SILVER1!|5|from=1764806400000|last=1771521600000|nD=55|pv=30|64,23,244449.4,-109810.5,24551.2,8824918088.4,144698,-7205.1|sig=267|act=67|drop=0
2026-09-19T19:17:13.145Z n=267 act=67 days=57 best=2677 AUD|SILVER1!|5|from=1764806400000|last=1771521600000|nD=55|pv=30|64,23,244449.4,-109810.5,24551.2,8824918088.4,144698,-7205.1|sig=267|act=67|drop=0
2026-09-19T19:18:13.233Z n=267 act=67 days=57 best=2677 AUD|SILVER1!|5|from=1764806400000|last=1771521600000|nD=55|pv=30|64,23,244449.4,-109810.5,24551.2,8824918088.4,144698,-7205.1|sig=267|act=67|drop=0
2026-09-19T19:19:13.320Z n=267 act=67 days=57 best=2677 AUD|SILVER1!|5|from=1764806400000|last=1771521600000|nD=55|pv=30|64,23,244449.4,-109810.5,24551.2,8824918088.4,144698,-7205.1|sig=267|act=67|drop=0
2026-09-19T19:20:13.404Z n=267 act=67 days=57 best=2677 AUD|SILVER1!|5|from=1764806400000|last=1771521600000|nD=55|pv=30|64,23,244449.4,-109810.5,24551.2,8824918088.4,144698,-7205.1|sig=267|act=67|drop=0
2026-09-19T19:21:13.483Z n=267 act=67 days=57 best=2677 AUD|SILVER1!|5|from=1764806400000|last=1771521600000|nD=55|pv=30|64,23,244449.4,-109810.5,24551.2,8824918088.4,144698,-7205.1|sig=267|act=67|drop=0
2026-09-19T19:22:13.587Z n=267 act=67 days=57 best=2677 AUD|SILVER1!|5|from=1764806400000|last=1771521600000|nD=55|pv=30|64,23,244449.4,-109810.5,24551.2,8824918088.4,144698,-7205.1|sig=267|act=67|drop=0
2026-09-19T19:23:13.634Z n=267 act=67 days=57 best=2677 AUD|SILVER1!|5|from=1764806400000|last=1771521600000|nD=55|pv=30|64,23,244449.4,-109810.5,24551.2,8824918088.4,144698,-7205.1|sig=267|act=67|drop=0
2026-09-19T19:24:13.714Z n=267 act=67 days=57 best=2677 AUD|SILVER1!|5|from=1764806400000|last=1771521600000|nD=55|pv=30|64,23,244449.4,-109810.5,24551.2,8824918088.4,144698,-7205.1|sig=267|act=67|drop=0
2026-09-19T19:25:13.965Z n=267 act=67 days=57 best=2677 AUD|SILVER1!|5|from=1764806400000|last=1771521600000|nD=55|pv=30|64,23,244449.4,-109810.5,24551.2,8824918088.4,144698,-7205.1|sig=267|act=67|drop=0
2026-09-19T19:26:14.081Z n=267 act=67 days=57 best=2677 AUD|SILVER1!|5|from=1764806400000|last=1771521600000|nD=55|pv=30|64,23,244449.4,-109810.5,24551.2,8824918088.4,144698,-7205.1|sig=267|act=67|drop=0
2026-09-19T19:27:14.135Z n=267 act=67 days=57 best=2677 AUD|SILVER1!|5|from=1764806400000|last=1771521600000|nD=55|pv=30|64,23,244449.4,-109810.5,24551.2,8824918088.4,144698,-7205.1|sig=267|act=67|drop=0
2026-09-19T19:28:14.197Z n=267 act=67 days=57 best=2677 AUD|SILVER1!|5|from=1764806400000|last=1771521600000|nD=55|pv=30|64,23,244449.4,-109810.5,24551.2,8824918088.4,144698,-7205.1|sig=267|act=67|drop=0
2026-09-19T19:29:14.284Z n=267 act=67 days=57 best=2677 AUD|SILVER1!|5|from=1764806400000|last=1771521600000|nD=55|pv=30|64,23,244449.4,-109810.5,24551.2,8824918088.4,144698,-7205.1|sig=267|act=67|drop=0
2026-09-19T19:30:14.369Z n=267 act=67 days=57 best=2677 AUD|SILVER1!|5|from=1764806400000|last=1771521600000|nD=55|pv=30|64,23,244449.4,-109810.5,24551.2,8824918088.4,144698,-7205.1|sig=267|act=67|drop=0
2026-09-19T19:31:14.410Z n=267 act=67 days=57 best=2677 AUD|SILVER1!|5|from=1764806400000|last=1771521600000|nD=55|pv=30|64,23,244449.4,-109810.5,24551.2,8824918088.4,144698,-7205.1|sig=267|act=67|drop=0
2026-09-19T19:32:14.478Z n=267 act=67 days=57 best=2677 AUD|SILVER1!|5|from=1764806400000|last=1771521600000|nD=55|pv=30|64,23,244449.4,-109810.5,24551.2,8824918088.4,144698,-7205.1|sig=267|act=67|drop=0
2026-09-19T19:33:14.584Z n=267 act=67 days=57 best=2677 AUD|SILVER1!|5|from=1764806400000|last=1771521600000|nD=55|pv=30|64,23,244449.4,-109810.5,24551.2,8824918088.4,144698,-7205.1|sig=267|act=67|drop=0
2026-09-19T19:34:14.628Z n=267 act=67 days=57 best=2677 AUD|SILVER1!|5|from=1764806400000|last=1771521600000|nD=55|pv=30|64,23,244449.4,-109810.5,24551.2,8824918088.4,144698,-7205.1|sig=267|act=67|drop=0
2026-09-19T19:35:14.703Z n=267 act=67 days=57 best=2677 AUD|SILVER1!|5|from=1764806400000|last=1771521600000|nD=55|pv=30|64,23,244449.4,-109810.5,24551.2,8824918088.4,144698,-7205.1|sig=267|act=67|drop=0
2026-09-19T19:36:14.772Z n=267 act=67 days=57 best=2677 AUD|SILVER1!|5|from=1764806400000|last=1771521600000|nD=55|pv=30|64,23,244449.4,-109810.5,24551.2,8824918088.4,144698,-7205.1|sig=267|act=67|drop=0
2026-09-19T19:37:14.818Z n=267 act=67 days=57 best=2677 AUD|SILVER1!|5|from=1764806400000|last=1771521600000|nD=55|pv=30|64,23,244449.4,-109810.5,24551.2,8824918088.4,144698,-7205.1|sig=267|act=67|drop=0
2026-09-19T19:38:14.935Z n=267 act=67 days=57 best=2677 AUD|SILVER1!|5|from=1764806400000|last=1771521600000|nD=55|pv=30|64,23,244449.4,-109810.5,24551.2,8824918088.4,144698,-7205.1|sig=267|act=67|drop=0
2026-09-19T19:39:15.016Z n=0 act=0 days=0 best=2677 null
2026-09-19T19:40:15.074Z n=0 act=0 days=0 best=2677 null
2026-09-19T19:41:15.155Z n=0 act=0 days=0 best=2677 null
2026-09-19T19:42:15.223Z n=0 act=0 days=0 best=2677 null
2026-09-19T19:43:15.331Z n=0 act=0 days=0 best=2677 null
2026-09-19T19:44:15.449Z n=0 act=0 days=0 best=2677 null
2026-09-19T19:45:15.516Z n=0 act=0 days=0 best=2677 null
2026-09-19T19:46:15.580Z n=0 act=0 days=0 best=2677 null
2026-09-19T19:47:15.617Z n=0 act=0 days=0 best=2677 null
2026-09-19T19:48:15.700Z n=0 act=0 days=0 best=2677 null
2026-09-19T19:49:15.754Z n=0 act=0 days=0 best=2677 null
2026-09-19T19:50:15.856Z n=0 act=0 days=0 best=2677 null
2026-09-19T19:51:15.994Z n=0 act=0 days=0 best=2677 null
2026-09-19T19:52:16.060Z n=0 act=0 days=0 best=2677 null
2026-09-19T19:53:16.142Z n=0 act=0 days=0 best=2677 null
2026-09-19T19:54:16.272Z n=0 act=0 days=0 best=2677 null
2026-09-19T19:55:16.366Z n=0 act=0 days=0 best=2677 null
2026-09-19T19:56:16.445Z n=0 act=0 days=0 best=2677 null
2026-09-19T19:57:16.740Z n=0 act=0 days=0 best=2677 null
2026-09-19T19:58:16.851Z n=0 act=0 days=0 best=2677 null
2026-09-19T19:59:16.907Z n=0 act=0 days=0 best=2677 null
2026-09-19T20:00:16.959Z n=0 act=0 days=0 best=2677 null
2026-09-19T20:01:17.009Z n=0 act=0 days=0 best=2677 null
2026-09-19T20:02:17.205Z n=0 act=0 days=0 best=2677 null
2026-09-19T20:03:17.254Z n=0 act=0 days=0 best=2677 null
2026-09-19T20:04:17.404Z n=0 act=0 days=0 best=2677 null
2026-09-19T20:05:17.510Z n=0 act=0 days=0 best=2677 null
2026-09-19T20:06:17.587Z n=0 act=0 days=0 best=2677 null
2026-09-19T20:07:17.623Z n=0 act=0 days=0 best=2677 null
2026-09-19T20:08:17.688Z n=0 act=0 days=0 best=2677 null
2026-09-19T20:09:17.764Z n=0 act=0 days=0 best=2677 null
2026-09-19T20:10:17.876Z n=0 act=0 days=0 best=2677 null
2026-09-19T20:11:18.042Z n=0 act=0 days=0 best=2677 null
2026-09-19T20:12:18.157Z n=0 act=0 days=0 best=2677 null
2026-09-19T20:13:18.201Z n=0 act=0 days=0 best=2677 null
2026-09-19T20:14:18.290Z n=0 act=0 days=0 best=2677 null
2026-09-19T20:15:18.375Z n=0 act=0 days=0 best=2677 null
2026-09-19T20:16:18.455Z n=0 act=0 days=0 best=2677 null
2026-09-19T20:17:18.536Z n=0 act=0 days=0 best=2677 null
2026-09-19T20:18:18.579Z n=0 act=0 days=0 best=2677 null
2026-09-19T20:19:18.658Z n=0 act=0 days=0 best=2677 null
2026-09-19T20:20:18.724Z n=0 act=0 days=0 best=2677 null
2026-09-19T20:21:18.805Z n=0 act=0 days=0 best=2677 null
2026-09-19T20:22:18.866Z n=0 act=0 days=0 best=2677 null
2026-09-19T20:23:18.933Z n=0 act=0 days=0 best=2677 null
2026-09-19T20:24:19.068Z n=0 act=0 days=0 best=2677 null
2026-09-19T20:25:19.192Z n=0 act=0 days=0 best=2677 null
2026-09-19T20:26:19.258Z n=0 act=0 days=0 best=2677 null
2026-09-19T20:27:19.324Z n=0 act=0 days=0 best=2677 null
2026-09-19T20:28:19.407Z n=0 act=0 days=0 best=2677 null
2026-09-19T20:29:19.492Z n=0 act=0 days=0 best=2677 null
2026-09-19T20:30:19.580Z n=0 act=0 days=0 best=2677 null
2026-09-19T20:31:19.640Z n=0 act=0 days=0 best=2677 null
2026-09-19T20:32:19.687Z n=0 act=0 days=0 best=2677 null
2026-09-19T20:33:19.750Z n=0 act=0 days=0 best=2677 null
2026-09-19T20:34:19.823Z n=0 act=0 days=0 best=2677 null
2026-09-19T20:35:19.893Z n=0 act=0 days=0 best=2677 null
2026-09-19T20:36:19.967Z n=0 act=0 days=0 best=2677 null
2026-09-19T20:37:20.108Z n=0 act=0 days=0 best=2677 null
2026-09-19T20:38:20.160Z n=0 act=0 days=0 best=2677 null
2026-09-19T20:39:20.241Z n=0 act=0 days=0 best=2677 null
2026-09-19T20:40:20.359Z n=0 act=0 days=0 best=2677 null
2026-09-19T20:41:20.520Z n=0 act=0 days=0 best=2677 null
2026-09-19T20:42:20.575Z n=0 act=0 days=0 best=2677 null
2026-09-19T20:43:20.646Z n=0 act=0 days=0 best=2677 null
2026-09-19T20:44:20.681Z n=0 act=0 days=0 best=2677 null
2026-09-19T20:45:20.726Z n=0 act=0 days=0 best=2677 null
2026-09-19T20:46:20.784Z n=0 act=0 days=0 best=2677 null
2026-09-19T20:47:20.859Z n=0 act=0 days=0 best=2677 null
2026-09-19T20:48:20.970Z n=0 act=0 days=0 best=2677 null
2026-09-19T20:49:21.030Z n=0 act=0 days=0 best=2677 null
2026-09-19T20:50:21.115Z n=0 act=0 days=0 best=2677 null
2026-09-19T20:51:21.193Z n=0 act=0 days=0 best=2677 null
2026-09-19T20:52:21.300Z n=0 act=0 days=0 best=2677 null
2026-09-19T20:53:21.356Z n=0 act=0 days=0 best=2677 null
2026-09-19T20:54:21.397Z n=0 act=0 days=0 best=2677 null
2026-09-19T20:55:21.619Z n=0 act=0 days=0 best=2677 null
2026-09-19T20:56:21.733Z n=0 act=0 days=0 best=2677 null
2026-09-19T20:57:21.863Z n=0 act=0 days=0 best=2677 null
2026-09-19T20:58:22.086Z n=0 act=0 days=0 best=2677 null
2026-09-19T20:59:22.194Z n=0 act=0 days=0 best=2677 null
2026-09-19T21:00:22.353Z n=0 act=0 days=0 best=2677 null
2026-09-19T21:01:22.468Z n=0 act=0 days=0 best=2677 null
2026-09-19T21:02:22.579Z n=0 act=0 days=0 best=2677 null
2026-09-19T21:03:22.774Z n=0 act=0 days=0 best=2677 null
2026-09-19T21:04:22.899Z n=0 act=0 days=0 best=2677 null
2026-09-19T21:05:23.060Z n=0 act=0 days=0 best=2677 null
2026-09-19T21:06:23.200Z n=0 act=0 days=0 best=2677 null
2026-09-19T21:07:23.323Z n=0 act=0 days=0 best=2677 null
2026-09-19T21:08:23.471Z n=0 act=0 days=0 best=2677 null
2026-09-19T21:09:23.634Z n=0 act=0 days=0 best=2677 null
2026-09-19T21:10:23.782Z n=0 act=0 days=0 best=2677 null
2026-09-19T21:11:23.895Z n=0 act=0 days=0 best=2677 null
2026-09-19T21:12:23.999Z n=0 act=0 days=0 best=2677 null
2026-09-19T21:13:24.112Z n=0 act=0 days=0 best=2677 null
2026-09-19T21:14:24.251Z n=0 act=0 days=0 best=2677 null
2026-09-19T21:15:24.345Z n=0 act=0 days=0 best=2677 null
2026-09-19T21:16:24.481Z n=0 act=0 days=0 best=2677 null
2026-09-19T21:17:24.577Z n=0 act=0 days=0 best=2677 null
2026-09-19T21:18:24.678Z n=0 act=0 days=0 best=2677 null
2026-09-19T21:19:24.812Z n=0 act=0 days=0 best=2677 null
2026-09-19T21:20:24.961Z n=0 act=0 days=0 best=2677 null
2026-09-19T21:21:25.096Z n=0 act=0 days=0 best=2677 null
2026-09-19T21:22:25.204Z n=0 act=0 days=0 best=2677 null
2026-09-19T21:23:25.330Z n=0 act=0 days=0 best=2677 null
2026-09-19T21:24:25.434Z n=0 act=0 days=0 best=2677 null
2026-09-19T21:25:25.591Z n=0 act=0 days=0 best=2677 null
2026-09-19T21:26:25.675Z n=0 act=0 days=0 best=2677 null
2026-09-19T21:27:25.791Z n=0 act=0 days=0 best=2677 null
2026-09-19T21:28:25.882Z n=0 act=0 days=0 best=2677 null
2026-09-19T21:29:25.966Z n=0 act=0 days=0 best=2677 null
2026-09-19T21:30:26.143Z n=0 act=0 days=0 best=2677 null
2026-09-19T21:31:26.278Z n=0 act=0 days=0 best=2677 null
2026-09-19T21:32:26.377Z n=0 act=0 days=0 best=2677 null
2026-09-19T21:33:26.480Z n=0 act=0 days=0 best=2677 null
2026-09-19T21:34:27.212Z n=0 act=0 days=0 best=2677 null
2026-09-19T21:35:27.353Z n=0 act=0 days=0 best=2677 null
2026-09-19T21:36:27.457Z n=0 act=0 days=0 best=2677 null
2026-09-19T21:37:27.586Z n=0 act=0 days=0 best=2677 null
2026-09-19T21:38:27.758Z n=0 act=0 days=0 best=2677 null
2026-09-19T21:39:27.901Z n=0 act=0 days=0 best=2677 null
2026-09-19T21:40:27.989Z n=0 act=0 days=0 best=2677 null
2026-09-19T21:41:28.123Z n=0 act=0 days=0 best=2677 null
2026-09-19T21:42:28.269Z n=0 act=0 days=0 best=2677 null
2026-09-19T21:43:28.384Z n=0 act=0 days=0 best=2677 null
2026-09-19T21:44:28.481Z n=0 act=0 days=0 best=2677 null
2026-09-19T21:45:28.576Z n=0 act=0 days=0 best=2677 null
2026-09-19T21:46:28.694Z n=0 act=0 days=0 best=2677 null
2026-09-19T21:47:28.777Z n=0 act=0 days=0 best=2677 null
2026-09-19T21:48:28.907Z n=0 act=0 days=0 best=2677 null
2026-09-19T21:49:29.036Z n=0 act=0 days=0 best=2677 null
2026-09-19T21:50:29.282Z n=0 act=0 days=0 best=2677 null
2026-09-19T21:51:29.522Z n=0 act=0 days=0 best=2677 null
2026-09-19T21:52:29.782Z n=0 act=0 days=0 best=2677 null
2026-09-19T21:53:29.860Z n=0 act=0 days=0 best=2677 null
2026-09-19T21:54:29.987Z n=0 act=0 days=0 best=2677 null
2026-09-19T21:55:30.207Z n=0 act=0 days=0 best=2677 null
2026-09-19T21:56:30.383Z n=0 act=0 days=0 best=2677 null
2026-09-19T21:57:30.491Z n=0 act=0 days=0 best=2677 null
2026-09-19T21:58:30.614Z n=0 act=0 days=0 best=2677 null
2026-09-19T21:59:31.624Z n=0 act=0 days=0 best=2677 null
2026-09-19T22:00:31.751Z n=0 act=0 days=0 best=2677 null
2026-09-19T22:01:31.869Z n=0 act=0 days=0 best=2677 null
2026-09-19T22:02:31.970Z n=0 act=0 days=0 best=2677 null
2026-09-19T22:03:32.085Z n=0 act=0 days=0 best=2677 null
2026-09-19T22:04:32.207Z n=0 act=0 days=0 best=2677 null
2026-09-19T22:05:32.355Z n=0 act=0 days=0 best=2677 null
2026-09-19T22:06:32.442Z n=0 act=0 days=0 best=2677 null
2026-09-19T22:07:32.594Z n=0 act=0 days=0 best=2677 null
2026-09-19T22:08:32.750Z n=0 act=0 days=0 best=2677 null
2026-09-19T22:09:32.843Z n=0 act=0 days=0 best=2677 null
2026-09-19T22:10:32.954Z n=0 act=0 days=0 best=2677 null
2026-09-19T22:11:33.064Z n=0 act=0 days=0 best=2677 null
2026-09-19T22:12:33.166Z n=0 act=0 days=0 best=2677 null
2026-09-19T22:13:33.265Z n=0 act=0 days=0 best=2677 null
2026-09-19T22:14:33.348Z n=0 act=0 days=0 best=2677 null
2026-09-19T22:15:33.456Z n=0 act=0 days=0 best=2677 null
2026-09-19T22:16:33.553Z n=0 act=0 days=0 best=2677 null
2026-09-19T22:17:33.651Z n=0 act=0 days=0 best=2677 null
2026-09-19T22:18:33.745Z n=0 act=0 days=0 best=2677 null
2026-09-19T22:19:33.864Z n=0 act=0 days=0 best=2677 null
2026-09-19T22:20:34.040Z n=0 act=0 days=0 best=2677 null
2026-09-19T22:21:34.173Z n=0 act=0 days=0 best=2677 null
2026-09-19T22:22:34.296Z n=0 act=0 days=0 best=2677 null
2026-09-19T22:23:34.415Z n=0 act=0 days=0 best=2677 null
2026-09-19T22:24:34.567Z n=0 act=0 days=0 best=2677 null
2026-09-19T22:25:34.687Z n=0 act=0 days=0 best=2677 null
2026-09-19T22:26:34.845Z n=0 act=0 days=0 best=2677 null
2026-09-19T22:27:34.953Z n=0 act=0 days=0 best=2677 null
2026-09-19T22:28:35.050Z n=0 act=0 days=0 best=2677 null
2026-09-19T22:29:35.162Z n=0 act=0 days=0 best=2677 null
2026-09-19T22:30:35.263Z n=0 act=0 days=0 best=2677 null
2026-09-19T22:31:35.379Z n=0 act=0 days=0 best=2677 null
2026-09-19T22:32:35.513Z n=0 act=0 days=0 best=2677 null
2026-09-19T22:33:35.617Z n=0 act=0 days=0 best=2677 null
2026-09-19T22:34:35.718Z n=0 act=0 days=0 best=2677 null
2026-09-19T22:35:35.911Z n=0 act=0 days=0 best=2677 null
2026-09-19T22:36:36.020Z n=0 act=0 days=0 best=2677 null
2026-09-19T22:37:36.124Z n=0 act=0 days=0 best=2677 null
2026-09-19T22:38:36.228Z n=0 act=0 days=0 best=2677 null
2026-09-19T22:39:36.379Z n=0 act=0 days=0 best=2677 null
2026-09-19T22:40:36.537Z n=0 act=0 days=0 best=2677 null
2026-09-19T22:41:36.771Z n=0 act=0 days=0 best=2677 null
2026-09-19T22:42:36.868Z n=0 act=0 days=0 best=2677 null
2026-09-19T22:43:36.972Z n=0 act=0 days=0 best=2677 null
2026-09-19T22:44:37.086Z n=0 act=0 days=0 best=2677 null
2026-09-19T22:45:37.245Z n=0 act=0 days=0 best=2677 null
2026-09-19T22:46:37.382Z n=0 act=0 days=0 best=2677 null
2026-09-19T22:47:37.501Z n=0 act=0 days=0 best=2677 null
2026-09-19T22:48:37.607Z n=0 act=0 days=0 best=2677 null
2026-09-19T22:49:37.709Z n=0 act=0 days=0 best=2677 null
2026-09-19T22:50:38.156Z n=0 act=0 days=0 best=2677 null
2026-09-19T22:51:38.289Z n=0 act=0 days=0 best=2677 null
2026-09-19T22:52:38.478Z n=0 act=0 days=0 best=2677 null
2026-09-19T22:53:38.586Z n=0 act=0 days=0 best=2677 null
2026-09-19T22:54:38.711Z n=0 act=0 days=0 best=2677 null
2026-09-19T22:55:38.869Z n=0 act=0 days=0 best=2677 null
2026-09-19T22:56:39.024Z n=0 act=0 days=0 best=2677 null
2026-09-19T22:57:39.123Z n=0 act=0 days=0 best=2677 null
2026-09-19T22:58:39.231Z n=0 act=0 days=0 best=2677 null
2026-09-19T22:59:39.344Z n=0 act=0 days=0 best=2677 null
2026-09-19T23:00:39.473Z n=0 act=0 days=0 best=2677 null
2026-09-19T23:01:39.580Z n=0 act=0 days=0 best=2677 null
2026-09-19T23:02:39.671Z n=0 act=0 days=0 best=2677 null
2026-09-19T23:03:39.790Z n=0 act=0 days=0 best=2677 null
2026-09-20T08:59:21.107Z n=0 act=0 days=0 best=2677 null
2026-09-20T09:00:24.886Z n=0 act=0 days=0 best=2677 null
2026-09-20T09:01:25.176Z n=0 act=0 days=0 best=2677 null
2026-09-20T09:02:25.252Z n=0 act=0 days=0 best=2677 null
2026-09-20T09:03:25.300Z n=0 act=0 days=0 best=2677 null
2026-09-20T09:04:25.394Z n=0 act=0 days=0 best=2677 null
2026-09-20T09:05:25.485Z n=0 act=0 days=0 best=2677 null
2026-09-20T09:06:25.617Z n=0 act=0 days=0 best=2677 null
2026-09-20T09:07:25.657Z n=0 act=0 days=0 best=2677 null
2026-09-20T09:08:25.728Z n=0 act=0 days=0 best=2677 null
2026-09-20T09:09:25.792Z n=0 act=0 days=0 best=2677 null
2026-09-20T09:10:25.881Z n=0 act=0 days=0 best=2677 null
2026-09-20T09:11:25.916Z n=0 act=0 days=0 best=2677 null
2026-09-20T09:12:26.026Z n=0 act=0 days=0 best=2677 null
2026-09-20T09:13:26.104Z n=0 act=0 days=0 best=2677 null
2026-09-20T09:14:26.239Z n=0 act=0 days=0 best=2677 null
2026-09-20T09:15:26.323Z n=0 act=0 days=0 best=2677 null
2026-09-20T09:16:26.404Z n=0 act=0 days=0 best=2677 null
2026-09-20T09:17:26.483Z n=0 act=0 days=0 best=2677 null
2026-09-20T09:18:26.543Z n=0 act=0 days=0 best=2677 null
2026-09-20T09:19:26.636Z n=0 act=0 days=0 best=2677 null
2026-09-20T09:20:26.718Z n=0 act=0 days=0 best=2677 null
2026-09-20T09:21:26.769Z n=0 act=0 days=0 best=2677 null
2026-09-20T09:22:26.819Z n=0 act=0 days=0 best=2677 null
2026-09-20T09:23:26.894Z n=0 act=0 days=0 best=2677 null
2026-09-20T09:24:27.004Z n=0 act=0 days=0 best=2677 null
2026-09-20T09:25:27.078Z n=0 act=0 days=0 best=2677 null
2026-09-20T09:26:27.148Z n=0 act=0 days=0 best=2677 null
2026-09-20T09:27:27.254Z n=0 act=0 days=0 best=2677 null
2026-09-20T09:28:27.343Z n=0 act=0 days=0 best=2677 null
2026-09-20T09:29:27.477Z n=0 act=0 days=0 best=2677 null
2026-09-20T09:30:27.556Z n=0 act=0 days=0 best=2677 null
2026-09-20T09:31:27.703Z n=0 act=0 days=0 best=2677 null
2026-09-20T09:32:31.897Z n=0 act=0 days=0 best=2677 null
2026-09-20T09:33:32.048Z n=0 act=0 days=0 best=2677 null
2026-09-20T09:34:32.137Z n=0 act=0 days=0 best=2677 null
2026-09-20T09:35:32.312Z n=0 act=0 days=0 best=2677 null
2026-09-20T09:36:32.374Z n=0 act=0 days=0 best=2677 null
2026-09-20T09:37:32.452Z n=0 act=0 days=0 best=2677 null
2026-09-20T09:38:32.513Z n=0 act=0 days=0 best=2677 null
2026-09-20T09:39:32.608Z n=0 act=0 days=0 best=2677 null
2026-09-20T09:40:32.686Z n=0 act=0 days=0 best=2677 null
2026-09-20T09:41:32.742Z n=0 act=0 days=0 best=2677 null
2026-09-20T09:42:32.816Z n=0 act=0 days=0 best=2677 null
2026-09-20T09:43:32.891Z n=0 act=0 days=0 best=2677 null
2026-09-20T09:44:32.961Z n=0 act=0 days=0 best=2677 null
2026-09-20T09:45:33.028Z n=0 act=0 days=0 best=2677 null
2026-09-20T09:46:33.113Z n=0 act=0 days=0 best=2677 null
2026-09-20T09:47:33.252Z n=0 act=0 days=0 best=2677 null
2026-09-20T09:48:33.310Z n=0 act=0 days=0 best=2677 null
2026-09-20T09:49:33.400Z n=0 act=0 days=0 best=2677 null
2026-09-20T09:50:33.447Z n=0 act=0 days=0 best=2677 null
2026-09-20T09:51:33.557Z n=0 act=0 days=0 best=2677 null
2026-09-20T09:52:33.696Z n=0 act=0 days=0 best=2677 null
2026-09-20T09:53:33.798Z n=0 act=0 days=0 best=2677 null
2026-09-20T09:54:33.862Z n=0 act=0 days=0 best=2677 null
2026-09-20T09:55:33.932Z n=0 act=0 days=0 best=2677 null
2026-09-20T09:56:34.031Z n=0 act=0 days=0 best=2677 null
2026-09-20T09:57:34.135Z n=0 act=0 days=0 best=2677 null
2026-09-20T09:58:34.196Z n=0 act=0 days=0 best=2677 null
2026-09-20T09:59:34.279Z n=0 act=0 days=0 best=2677 null
2026-09-20T10:00:34.358Z n=0 act=0 days=0 best=2677 null
2026-09-20T10:01:34.485Z n=0 act=0 days=0 best=2677 null
2026-09-20T10:02:34.553Z n=0 act=0 days=0 best=2677 null
2026-09-20T10:03:34.631Z n=0 act=0 days=0 best=2677 null
2026-09-20T10:04:34.685Z n=0 act=0 days=0 best=2677 null
2026-09-20T10:05:34.769Z n=0 act=0 days=0 best=2677 null
2026-09-20T10:06:34.812Z n=0 act=0 days=0 best=2677 null
2026-09-20T10:07:34.860Z n=0 act=0 days=0 best=2677 null
2026-09-20T10:08:34.964Z n=0 act=0 days=0 best=2677 null
2026-09-20T10:09:35.061Z n=0 act=0 days=0 best=2677 null
2026-09-20T10:10:35.146Z n=0 act=0 days=0 best=2677 null
2026-09-20T10:11:35.211Z n=0 act=0 days=0 best=2677 null
2026-09-20T10:12:35.257Z n=0 act=0 days=0 best=2677 null
2026-09-20T10:13:35.315Z n=0 act=0 days=0 best=2677 null
2026-09-20T10:14:35.365Z n=0 act=0 days=0 best=2677 null
2026-09-20T10:15:35.545Z n=0 act=0 days=0 best=2677 null
2026-09-20T10:16:35.631Z n=0 act=0 days=0 best=2677 null
2026-09-20T10:17:35.711Z n=0 act=0 days=0 best=2677 null
2026-09-20T10:18:35.814Z n=0 act=0 days=0 best=2677 null
2026-09-20T10:19:35.909Z n=0 act=0 days=0 best=2677 null
2026-09-20T10:20:36.002Z n=0 act=0 days=0 best=2677 null
2026-09-20T10:21:36.141Z n=0 act=0 days=0 best=2677 null
2026-09-20T10:22:36.211Z n=0 act=0 days=0 best=2677 null
2026-09-20T10:23:36.309Z n=0 act=0 days=0 best=2677 null
2026-09-20T10:24:36.391Z n=0 act=0 days=0 best=2677 null
2026-09-20T10:25:36.442Z n=0 act=0 days=0 best=2677 null
2026-09-20T10:26:36.528Z n=0 act=0 days=0 best=2677 null
2026-09-20T10:27:36.815Z n=0 act=0 days=0 best=2677 null
2026-09-20T10:28:36.901Z n=0 act=0 days=0 best=2677 null
2026-09-20T10:29:37.019Z n=0 act=0 days=0 best=2677 null
2026-09-20T10:30:37.057Z n=0 act=0 days=0 best=2677 null
2026-09-20T10:31:37.114Z n=0 act=0 days=0 best=2677 null
2026-09-20T10:32:37.195Z n=0 act=0 days=0 best=2677 null
2026-09-20T10:33:37.295Z n=0 act=0 days=0 best=2677 null
2026-09-20T10:34:38.088Z n=0 act=0 days=0 best=2677 null
2026-09-20T10:35:38.200Z n=0 act=0 days=0 best=2677 null
2026-09-20T10:36:38.366Z n=0 act=0 days=0 best=2677 null
2026-09-20T10:37:38.446Z n=0 act=0 days=0 best=2677 null
2026-09-20T10:38:38.517Z n=0 act=0 days=0 best=2677 null
2026-09-20T10:39:38.604Z n=0 act=0 days=0 best=2677 null
2026-09-20T10:40:38.663Z n=0 act=0 days=0 best=2677 null
2026-09-20T10:41:38.716Z n=0 act=0 days=0 best=2677 null
2026-09-20T10:42:38.792Z n=0 act=0 days=0 best=2677 null
2026-09-20T10:43:38.837Z n=0 act=0 days=0 best=2677 null
2026-09-20T10:44:38.899Z n=0 act=0 days=0 best=2677 null
2026-09-20T10:45:39.037Z n=0 act=0 days=0 best=2677 null
2026-09-20T10:46:39.073Z n=0 act=0 days=0 best=2677 null
2026-09-20T10:47:39.174Z n=0 act=0 days=0 best=2677 null
2026-09-20T10:48:39.273Z n=0 act=0 days=0 best=2677 null
2026-09-20T10:49:39.363Z n=0 act=0 days=0 best=2677 null
2026-09-20T10:50:39.453Z n=0 act=0 days=0 best=2677 null
2026-09-20T10:51:39.523Z n=0 act=0 days=0 best=2677 null
2026-09-20T10:52:39.601Z n=0 act=0 days=0 best=2677 null
2026-09-20T10:53:39.688Z n=0 act=0 days=0 best=2677 null
2026-09-20T10:54:39.747Z n=0 act=0 days=0 best=2677 null
2026-09-20T10:55:39.794Z n=0 act=0 days=0 best=2677 null
2026-09-20T10:56:39.895Z n=0 act=0 days=0 best=2677 null
2026-09-20T10:57:39.973Z n=0 act=0 days=0 best=2677 null
2026-09-20T10:58:40.023Z n=0 act=0 days=0 best=2677 null
2026-09-20T10:59:40.265Z n=0 act=0 days=0 best=2677 null
2026-09-20T11:00:40.392Z n=0 act=0 days=0 best=2677 null
2026-09-20T11:01:40.466Z n=0 act=0 days=0 best=2677 null
2026-09-20T11:02:40.542Z n=0 act=0 days=0 best=2677 null
2026-09-20T11:03:40.634Z n=0 act=0 days=0 best=2677 null
2026-09-20T11:04:40.748Z n=0 act=0 days=0 best=2677 null
2026-09-20T11:05:40.842Z n=0 act=0 days=0 best=2677 null
2026-09-20T11:06:40.894Z n=0 act=0 days=0 best=2677 null
2026-09-20T11:07:40.986Z n=0 act=0 days=0 best=2677 null
2026-09-20T11:08:41.043Z n=0 act=0 days=0 best=2677 null
2026-09-20T11:09:41.102Z n=0 act=0 days=0 best=2677 null
2026-09-20T11:10:41.152Z n=0 act=0 days=0 best=2677 null
2026-09-20T11:11:41.224Z n=0 act=0 days=0 best=2677 null
2026-09-20T11:12:41.299Z n=0 act=0 days=0 best=2677 null
2026-09-20T11:13:41.556Z n=0 act=0 days=0 best=2677 null
2026-09-20T11:14:41.667Z n=0 act=0 days=0 best=2677 null
2026-09-20T11:15:41.820Z n=0 act=0 days=0 best=2677 null
2026-09-20T11:16:41.931Z n=0 act=0 days=0 best=2677 null
2026-09-20T11:17:41.983Z n=0 act=0 days=0 best=2677 null
2026-09-20T11:18:42.072Z n=0 act=0 days=0 best=2677 null
2026-09-20T11:19:42.121Z n=0 act=0 days=0 best=2677 null
2026-09-20T11:20:42.246Z n=0 act=0 days=0 best=2677 null
2026-09-20T11:21:42.641Z n=0 act=0 days=0 best=2677 null
2026-09-20T11:22:42.708Z n=0 act=0 days=0 best=2677 null
2026-09-20T11:23:42.794Z n=0 act=0 days=0 best=2677 null
2026-09-20T11:24:43.030Z n=0 act=0 days=0 best=2677 null
2026-09-20T11:25:43.116Z n=0 act=0 days=0 best=2677 null
2026-09-20T11:26:43.254Z n=0 act=0 days=0 best=2677 null
2026-09-20T11:27:43.391Z n=0 act=0 days=0 best=2677 null
2026-09-20T11:28:43.854Z n=0 act=0 days=0 best=2677 null
2026-09-20T11:29:44.490Z n=0 act=0 days=0 best=2677 null
2026-09-20T11:30:44.791Z n=0 act=0 days=0 best=2677 null
2026-09-20T11:31:45.043Z n=0 act=0 days=0 best=2677 null
2026-09-20T11:32:45.277Z n=0 act=0 days=0 best=2677 null
2026-09-20T11:33:45.428Z n=0 act=0 days=0 best=2677 null
2026-09-20T11:34:45.564Z n=0 act=0 days=0 best=2677 null
2026-09-20T11:35:46.006Z n=0 act=0 days=0 best=2677 null
2026-09-20T11:36:46.361Z n=0 act=0 days=0 best=2677 null
2026-09-20T11:37:46.539Z n=0 act=0 days=0 best=2677 null
2026-09-20T11:38:46.676Z n=0 act=0 days=0 best=2677 null
2026-09-20T11:39:46.918Z n=0 act=0 days=0 best=2677 null
2026-09-20T11:40:47.775Z n=0 act=0 days=0 best=2677 null
2026-09-20T11:41:48.012Z n=0 act=0 days=0 best=2677 null
2026-09-20T11:42:48.221Z n=0 act=0 days=0 best=2677 null
2026-09-20T11:43:48.478Z n=0 act=0 days=0 best=2677 null
2026-09-20T11:44:48.604Z n=0 act=0 days=0 best=2677 null
2026-09-20T11:45:48.912Z n=0 act=0 days=0 best=2677 null
2026-09-20T11:46:49.178Z n=0 act=0 days=0 best=2677 null
2026-09-20T11:47:49.260Z n=0 act=0 days=0 best=2677 null
2026-09-20T11:48:49.452Z n=0 act=0 days=0 best=2677 null
2026-09-20T11:49:49.779Z n=0 act=0 days=0 best=2677 null
2026-09-20T11:50:50.040Z n=0 act=0 days=0 best=2677 null
2026-09-20T11:51:50.415Z n=0 act=0 days=0 best=2677 null
2026-09-20T11:52:50.722Z n=0 act=0 days=0 best=2677 null
2026-09-20T11:53:50.984Z n=0 act=0 days=0 best=2677 null
2026-09-20T11:54:51.188Z n=0 act=0 days=0 best=2677 null
2026-09-20T11:55:51.303Z n=0 act=0 days=0 best=2677 null
2026-09-20T11:56:51.586Z n=0 act=0 days=0 best=2677 null
2026-09-20T11:57:52.056Z n=0 act=0 days=0 best=2677 null
2026-09-20T11:58:52.307Z n=0 act=0 days=0 best=2677 null
2026-09-20T11:59:52.547Z n=0 act=0 days=0 best=2677 null
2026-09-20T12:00:53.411Z n=0 act=0 days=0 best=2677 null
2026-09-20T12:01:54.214Z n=0 act=0 days=0 best=2677 null
2026-09-20T12:02:54.915Z n=0 act=0 days=0 best=2677 null
2026-09-20T12:03:55.024Z n=0 act=0 days=0 best=2677 null
2026-09-20T12:04:55.467Z n=0 act=0 days=0 best=2677 null
2026-09-20T12:05:55.798Z n=0 act=0 days=0 best=2677 null
2026-09-20T12:06:56.890Z n=0 act=0 days=0 best=2677 null
2026-09-20T12:07:57.678Z n=0 act=0 days=0 best=2677 null
2026-09-20T12:08:57.930Z n=0 act=0 days=0 best=2677 null
2026-09-20T12:09:58.258Z n=0 act=0 days=0 best=2677 null
2026-09-20T12:10:58.793Z n=0 act=0 days=0 best=2677 null
2026-09-20T12:11:59.471Z n=0 act=0 days=0 best=2677 null
2026-09-20T12:13:00.682Z n=0 act=0 days=0 best=2677 null
2026-09-20T12:14:02.386Z n=0 act=0 days=0 best=2677 null
2026-09-20T12:15:05.630Z n=0 act=0 days=0 best=2677 null
2026-09-20T12:16:06.075Z n=0 act=0 days=0 best=2677 null
2026-09-20T12:17:07.259Z n=0 act=0 days=0 best=2677 null
2026-09-20T12:18:07.285Z ERROR no chart target
2026-09-20T12:19:07.299Z ERROR no chart target
2026-09-20T12:20:07.316Z ERROR no chart target
2026-09-20T12:21:07.331Z ERROR no chart target
2026-09-20T12:22:07.344Z ERROR no chart target
2026-09-20T12:23:07.361Z ERROR no chart target
2026-09-20T12:24:07.368Z ERROR no chart target
2026-09-20T12:25:07.379Z ERROR no chart target
2026-09-20T12:26:07.387Z ERROR no chart target
2026-09-20T12:27:07.406Z ERROR no chart target
2026-09-20T12:28:07.417Z ERROR no chart target
2026-09-20T12:29:07.431Z ERROR no chart target
2026-09-20T12:30:07.442Z ERROR no chart target
2026-09-20T12:31:07.464Z ERROR no chart target
2026-09-20T12:32:07.472Z ERROR no chart target
2026-09-20T12:33:07.486Z ERROR no chart target
2026-09-20T12:34:07.495Z ERROR no chart target
2026-09-20T12:35:07.515Z ERROR no chart target
2026-09-20T12:36:07.601Z ERROR no chart target
2026-09-20T12:37:07.622Z ERROR no chart target
2026-09-20T12:38:07.641Z ERROR no chart target
2026-09-20T12:39:07.660Z ERROR no chart target
2026-09-20T12:40:07.674Z ERROR no chart target
2026-09-20T12:41:07.684Z ERROR no chart target
2026-09-20T12:42:07.695Z ERROR no chart target
2026-09-20T12:43:07.716Z ERROR no chart target
2026-09-20T12:44:07.745Z ERROR no chart target
2026-09-20T12:45:07.778Z ERROR no chart target
2026-09-20T12:46:07.798Z ERROR no chart target
2026-09-20T12:47:07.815Z ERROR no chart target
2026-09-20T12:48:07.843Z ERROR no chart target
2026-09-20T12:49:07.855Z ERROR no chart target
2026-09-20T12:50:07.863Z ERROR no chart target
2026-09-20T12:51:07.881Z ERROR no chart target
2026-09-20T12:52:07.889Z ERROR no chart target
2026-09-20T12:53:07.900Z ERROR no chart target
2026-09-20T12:54:07.917Z ERROR no chart target
2026-09-20T12:55:08.031Z n=0 act=0 days=0 best=2677 null
2026-09-20T12:56:08.118Z n=0 act=0 days=0 best=2677 null
2026-09-20T12:57:08.169Z n=0 act=0 days=0 best=2677 null
2026-09-20T12:58:08.262Z n=0 act=0 days=0 best=2677 null
2026-09-20T12:59:08.307Z n=0 act=0 days=0 best=2677 null
2026-09-20T13:00:08.356Z n=0 act=0 days=0 best=2677 null
2026-09-20T13:01:08.449Z n=0 act=0 days=0 best=2677 null
2026-09-20T13:02:08.535Z n=0 act=0 days=0 best=2677 null
2026-09-20T13:03:08.641Z n=0 act=0 days=0 best=2677 null
2026-09-20T13:04:08.748Z n=0 act=0 days=0 best=2677 null
2026-09-20T13:05:08.835Z n=0 act=0 days=0 best=2677 null
2026-09-20T13:06:08.923Z n=0 act=0 days=0 best=2677 null
2026-09-20T13:07:09.008Z n=0 act=0 days=0 best=2677 null
2026-09-20T13:08:09.080Z n=0 act=0 days=0 best=2677 null
2026-09-20T13:09:09.141Z n=0 act=0 days=0 best=2677 null
2026-09-20T13:10:09.217Z n=0 act=0 days=0 best=2677 null
2026-09-20T13:11:09.287Z n=0 act=0 days=0 best=2677 null
2026-09-20T13:12:09.334Z n=0 act=0 days=0 best=2677 null
2026-09-20T13:13:09.382Z n=0 act=0 days=0 best=2677 null
2026-09-20T13:14:09.453Z n=0 act=0 days=0 best=2677 null
2026-09-20T13:15:09.543Z n=0 act=0 days=0 best=2677 null
2026-09-20T13:16:09.721Z n=0 act=0 days=0 best=2677 null
2026-09-20T13:17:09.771Z n=0 act=0 days=0 best=2677 null
2026-09-20T13:18:09.877Z n=0 act=0 days=0 best=2677 null
2026-09-20T13:19:09.933Z n=0 act=0 days=0 best=2677 null
2026-09-20T13:20:10.014Z n=0 act=0 days=0 best=2677 null
2026-09-20T13:21:10.152Z n=0 act=0 days=0 best=2677 null
2026-09-20T13:22:10.292Z n=0 act=0 days=0 best=2677 null
2026-09-20T13:23:10.369Z n=0 act=0 days=0 best=2677 null
2026-09-20T13:24:10.538Z n=0 act=0 days=0 best=2677 null
2026-09-20T13:25:10.653Z n=0 act=0 days=0 best=2677 null
2026-09-20T13:26:10.837Z n=0 act=0 days=0 best=2677 null
2026-09-20T13:27:10.973Z n=0 act=0 days=0 best=2677 null
2026-09-20T13:28:11.105Z n=0 act=0 days=0 best=2677 null
2026-09-20T13:29:11.346Z n=0 act=0 days=0 best=2677 null
2026-09-20T13:30:11.481Z n=0 act=0 days=0 best=2677 null
2026-09-20T13:31:11.566Z n=0 act=0 days=0 best=2677 null
2026-09-20T13:32:11.788Z n=0 act=0 days=0 best=2677 null
2026-09-20T13:33:12.026Z n=0 act=0 days=0 best=2677 null
2026-09-20T13:34:12.266Z n=0 act=0 days=0 best=2677 null
2026-09-20T13:35:12.378Z n=0 act=0 days=0 best=2677 null
2026-09-20T13:36:12.650Z n=0 act=0 days=0 best=2677 null
2026-09-20T13:37:12.853Z n=0 act=0 days=0 best=2677 null
2026-09-20T13:38:13.019Z n=0 act=0 days=0 best=2677 null
2026-09-20T13:39:13.160Z n=0 act=0 days=0 best=2677 null
2026-09-20T13:40:13.515Z n=0 act=0 days=0 best=2677 null
2026-09-20T13:41:13.628Z n=0 act=0 days=0 best=2677 null
2026-09-20T13:42:13.743Z n=0 act=0 days=0 best=2677 null
2026-09-20T13:43:13.936Z n=0 act=0 days=0 best=2677 null
2026-09-20T13:44:14.305Z n=0 act=0 days=0 best=2677 null
2026-09-20T13:45:14.437Z n=0 act=0 days=0 best=2677 null
2026-09-20T13:46:14.585Z n=0 act=0 days=0 best=2677 null
2026-09-20T13:47:14.830Z n=0 act=0 days=0 best=2677 null
2026-09-20T13:48:15.210Z n=0 act=0 days=0 best=2677 null
2026-09-20T13:49:15.582Z n=0 act=0 days=0 best=2677 null
2026-09-20T13:50:15.988Z n=0 act=0 days=0 best=2677 null
2026-09-20T13:51:16.407Z n=0 act=0 days=0 best=2677 null
2026-09-20T13:52:16.518Z n=0 act=0 days=0 best=2677 null
2026-09-20T13:53:16.601Z n=0 act=0 days=0 best=2677 null
2026-09-20T13:54:16.699Z n=0 act=0 days=0 best=2677 null
2026-09-20T13:55:16.822Z n=0 act=0 days=0 best=2677 null
2026-09-20T13:56:17.266Z n=0 act=0 days=0 best=2677 null
2026-09-20T13:57:17.335Z n=0 act=0 days=0 best=2677 null
2026-09-20T13:58:17.408Z n=0 act=0 days=0 best=2677 null
2026-09-20T13:59:17.509Z n=0 act=0 days=0 best=2677 null
2026-09-20T14:00:17.678Z n=0 act=0 days=0 best=2677 null
2026-09-20T14:01:17.785Z n=0 act=0 days=0 best=2677 null
2026-09-20T14:02:17.835Z n=0 act=0 days=0 best=2677 null
2026-09-20T14:03:17.877Z n=0 act=0 days=0 best=2677 null
2026-09-20T14:04:17.926Z n=0 act=0 days=0 best=2677 null
2026-09-20T14:05:18.015Z n=0 act=0 days=0 best=2677 null
2026-09-20T14:06:18.183Z n=0 act=0 days=0 best=2677 null
2026-09-20T14:07:18.523Z n=0 act=0 days=0 best=2677 null
2026-09-20T14:08:18.796Z n=0 act=0 days=0 best=2677 null
2026-09-20T14:09:19.334Z n=0 act=0 days=0 best=2677 null
2026-09-20T14:10:19.516Z n=0 act=0 days=0 best=2677 null
2026-09-20T14:11:19.877Z n=0 act=0 days=0 best=2677 null
2026-09-20T14:12:20.279Z n=0 act=0 days=0 best=2677 null
2026-09-20T14:13:20.614Z n=0 act=0 days=0 best=2677 null
2026-09-20T14:14:20.746Z n=0 act=0 days=0 best=2677 null
2026-09-20T14:15:21.157Z n=0 act=0 days=0 best=2677 null
2026-09-20T14:16:21.621Z n=0 act=0 days=0 best=2677 null
2026-09-20T14:17:21.890Z n=0 act=0 days=0 best=2677 null
2026-09-20T14:18:22.005Z n=0 act=0 days=0 best=2677 null
2026-09-20T14:19:22.488Z n=0 act=0 days=0 best=2677 null
2026-09-20T14:20:22.880Z n=0 act=0 days=0 best=2677 null
2026-09-20T14:21:23.226Z n=0 act=0 days=0 best=2677 null
2026-09-20T14:22:23.654Z n=0 act=0 days=0 best=2677 null
2026-09-20T14:23:24.072Z n=0 act=0 days=0 best=2677 null
2026-09-20T14:24:24.535Z n=0 act=0 days=0 best=2677 null
2026-09-20T14:25:25.861Z n=0 act=0 days=0 best=2677 null
2026-09-20T14:26:26.173Z n=0 act=0 days=0 best=2677 null
2026-09-20T14:27:26.564Z n=0 act=0 days=0 best=2677 null
2026-09-20T14:28:26.967Z n=0 act=0 days=0 best=2677 null
2026-09-20T14:29:27.579Z n=0 act=0 days=0 best=2677 null
2026-09-20T14:30:27.998Z n=0 act=0 days=0 best=2677 null
2026-09-20T14:31:28.387Z n=0 act=0 days=0 best=2677 null
2026-09-20T14:32:29.093Z n=0 act=0 days=0 best=2677 null
2026-09-20T14:33:29.463Z n=0 act=0 days=0 best=2677 null
2026-09-20T14:34:30.177Z n=0 act=0 days=0 best=2677 null
2026-09-20T14:35:30.375Z n=0 act=0 days=0 best=2677 null
2026-09-20T14:36:30.900Z n=0 act=0 days=0 best=2677 null
2026-09-20T14:37:31.105Z n=0 act=0 days=0 best=2677 null
2026-09-20T14:38:31.277Z n=0 act=0 days=0 best=2677 null
2026-09-20T14:39:31.934Z n=0 act=0 days=0 best=2677 null
2026-09-20T14:40:32.248Z n=0 act=0 days=0 best=2677 null
2026-09-20T14:41:32.385Z n=0 act=0 days=0 best=2677 null
2026-09-20T14:42:32.670Z n=0 act=0 days=0 best=2677 null
2026-09-20T14:43:32.875Z n=0 act=0 days=0 best=2677 null
2026-09-20T14:44:33.122Z n=0 act=0 days=0 best=2677 null
2026-09-20T14:45:34.010Z n=0 act=0 days=0 best=2677 null
2026-09-20T14:46:35.286Z n=0 act=0 days=0 best=2677 null
2026-09-20T14:47:35.460Z n=0 act=0 days=0 best=2677 null
2026-09-20T14:48:35.695Z n=0 act=0 days=0 best=2677 null
2026-09-20T14:49:36.469Z n=0 act=0 days=0 best=2677 null
2026-09-20T14:50:36.712Z n=0 act=0 days=0 best=2677 null
2026-09-20T14:51:37.299Z n=0 act=0 days=0 best=2677 null
2026-09-20T14:52:37.733Z n=0 act=0 days=0 best=2677 null
2026-09-20T14:53:38.392Z n=0 act=0 days=0 best=2677 null
2026-09-20T14:54:38.637Z n=0 act=0 days=0 best=2677 null
2026-09-20T14:55:40.045Z n=0 act=0 days=0 best=2677 null
2026-09-20T14:56:40.312Z n=0 act=0 days=0 best=2677 null
2026-09-20T14:57:41.593Z n=0 act=0 days=0 best=2677 null
2026-09-20T14:58:41.941Z n=0 act=0 days=0 best=2677 null
2026-09-20T14:59:42.766Z n=0 act=0 days=0 best=2677 null
2026-09-20T15:00:43.275Z n=0 act=0 days=0 best=2677 null
2026-09-20T15:01:44.810Z n=0 act=0 days=0 best=2677 null
2026-09-20T15:02:45.760Z n=0 act=0 days=0 best=2677 null
2026-09-20T15:03:46.532Z n=0 act=0 days=0 best=2677 null
2026-09-20T15:04:47.029Z n=0 act=0 days=0 best=2677 null
2026-09-20T15:05:47.762Z n=0 act=0 days=0 best=2677 null
2026-09-20T15:06:48.020Z n=0 act=0 days=0 best=2677 null
2026-09-20T15:07:48.785Z n=0 act=0 days=0 best=2677 null
2026-09-20T15:08:49.370Z n=0 act=0 days=0 best=2677 null
2026-09-20T15:09:49.804Z n=0 act=0 days=0 best=2677 null
2026-09-20T15:10:50.524Z n=0 act=0 days=0 best=2677 null
2026-09-20T15:11:51.773Z n=0 act=0 days=0 best=2677 null
2026-09-20T15:12:51.924Z n=0 act=0 days=0 best=2677 null
2026-09-20T15:13:52.177Z n=0 act=0 days=0 best=2677 null
2026-09-20T15:14:52.888Z n=0 act=0 days=0 best=2677 null
2026-09-20T15:15:54.495Z n=0 act=0 days=0 best=2677 null
2026-09-20T15:16:55.096Z n=0 act=0 days=0 best=2677 null
2026-09-20T15:17:55.216Z n=0 act=0 days=0 best=2677 null
2026-09-20T15:18:55.349Z n=0 act=0 days=0 best=2677 null
2026-09-20T15:19:55.445Z n=0 act=0 days=0 best=2677 null
2026-09-20T15:20:55.481Z n=0 act=0 days=0 best=2677 null
2026-09-20T15:21:55.550Z n=0 act=0 days=0 best=2677 null
2026-09-20T15:22:55.632Z n=0 act=0 days=0 best=2677 null
2026-09-20T15:23:55.750Z n=0 act=0 days=0 best=2677 null
2026-09-20T15:24:55.820Z n=0 act=0 days=0 best=2677 null
2026-09-20T15:25:55.900Z n=0 act=0 days=0 best=2677 null
2026-09-20T15:26:56.022Z n=0 act=0 days=0 best=2677 null
2026-09-20T15:27:56.120Z n=0 act=0 days=0 best=2677 null
2026-09-20T15:28:56.198Z n=0 act=0 days=0 best=2677 null
2026-09-20T15:29:56.223Z n=0 act=0 days=0 best=2677 null
2026-09-20T15:30:56.329Z n=0 act=0 days=0 best=2677 null
2026-09-20T15:31:56.419Z n=0 act=0 days=0 best=2677 null
2026-09-20T15:32:56.492Z n=0 act=0 days=0 best=2677 null
2026-09-20T15:33:56.562Z n=0 act=0 days=0 best=2677 null
2026-09-20T15:34:56.659Z n=0 act=0 days=0 best=2677 null
2026-09-20T15:35:56.698Z n=0 act=0 days=0 best=2677 null
2026-09-20T15:36:56.761Z n=0 act=0 days=0 best=2677 null
2026-09-20T15:37:56.802Z n=0 act=0 days=0 best=2677 null
2026-09-20T15:38:56.899Z n=0 act=0 days=0 best=2677 null
2026-09-20T15:39:56.949Z n=0 act=0 days=0 best=2677 null
2026-09-20T15:40:57.009Z n=0 act=0 days=0 best=2677 null
2026-09-20T15:41:57.059Z n=0 act=0 days=0 best=2677 null
2026-09-20T15:42:57.092Z n=0 act=0 days=0 best=2677 null
2026-09-20T15:43:57.139Z n=0 act=0 days=0 best=2677 null
2026-09-20T15:44:57.177Z n=0 act=0 days=0 best=2677 null
2026-09-20T15:45:57.209Z n=0 act=0 days=0 best=2677 null
2026-09-20T15:46:57.281Z n=0 act=0 days=0 best=2677 null
2026-09-20T15:47:57.355Z n=0 act=0 days=0 best=2677 null
2026-09-20T15:48:57.465Z n=0 act=0 days=0 best=2677 null
2026-09-20T15:49:57.519Z n=0 act=0 days=0 best=2677 null
2026-09-20T15:50:57.553Z n=0 act=0 days=0 best=2677 null
2026-09-20T15:51:57.629Z n=0 act=0 days=0 best=2677 null
2026-09-20T15:52:57.713Z n=0 act=0 days=0 best=2677 null
2026-09-20T15:53:57.795Z n=0 act=0 days=0 best=2677 null
2026-09-20T15:54:57.850Z n=0 act=0 days=0 best=2677 null
2026-09-20T15:55:57.883Z n=0 act=0 days=0 best=2677 null
2026-09-20T15:56:57.929Z n=0 act=0 days=0 best=2677 null
2026-09-20T15:57:57.991Z n=0 act=0 days=0 best=2677 null
2026-09-20T15:58:58.036Z n=0 act=0 days=0 best=2677 null
2026-09-20T15:59:58.079Z n=0 act=0 days=0 best=2677 null
2026-09-20T16:00:58.209Z n=0 act=0 days=0 best=2677 null
2026-09-20T16:01:58.259Z n=0 act=0 days=0 best=2677 null
2026-09-20T16:02:58.311Z n=0 act=0 days=0 best=2677 null
2026-09-20T16:03:58.394Z n=0 act=0 days=0 best=2677 null
2026-09-20T16:04:58.497Z n=0 act=0 days=0 best=2677 null
2026-09-20T16:05:58.561Z n=0 act=0 days=0 best=2677 null
2026-09-20T16:06:58.612Z n=0 act=0 days=0 best=2677 null
2026-09-20T16:07:58.700Z n=0 act=0 days=0 best=2677 null
2026-09-20T16:08:58.797Z n=0 act=0 days=0 best=2677 null
2026-09-20T16:09:58.889Z n=0 act=0 days=0 best=2677 null
2026-09-20T16:10:58.974Z n=0 act=0 days=0 best=2677 null
2026-09-20T16:11:59.040Z n=0 act=0 days=0 best=2677 null
2026-09-20T16:12:59.100Z n=0 act=0 days=0 best=2677 null
2026-09-20T16:13:59.149Z n=0 act=0 days=0 best=2677 null
2026-09-20T16:14:59.188Z n=0 act=0 days=0 best=2677 null
2026-09-20T16:15:59.267Z n=0 act=0 days=0 best=2677 null
2026-09-20T16:16:59.346Z n=0 act=0 days=0 best=2677 null
2026-09-20T16:17:59.415Z n=0 act=0 days=0 best=2677 null
2026-09-20T16:18:59.541Z n=0 act=0 days=0 best=2677 null
2026-09-20T16:19:59.623Z n=0 act=0 days=0 best=2677 null
2026-09-20T16:20:59.683Z n=0 act=0 days=0 best=2677 null
2026-09-20T16:21:59.755Z n=0 act=0 days=0 best=2677 null
2026-09-20T16:22:59.836Z n=0 act=0 days=0 best=2677 null
2026-09-20T16:23:59.899Z n=0 act=0 days=0 best=2677 null
2026-09-20T16:24:59.995Z n=0 act=0 days=0 best=2677 null
2026-09-20T16:26:00.093Z n=0 act=0 days=0 best=2677 null
2026-09-20T16:27:00.138Z n=0 act=0 days=0 best=2677 null
2026-09-20T16:28:00.190Z n=0 act=0 days=0 best=2677 null
2026-09-20T16:29:00.227Z n=0 act=0 days=0 best=2677 null
2026-09-20T16:30:00.295Z n=0 act=0 days=0 best=2677 null
2026-09-20T16:31:00.403Z n=0 act=0 days=0 best=2677 null
2026-09-20T16:32:00.532Z n=0 act=0 days=0 best=2677 null
2026-09-20T16:33:00.639Z n=0 act=0 days=0 best=2677 null
2026-09-20T16:34:00.718Z n=0 act=0 days=0 best=2677 null
2026-09-20T16:35:00.801Z n=0 act=0 days=0 best=2677 null
2026-09-20T16:36:00.857Z n=0 act=0 days=0 best=2677 null
2026-09-20T16:37:00.932Z n=0 act=0 days=0 best=2677 null
2026-09-20T16:38:01.030Z n=0 act=0 days=0 best=2677 null
2026-09-20T16:39:01.074Z n=0 act=0 days=0 best=2677 null
2026-09-20T16:40:01.133Z n=0 act=0 days=0 best=2677 null
2026-09-20T16:41:01.292Z n=0 act=0 days=0 best=2677 null
2026-09-20T16:42:01.405Z n=0 act=0 days=0 best=2677 null
2026-09-20T16:43:01.484Z n=0 act=0 days=0 best=2677 null
2026-09-20T16:44:01.538Z n=0 act=0 days=0 best=2677 null
2026-09-20T16:45:01.624Z n=0 act=0 days=0 best=2677 null
2026-09-20T16:46:01.690Z n=0 act=0 days=0 best=2677 null
2026-09-20T16:47:01.762Z n=0 act=0 days=0 best=2677 null
2026-09-20T16:48:01.850Z n=0 act=0 days=0 best=2677 null
2026-09-20T16:49:01.974Z n=0 act=0 days=0 best=2677 null
2026-09-20T16:50:02.041Z n=0 act=0 days=0 best=2677 null
2026-09-20T16:51:02.083Z n=0 act=0 days=0 best=2677 null
2026-09-20T16:52:02.205Z n=0 act=0 days=0 best=2677 null
2026-09-20T16:53:02.329Z n=0 act=0 days=0 best=2677 null
2026-09-20T16:54:02.391Z n=0 act=0 days=0 best=2677 null
2026-09-20T16:55:02.481Z n=0 act=0 days=0 best=2677 null
2026-09-20T16:56:02.530Z n=0 act=0 days=0 best=2677 null
2026-09-20T16:57:02.636Z n=0 act=0 days=0 best=2677 null
2026-09-20T16:58:02.781Z n=0 act=0 days=0 best=2677 null
2026-09-20T16:59:02.852Z n=0 act=0 days=0 best=2677 null
2026-09-20T17:00:02.906Z n=0 act=0 days=0 best=2677 null
2026-09-20T17:01:03.051Z n=0 act=0 days=0 best=2677 null
2026-09-20T17:02:03.110Z n=0 act=0 days=0 best=2677 null
2026-09-20T17:03:03.180Z n=0 act=0 days=0 best=2677 null
2026-09-20T17:04:03.230Z n=0 act=0 days=0 best=2677 null
2026-09-20T17:05:03.320Z n=0 act=0 days=0 best=2677 null
2026-09-20T17:06:03.424Z n=0 act=0 days=0 best=2677 null
2026-09-20T17:07:03.561Z n=0 act=0 days=0 best=2677 null
2026-09-20T17:08:03.651Z n=0 act=0 days=0 best=2677 null
2026-09-20T17:09:03.688Z n=0 act=0 days=0 best=2677 null
2026-09-20T17:10:03.795Z n=0 act=0 days=0 best=2677 null
2026-09-20T17:11:03.868Z n=0 act=0 days=0 best=2677 null
2026-09-20T17:12:03.961Z n=0 act=0 days=0 best=2677 null
2026-09-20T17:13:04.018Z n=0 act=0 days=0 best=2677 null
2026-09-20T17:14:04.104Z n=0 act=0 days=0 best=2677 null
2026-09-20T17:15:04.185Z n=0 act=0 days=0 best=2677 null
2026-09-20T17:16:04.327Z n=0 act=0 days=0 best=2677 null
2026-09-20T17:17:04.471Z n=0 act=0 days=0 best=2677 null
2026-09-20T17:18:04.552Z n=0 act=0 days=0 best=2677 null
2026-09-20T17:19:04.644Z n=0 act=0 days=0 best=2677 null
2026-09-20T17:20:04.734Z n=0 act=0 days=0 best=2677 null
2026-09-20T17:21:04.813Z n=0 act=0 days=0 best=2677 null
2026-09-20T17:22:04.885Z n=0 act=0 days=0 best=2677 null
2026-09-20T17:23:04.970Z n=0 act=0 days=0 best=2677 null
2026-09-20T17:24:05.042Z n=0 act=0 days=0 best=2677 null
2026-09-20T17:25:05.154Z n=0 act=0 days=0 best=2677 null
2026-09-20T17:26:05.224Z n=0 act=0 days=0 best=2677 null
2026-09-20T17:27:05.322Z n=0 act=0 days=0 best=2677 null
2026-09-20T17:28:05.428Z n=0 act=0 days=0 best=2677 null
2026-09-20T17:29:05.475Z n=0 act=0 days=0 best=2677 null
2026-09-20T17:30:05.562Z n=0 act=0 days=0 best=2677 null
2026-09-20T17:31:05.661Z n=0 act=0 days=0 best=2677 null
2026-09-20T17:32:05.748Z n=0 act=0 days=0 best=2677 null
2026-09-20T17:33:05.811Z n=0 act=0 days=0 best=2677 null
2026-09-20T17:34:05.854Z n=0 act=0 days=0 best=2677 null
2026-09-20T17:35:05.977Z n=0 act=0 days=0 best=2677 null
2026-09-20T17:36:06.078Z n=0 act=0 days=0 best=2677 null
2026-09-20T17:37:06.203Z n=0 act=0 days=0 best=2677 null
2026-09-20T17:38:06.319Z n=0 act=0 days=0 best=2677 null
2026-09-20T17:39:06.417Z n=0 act=0 days=0 best=2677 null
2026-09-20T17:40:06.528Z n=0 act=0 days=0 best=2677 null
2026-09-20T17:41:06.610Z n=0 act=0 days=0 best=2677 null
2026-09-20T17:42:06.717Z n=0 act=0 days=0 best=2677 null
2026-09-20T17:43:06.817Z n=0 act=0 days=0 best=2677 null
2026-09-20T17:44:06.883Z n=0 act=0 days=0 best=2677 null
2026-09-20T17:45:06.931Z n=0 act=0 days=0 best=2677 null
2026-09-20T17:46:06.987Z n=0 act=0 days=0 best=2677 null
2026-09-20T17:47:07.061Z n=0 act=0 days=0 best=2677 null
2026-09-20T17:48:07.181Z n=0 act=0 days=0 best=2677 null
2026-09-20T17:49:07.228Z n=0 act=0 days=0 best=2677 null
2026-09-20T17:50:07.307Z n=0 act=0 days=0 best=2677 null
2026-09-20T17:51:07.396Z n=0 act=0 days=0 best=2677 null
2026-09-20T17:52:07.481Z n=0 act=0 days=0 best=2677 null
2026-09-20T17:53:07.551Z n=0 act=0 days=0 best=2677 null
2026-09-20T17:54:07.617Z n=0 act=0 days=0 best=2677 null
2026-09-20T17:55:07.721Z n=0 act=0 days=0 best=2677 null
2026-09-20T17:56:07.776Z n=0 act=0 days=0 best=2677 null
2026-09-20T17:57:07.820Z n=0 act=0 days=0 best=2677 null
2026-09-20T17:58:07.875Z n=0 act=0 days=0 best=2677 null
2026-09-20T17:59:07.941Z n=0 act=0 days=0 best=2677 null
2026-09-20T18:00:07.984Z n=0 act=0 days=0 best=2677 null
2026-09-20T18:01:08.024Z n=0 act=0 days=0 best=2677 null
2026-09-20T18:02:08.107Z n=0 act=0 days=0 best=2677 null
2026-09-20T18:03:08.164Z n=0 act=0 days=0 best=2677 null
2026-09-20T18:04:08.253Z n=0 act=0 days=0 best=2677 null
2026-09-20T18:05:08.318Z n=0 act=0 days=0 best=2677 null
2026-09-20T18:06:08.358Z n=0 act=0 days=0 best=2677 null
2026-09-20T18:07:08.408Z n=0 act=0 days=0 best=2677 null
2026-09-20T18:08:08.455Z n=0 act=0 days=0 best=2677 null
2026-09-20T18:09:08.483Z n=0 act=0 days=0 best=2677 null
2026-09-20T18:10:08.514Z n=0 act=0 days=0 best=2677 null
2026-09-20T18:11:08.570Z n=0 act=0 days=0 best=2677 null
2026-09-20T18:12:08.614Z n=0 act=0 days=0 best=2677 null
2026-09-20T18:13:08.649Z n=0 act=0 days=0 best=2677 null
2026-09-20T18:14:08.742Z n=0 act=0 days=0 best=2677 null
2026-09-20T18:15:08.831Z n=0 act=0 days=0 best=2677 null
2026-09-20T18:16:08.914Z n=0 act=0 days=0 best=2677 null
2026-09-20T18:17:08.969Z n=0 act=0 days=0 best=2677 null
2026-09-20T18:18:09.059Z n=0 act=0 days=0 best=2677 null
2026-09-20T18:19:09.172Z n=0 act=0 days=0 best=2677 null
2026-09-20T18:20:09.232Z n=0 act=0 days=0 best=2677 null
2026-09-20T18:21:09.319Z n=0 act=0 days=0 best=2677 null
2026-09-20T18:22:09.390Z n=0 act=0 days=0 best=2677 null
2026-09-20T18:23:09.499Z n=0 act=0 days=0 best=2677 null
2026-09-20T18:24:09.607Z n=0 act=0 days=0 best=2677 null
2026-09-20T18:25:09.719Z n=0 act=0 days=0 best=2677 null
2026-09-20T18:26:09.823Z n=0 act=0 days=0 best=2677 null
2026-09-20T18:27:09.867Z n=0 act=0 days=0 best=2677 null
2026-09-20T18:28:09.972Z n=0 act=0 days=0 best=2677 null
2026-09-20T18:29:10.080Z n=0 act=0 days=0 best=2677 null
2026-09-20T18:30:10.146Z n=0 act=0 days=0 best=2677 null
2026-09-20T18:31:10.213Z n=0 act=0 days=0 best=2677 null
2026-09-20T18:32:10.297Z n=0 act=0 days=0 best=2677 null
2026-09-20T18:33:10.338Z n=0 act=0 days=0 best=2677 null
2026-09-20T18:34:10.385Z n=0 act=0 days=0 best=2677 null
2026-09-20T18:35:10.459Z n=0 act=0 days=0 best=2677 null
2026-09-20T18:36:10.529Z n=0 act=0 days=0 best=2677 null
2026-09-20T18:37:10.620Z n=0 act=0 days=0 best=2677 null
2026-09-20T18:38:10.663Z n=0 act=0 days=0 best=2677 null
2026-09-20T18:39:10.774Z n=0 act=0 days=0 best=2677 null
2026-09-20T18:40:10.862Z n=0 act=0 days=0 best=2677 null
2026-09-20T18:41:10.933Z n=0 act=0 days=0 best=2677 null
2026-09-20T18:42:11.038Z n=0 act=0 days=0 best=2677 null
2026-09-20T18:43:11.132Z n=0 act=0 days=0 best=2677 null
2026-09-20T18:44:11.206Z n=0 act=0 days=0 best=2677 null
2026-09-20T18:45:11.318Z n=0 act=0 days=0 best=2677 null
2026-09-20T18:46:11.426Z n=0 act=0 days=0 best=2677 null
2026-09-20T18:47:11.497Z n=0 act=0 days=0 best=2677 null
2026-09-20T18:48:11.580Z n=0 act=0 days=0 best=2677 null
2026-09-20T18:49:11.658Z n=0 act=0 days=0 best=2677 null
2026-09-20T18:50:11.737Z n=0 act=0 days=0 best=2677 null
2026-09-20T18:51:11.803Z n=0 act=0 days=0 best=2677 null
2026-09-20T18:52:11.947Z n=0 act=0 days=0 best=2677 null
2026-09-20T18:53:12.074Z n=0 act=0 days=0 best=2677 null
2026-09-20T18:54:12.148Z n=0 act=0 days=0 best=2677 null
2026-09-20T18:55:12.259Z n=0 act=0 days=0 best=2677 null
2026-09-20T18:56:12.325Z n=0 act=0 days=0 best=2677 null
2026-09-20T18:57:12.439Z n=0 act=0 days=0 best=2677 null
2026-09-20T18:58:12.503Z n=0 act=0 days=0 best=2677 null
2026-09-20T18:59:12.538Z n=0 act=0 days=0 best=2677 null
2026-09-20T19:00:12.698Z n=0 act=0 days=0 best=2677 null
2026-09-20T19:01:12.834Z n=0 act=0 days=0 best=2677 null
2026-09-20T19:02:12.929Z n=0 act=0 days=0 best=2677 null
2026-09-20T19:03:12.965Z n=0 act=0 days=0 best=2677 null
2026-09-20T19:04:13.029Z n=0 act=0 days=0 best=2677 null
2026-09-20T19:05:13.142Z n=0 act=0 days=0 best=2677 null
2026-09-20T19:06:13.241Z n=0 act=0 days=0 best=2677 null
2026-09-20T19:07:13.294Z n=0 act=0 days=0 best=2677 null
2026-09-20T19:08:13.379Z n=0 act=0 days=0 best=2677 null
2026-09-20T19:09:13.551Z n=0 act=0 days=0 best=2677 null
2026-09-20T19:10:13.714Z n=0 act=0 days=0 best=2677 null
2026-09-20T19:11:13.842Z n=0 act=0 days=0 best=2677 null
2026-09-20T19:12:13.962Z n=0 act=0 days=0 best=2677 null
2026-09-20T19:13:14.136Z n=0 act=0 days=0 best=2677 null
2026-09-20T19:14:14.200Z n=0 act=0 days=0 best=2677 null
2026-09-20T19:15:14.311Z n=0 act=0 days=0 best=2677 null
2026-09-20T19:16:14.388Z n=0 act=0 days=0 best=2677 null
2026-09-20T19:17:14.447Z n=0 act=0 days=0 best=2677 null
2026-09-20T19:18:14.523Z n=0 act=0 days=0 best=2677 null
2026-09-20T19:19:14.679Z n=0 act=0 days=0 best=2677 null
2026-09-20T19:20:14.824Z n=0 act=0 days=0 best=2677 null
2026-09-20T19:21:14.912Z n=0 act=0 days=0 best=2677 null
2026-09-20T19:22:15.002Z n=0 act=0 days=0 best=2677 null
2026-09-20T19:23:15.098Z n=0 act=0 days=0 best=2677 null
2026-09-20T19:24:15.189Z n=0 act=0 days=0 best=2677 null
2026-09-20T19:25:15.270Z n=0 act=0 days=0 best=2677 null
2026-09-20T19:26:15.332Z n=0 act=0 days=0 best=2677 null
2026-09-20T19:27:15.618Z n=0 act=0 days=0 best=2677 null
2026-09-20T19:28:15.776Z n=0 act=0 days=0 best=2677 null
2026-09-20T19:29:15.867Z n=0 act=0 days=0 best=2677 null
2026-09-20T19:30:15.962Z n=0 act=0 days=0 best=2677 null
2026-09-20T19:31:16.105Z n=0 act=0 days=0 best=2677 null
2026-09-20T19:32:16.203Z n=0 act=0 days=0 best=2677 null
2026-09-20T19:33:16.245Z n=0 act=0 days=0 best=2677 null
2026-09-20T19:34:16.396Z n=0 act=0 days=0 best=2677 null
2026-09-20T19:35:16.495Z n=0 act=0 days=0 best=2677 null
2026-09-20T19:36:16.590Z n=0 act=0 days=0 best=2677 null
2026-09-20T19:37:16.762Z n=0 act=0 days=0 best=2677 null
2026-09-20T19:38:16.832Z n=0 act=0 days=0 best=2677 null
2026-09-20T19:39:16.956Z n=0 act=0 days=0 best=2677 null
2026-09-20T19:40:17.057Z n=0 act=0 days=0 best=2677 null
2026-09-20T19:41:17.103Z n=0 act=0 days=0 best=2677 null
2026-09-20T19:42:17.169Z n=0 act=0 days=0 best=2677 null
2026-09-20T19:43:17.234Z n=0 act=0 days=0 best=2677 null
2026-09-20T19:44:17.304Z n=0 act=0 days=0 best=2677 null
2026-09-20T19:45:17.380Z n=0 act=0 days=0 best=2677 null
2026-09-20T19:46:17.471Z n=0 act=0 days=0 best=2677 null
2026-09-20T19:47:17.503Z n=0 act=0 days=0 best=2677 null
2026-09-20T19:48:17.615Z n=0 act=0 days=0 best=2677 null
2026-09-20T19:49:17.663Z n=0 act=0 days=0 best=2677 null
2026-09-20T19:50:17.750Z n=0 act=0 days=0 best=2677 null
2026-09-20T19:51:17.810Z n=0 act=0 days=0 best=2677 null
2026-09-20T19:52:17.904Z n=0 act=0 days=0 best=2677 null
2026-09-20T19:53:17.969Z n=0 act=0 days=0 best=2677 null
2026-09-20T19:54:18.005Z n=0 act=0 days=0 best=2677 null
2026-09-20T19:55:18.050Z n=0 act=0 days=0 best=2677 null
2026-09-20T19:56:18.157Z n=0 act=0 days=0 best=2677 null
2026-09-20T19:57:18.225Z n=0 act=0 days=0 best=2677 null
2026-09-20T19:58:18.287Z n=0 act=0 days=0 best=2677 null
2026-09-20T19:59:18.339Z n=0 act=0 days=0 best=2677 null
2026-09-20T20:00:18.403Z n=0 act=0 days=0 best=2677 null
2026-09-20T20:01:18.441Z n=0 act=0 days=0 best=2677 null
2026-09-20T20:02:18.496Z n=0 act=0 days=0 best=2677 null
2026-09-20T20:03:18.571Z n=0 act=0 days=0 best=2677 null
2026-09-20T20:04:18.599Z n=0 act=0 days=0 best=2677 null
2026-09-20T20:05:18.772Z n=0 act=0 days=0 best=2677 null
2026-09-20T20:06:18.826Z n=0 act=0 days=0 best=2677 null
2026-09-20T20:07:18.932Z n=0 act=0 days=0 best=2677 null
2026-09-20T20:08:19.178Z n=0 act=0 days=0 best=2677 null
2026-09-20T20:09:19.306Z n=0 act=0 days=0 best=2677 null
2026-09-20T20:10:19.396Z n=0 act=0 days=0 best=2677 null
2026-09-20T20:11:19.475Z n=0 act=0 days=0 best=2677 null
2026-09-20T20:12:19.541Z n=0 act=0 days=0 best=2677 null
2026-09-20T20:13:19.701Z n=0 act=0 days=0 best=2677 null
2026-09-20T20:14:19.767Z n=0 act=0 days=0 best=2677 null
2026-09-20T20:15:19.839Z n=0 act=0 days=0 best=2677 null
2026-09-20T20:16:19.947Z n=0 act=0 days=0 best=2677 null
2026-09-20T20:17:20.006Z n=0 act=0 days=0 best=2677 null
2026-09-20T20:18:20.052Z n=0 act=0 days=0 best=2677 null
2026-09-20T20:19:20.161Z n=0 act=0 days=0 best=2677 null
2026-09-20T20:20:20.233Z n=0 act=0 days=0 best=2677 null
2026-09-20T20:21:20.325Z n=0 act=0 days=0 best=2677 null
2026-09-20T20:22:20.385Z n=0 act=0 days=0 best=2677 null
2026-09-20T20:23:20.475Z n=0 act=0 days=0 best=2677 null
2026-09-20T20:24:20.522Z n=0 act=0 days=0 best=2677 null
2026-09-20T20:25:20.568Z n=0 act=0 days=0 best=2677 null
2026-09-20T20:26:20.602Z n=0 act=0 days=0 best=2677 null
2026-09-20T20:27:20.685Z n=0 act=0 days=0 best=2677 null
2026-09-20T20:28:20.840Z n=0 act=0 days=0 best=2677 null
2026-09-20T20:29:20.969Z n=0 act=0 days=0 best=2677 null
2026-09-20T20:30:21.047Z n=0 act=0 days=0 best=2677 null
2026-09-20T20:31:21.166Z n=0 act=0 days=0 best=2677 null
2026-09-20T20:32:21.299Z n=0 act=0 days=0 best=2677 null
2026-09-20T20:33:21.429Z n=0 act=0 days=0 best=2677 null
2026-09-20T20:34:21.522Z n=0 act=0 days=0 best=2677 null
